panel,n,m,seed,generator,generator_alpha,generator_sigma,data_scale,prefilter_relative_gap,screen_relative_gap,screen_absolute_gap,method,status,value,lower_bound,upper_bound,exact_value,upper_gap,lower_gap,relative_upper_gap,relative_lower_gap,runtime,rank1_residual,relative_rank1_residual,pd_gap,relative_pd_gap,shor_gap,relative_shor_gap,x_trace,y_trace,max_skew_violation,fro_skew_violation,relative_max_skew_violation,relative_fro_skew_violation,lazy_cut_strategy,n_cuts,n_iters,n_rounds,full_constraint_count,oracle_solves,dual_bracket_gap,relative_dual_bracket_gap,oracle_margin,gurobi_time_limit,gurobi_mip_gap,gurobi_sol_count,rank1_repairs,rank1_residual_initial_max
square,2,2,2,correlated-top,3.0,0.1,3.15093804288851,0.01,0.1782095733570239,0.24665638007666857,Shor,Optimal,-1.3840804140331944,-1.3840804140331944,-0.8753736734639386,-1.137424031666988,0.26205035820304934,0.24665638236620646,0.23038932790877745,0.17820957501121817,0.0010050409473478794,1.2736604500996882,0.5936107639945868,1.360614954037942e-09,9.830461729265612e-10,0.24665638236620646,0.17820957501121817,1.0000000025537858,1.0000000029351308,,,,,,,,,,,,,,,,,,
square,2,2,2,correlated-top,3.0,0.1,3.15093804288851,0.01,0.1782095733570239,0.24665638007666857,Full SEP,SolutionStatus.Optimal,-1.137424031666988,-1.1374240323043703,-1.137424031666988,-1.137424031666988,0.0,6.373823691063762e-10,0.0,5.603735730948712e-10,0.0014409171417355537,1.0213452039745712e-07,1.0213452039745712e-07,6.373823691063762e-10,5.603735730948712e-10,,,,,,,,,,,,,,,,,,,,,,
square,2,2,2,correlated-top,3.0,0.1,3.15093804288851,0.01,0.1782095733570239,0.24665638007666857,Dual LOP/TRS,OPTIMAL,-1.1374240339565258,-1.1374240995277936,-1.1374240339565258,-1.137424031666988,-2.2895378926079957e-09,6.786080564147312e-08,2.0129149941063276e-09,5.966183209028701e-08,0.01841433299705386,2.0235906188839262e-08,2.0235906188839262e-08,,,,,,,,,,,,,,,,23,8.250726437619704e-07,7.2538698986992e-07,-7.595013759298386e-07,,,,0,5.0813547831645474e-08
square,2,2,2,correlated-top,3.0,0.1,3.15093804288851,0.01,0.1782095733570239,0.24665638007666857,Gurobi,OPTIMAL,-1.1374241007597266,-1.1374245482100895,-1.1374241007597266,-1.137424031666988,-6.909273864152965e-08,5.165431016251887e-07,6.07449223164694e-08,4.541339488742772e-07,0.41936558298766613,,,,,,,,,,,,,,,,,,,,,,5.0,3.93389205209201e-07,6,,
square,2,2,2,correlated-top,3.0,0.1,3.15093804288851,0.01,0.1782095733570239,0.24665638007666857,Lazy SEP,Optimal,-1.1374240316670758,-1.1374240323044282,-1.1374240316670758,-1.137424031666988,-8.79296635503124e-14,6.374403227482617e-10,7.73059660269684e-14,5.60424524754241e-10,0.007104958000127226,1.0213465423382072e-07,1.0213465423382072e-07,6.373523930847114e-10,5.603472187882574e-10,,,,,6.494804694057166e-15,6.494804694057166e-15,6.494804694057166e-15,6.494804694057166e-15,coordinate,1,2,2,1,,,,,,,,,
square,2,2,3,correlated-top,3.0,0.1,3.1124126930595697,0.01,0.285226722374792,0.43681740867244945,Shor,Optimal,-1.5314743479696307,-1.5314743479696307,-0.6856561518312219,-1.0946569658813978,0.40900081405017596,0.43681738208823284,0.3736337745960955,0.2852267050162142,0.001262832898646593,1.574004734830294,0.7410337999522889,-1.3108905072556354e-09,8.559663496770698e-10,0.43681738208823284,0.2852267050162142,1.0000000192192382,1.0000000161387161,,,,,,,,,,,,,,,,,,
square,2,2,3,correlated-top,3.0,0.1,3.1124126930595697,0.01,0.285226722374792,0.43681740867244945,Full SEP,SolutionStatus.Optimal,-1.0946569658813978,-1.0946569658469842,-1.0946569658813978,-1.0946569658813978,0.0,-3.441358309430598e-11,0.0,0.0,0.0013381252065300941,6.040649243468238e-08,6.040649243468238e-08,-3.441358309430598e-11,3.143777837890684e-11,,,,,,,,,,,,,,,,,,,,,,
square,2,2,3,correlated-top,3.0,0.1,3.1124126930595697,0.01,0.285226722374792,0.43681740867244945,Dual LOP/TRS,OPTIMAL,-1.0946569392971812,-1.0946576780601627,-1.0946569392971812,-1.0946569658813978,2.6584216605840538e-08,7.121787648500799e-07,2.4285431358339195e-08,6.505949568746718e-07,0.019840457942336798,5.500394839742071e-07,5.500394839742071e-07,,,,,,,,,,,,,,,,23,9.796598952060975e-07,8.949463515773697e-07,-2.4089691308404326e-07,,,,0,2.5668714216410234e-06
square,2,2,3,correlated-top,3.0,0.1,3.1124126930595697,0.01,0.285226722374792,0.43681740867244945,Gurobi,OPTIMAL,-1.0946575881118434,-1.094658501671352,-1.0946575881118434,-1.0946569658813978,-6.222304456127148e-07,1.5357899540990871e-06,5.684247315053009e-07,1.4029854532296645e-06,0.04585466627031565,,,,,,,,,,,,,,,,,,,,,,5.0,8.345618926025589e-07,8,,
square,2,2,3,correlated-top,3.0,0.1,3.1124126930595697,0.01,0.285226722374792,0.43681740867244945,Lazy SEP,Optimal,-1.0946569658813978,-1.0946569658469842,-1.0946569658813978,-1.0946569658813978,0.0,-3.441358309430598e-11,0.0,0.0,0.0017014159820973873,6.040649257174293e-08,6.040649257174293e-08,-3.441358309430598e-11,3.143777837890684e-11,,,,,0.0,0.0,0.0,0.0,coordinate,1,2,2,1,,,,,,,,,
square,2,2,4,correlated-top,3.0,0.1,3.0610419063796503,0.01,0.040148407642959696,0.05608314550873561,Shor,Optimal,-1.396895887066898,-1.396895887066898,-1.1596009474547024,-1.3408127427195458,0.18121179526484332,0.056083144347352176,0.13515071082729627,0.040148406811556694,0.001107791904360056,0.7606493309231006,0.32162139231377984,9.797429534330604e-10,7.013714926817163e-10,0.056083144347352176,0.040148406811556694,1.000000007561829,1.0000000081937037,,,,,,,,,,,,,,,,,,
square,2,2,4,correlated-top,3.0,0.1,3.0610419063796503,0.01,0.040148407642959696,0.05608314550873561,Full SEP,SolutionStatus.Optimal,-1.3408127427195458,-1.34081274253763,-1.3408127427195458,-1.3408127427195458,0.0,-1.8191581574455995e-10,0.0,0.0,0.001157625112682581,2.951513521145349e-09,2.951513521145349e-09,-1.8191581574455995e-10,1.3567578077724967e-10,,,,,,,,,,,,,,,,,,,,,,
square,2,2,4,correlated-top,3.0,0.1,3.0610419063796503,0.01,0.040148407642959696,0.05608314550873561,Dual LOP/TRS,OPTIMAL,-1.3408127415581623,-1.3408132959468282,-1.3408127415581623,-1.3408127427195458,1.1613834338675133e-09,5.532272824293472e-07,8.661786965955445e-10,4.1260575510528513e-07,0.017813917249441147,2.7784879766540884e-09,2.7784879766540884e-09,,,,,,,,,,,,,,,,23,7.568179709593892e-07,5.644469466757151e-07,-2.0242930492964106e-07,,,,0,3.087394260613214e-08
square,2,2,4,correlated-top,3.0,0.1,3.0610419063796503,0.01,0.040148407642959696,0.05608314550873561,Gurobi,OPTIMAL,-1.340813013172927,-1.3408139044179874,-1.340813013172927,-1.3408127427195458,-2.7045338124587204e-07,1.1616984416651377e-06,2.0170849968547492e-07,8.664128838739936e-07,0.025218625087291002,,,,,,,,,,,,,,,,,,,,,,5.0,6.647049600974601e-07,8,,
square,2,2,4,correlated-top,3.0,0.1,3.0610419063796503,0.01,0.040148407642959696,0.05608314550873561,Lazy SEP,Optimal,-1.3408127427196412,-1.3408127425377077,-1.3408127427196412,-1.3408127427195458,-9.547918011776346e-14,-1.818381001328362e-10,7.12099289301935e-14,0.0,0.0014429999864660203,2.9512714676527414e-09,2.9512714676527414e-09,-1.8193357931295395e-10,1.3568902913611073e-10,,,,,2.456368441983159e-15,2.456368441983159e-15,2.456368441983159e-15,2.456368441983159e-15,coordinate,1,2,2,1,,,,,,,,,
square,2,2,6,correlated-top,3.0,0.1,3.0584537147270834,0.01,0.20500057449587805,0.297508412143465,Shor,Optimal,-1.4512564800126793,-1.4512564800126793,-0.7439614227144531,-1.1537481309009605,0.4097867081865074,0.29750834911171875,0.3551786539983432,0.20500053106334415,0.0010447921231389046,1.4822625608072508,0.6983623699380104,2.512657193420864e-09,1.7313667349818908e-09,0.29750834911171875,0.20500053106334415,1.0000000109971303,1.0000000130699132,,,,,,,,,,,,,,,,,,
square,2,2,6,correlated-top,3.0,0.1,3.0584537147270834,0.01,0.20500057449587805,0.297508412143465,Full SEP,SolutionStatus.Optimal,-1.1537481309009605,-1.1537481313176916,-1.1537481309009605,-1.1537481309009605,0.0,4.167310940772495e-10,0.0,3.611976329715069e-10,0.0012082080356776714,4.2517313400579106e-08,4.2517313400579106e-08,4.167310940772495e-10,3.611976329715069e-10,,,,,,,,,,,,,,,,,,,,,,
square,2,2,6,correlated-top,3.0,0.1,3.0584537147270834,0.01,0.20500057449587805,0.297508412143465,Dual LOP/TRS,OPTIMAL,-1.1537480678692142,-1.1537487048910362,-1.1537480678692142,-1.1537481309009605,6.30317462668728e-08,5.739900756918104e-07,5.463215460869383e-08,4.97500082347672e-07,0.017651624977588654,2.395005160403863e-07,2.395005160403863e-07,,,,,,,,,,,,,,,,23,9.055600671548092e-07,7.848850129286457e-07,-2.68538245196126e-07,,,,0,2.8187448681844363e-06
square,2,2,6,correlated-top,3.0,0.1,3.0584537147270834,0.01,0.20500057449587805,0.297508412143465,Gurobi,OPTIMAL,-1.1537484773750206,-1.1537491957234143,-1.1537484773750206,-1.1537481309009605,-3.4647406010890336e-07,1.0648224537668227e-06,3.003029402883308e-07,9.229236802190501e-07,0.034989167004823685,,,,,,,,,,,,,,,,,,,,,,5.0,6.226213145626745e-07,10,,
square,2,2,6,correlated-top,3.0,0.1,3.0584537147270834,0.01,0.20500057449587805,0.297508412143465,Lazy SEP,Optimal,-1.1537481309009576,-1.1537481313176903,-1.1537481309009576,-1.1537481309009605,2.886579864025407e-15,4.1672976180961996e-10,2.5019150945633863e-15,3.611964782414641e-10,0.0013937500189058483,4.2517352988874844e-08,4.2517352988874844e-08,4.16732648389484e-10,3.6119898015655774e-10,,,,,5.828670879282072e-16,5.828670879282072e-16,5.828670879282072e-16,5.828670879282072e-16,coordinate,1,2,2,1,,,,,,,,,
square,2,2,8,correlated-top,3.0,0.1,3.2083582928301255,0.01,0.180465543668455,0.24914393872010132,Shor,Optimal,-1.380562370276178,-1.380562370276178,-0.8734749572116469,-1.131418431963537,0.25794347475189006,0.24914393831264103,0.22798238694435816,0.1804655433733142,0.0010149171575903893,1.2741461059737536,0.5938287830626261,1.370658253563306e-09,9.928260273305214e-10,0.24914393831264103,0.1804655433733142,1.0000000029623148,1.0000000036262755,,,,,,,,,,,,,,,,,,
square,2,2,8,correlated-top,3.0,0.1,3.2083582928301255,0.01,0.180465543668455,0.24914393872010132,Full SEP,SolutionStatus.Optimal,-1.131418431963537,-1.1314184333331767,-1.131418431963537,-1.131418431963537,0.0,1.369639734960515e-09,0.0,1.2105510168554834e-09,0.0011978340335190296,6.533303828792186e-07,6.533303828792186e-07,1.369639734960515e-09,1.2105510168554834e-09,,,,,,,,,,,,,,,,,,,,,,
square,2,2,8,correlated-top,3.0,0.1,3.2083582928301255,0.01,0.180465543668455,0.24914393872010132,Dual LOP/TRS,OPTIMAL,-1.1314184315560767,-1.1314185970916206,-1.1314184315560767,-1.131418431963537,4.074602877324196e-10,1.6512808365121145e-07,3.60132269566518e-10,1.4594782521312898e-07,0.018627415876835585,5.789321730370725e-08,5.789321730370725e-08,,,,,,,,,,,,,,,,23,8.216538107674864e-07,7.262155782834018e-07,-6.561182668285426e-07,,,,0,5.488081285942448e-07
square,2,2,8,correlated-top,3.0,0.1,3.2083582928301255,0.01,0.180465543668455,0.24914393872010132,Gurobi,OPTIMAL,-1.1314179893707275,-1.131419229390238,-1.1314179893707275,-1.131418431963537,4.425928095130871e-07,7.97426701115711e-07,3.9118401911217126e-07,7.048021461907382e-07,0.049759834073483944,,,,,,,,,,,,,,,,,,,,,,5.0,1.09598709078196e-06,6,,
square,2,2,8,correlated-top,3.0,0.1,3.2083582928301255,0.01,0.180465543668455,0.24914393872010132,Lazy SEP,Optimal,-1.1314184319631995,-1.1314184333329131,-1.1314184319631995,-1.131418431963537,3.375077994860476e-13,1.369376168014469e-09,2.983050213353115e-13,1.2103180641847808e-09,0.0014510410255752504,6.533358987522751e-07,6.533358987522751e-07,1.369713675813955e-09,1.210616369205755e-09,,,,,2.328692794151266e-14,2.328692794151266e-14,2.328692794151266e-14,2.328692794151266e-14,coordinate,1,2,2,1,,,,,,,,,
square,2,2,9,correlated-top,3.0,0.1,3.0316170005395335,0.01,0.049836784436008065,0.07031101068169598,Shor,Optimal,-1.410825587513124,-1.410825587513124,-1.1432089087183035,-1.340514584729706,0.19730567601140248,0.07031100278341795,0.14718651945975367,0.04983677883767039,0.0011217501014471054,0.8245246754939539,0.3544078763826473,8.030811571302365e-09,5.69227808340105e-09,0.07031100278341795,0.04983677883767039,0.9999999891517996,0.9999999907830666,,,,,,,,,,,,,,,,,,
square,2,2,9,correlated-top,3.0,0.1,3.0316170005395335,0.01,0.049836784436008065,0.07031101068169598,Full SEP,SolutionStatus.Optimal,-1.340514584729706,-1.3405145811435484,-1.340514584729706,-1.340514584729706,0.0,-3.5861575931050993e-09,0.0,0.0,0.0010840422473847866,6.443376316740826e-08,6.443376316740826e-08,-3.5861575931050993e-09,2.6752096798918397e-09,,,,,,,,,,,,,,,,,,,,,,
square,2,2,9,correlated-top,3.0,0.1,3.0316170005395335,0.01,0.049836784436008065,0.07031101068169598,Dual LOP/TRS,OPTIMAL,-1.340514576831428,-1.3405146838159219,-1.340514576831428,-1.340514584729706,7.898278031603922e-09,9.908621589893585e-08,5.891974709992796e-09,7.39165464542888e-08,0.018327500205487013,1.0539823064262102e-08,1.0539823064262102e-08,,,,,,,,,,,,,,,,23,7.806174149305178e-07,5.823266424120061e-07,-6.736329210554892e-07,,,,0,2.8014085302447096e-08
square,2,2,9,correlated-top,3.0,0.1,3.0316170005395335,0.01,0.049836784436008065,0.07031101068169598,Gurobi,OPTIMAL,-1.3405146935365349,-1.3405152877273183,-1.3405146935365349,-1.340514584729706,-1.0880682888014803e-07,7.029976123451576e-07,8.11679494486515e-08,5.244234204423026e-07,0.020356417167931795,,,,,,,,,,,,,,,,,,,,,,5.0,4.432557034473231e-07,8,,
square,2,2,9,correlated-top,3.0,0.1,3.0316170005395335,0.01,0.049836784436008065,0.07031101068169598,Lazy SEP,Optimal,-1.34051458472969,-1.340514581143536,-1.34051458472969,-1.340514584729706,1.5987211554602254e-14,-3.586170027602975e-09,1.1926175020188853e-14,0.0,0.001334542001131922,6.443378775163352e-08,6.443378775163352e-08,-3.5861540403914205e-09,2.675207029630756e-09,,,,,4.649058915617843e-15,4.649058915617843e-15,4.649058915617843e-15,4.649058915617843e-15,coordinate,1,2,2,1,,,,,,,,,
square,2,2,13,correlated-top,3.0,0.1,2.9089352119961265,0.01,0.23403305633275717,0.38326773629614186,Shor,Optimal,-1.637664961958182,-1.637664961958182,-0.5974937943161663,-1.2543972384299198,0.6569034441137535,0.3832677235282622,0.5236805566759489,0.2340330485363642,0.000990749802440405,1.6780332985248132,0.7854530047740286,3.5018934418928893e-09,2.1383454633514416e-09,0.3832677235282622,0.2340330485363642,1.0000000174563328,1.0000000130470719,,,,,,,,,,,,,,,,,,
square,2,2,13,correlated-top,3.0,0.1,2.9089352119961265,0.01,0.23403305633275717,0.38326773629614186,Full SEP,SolutionStatus.Optimal,-1.2543972384299198,-1.254397238521382,-1.2543972384299198,-1.2543972384299198,0.0,9.146217117006472e-11,0.0,7.291324339798097e-11,0.0012532910332083702,6.280485838574585e-09,6.280485838574585e-09,9.146217117006472e-11,7.291324339798097e-11,,,,,,,,,,,,,,,,,,,,,,
square,2,2,13,correlated-top,3.0,0.1,2.9089352119961265,0.01,0.23403305633275717,0.38326773629614186,Dual LOP/TRS,OPTIMAL,-1.2543972256620401,-1.2543981628813716,-1.2543972256620401,-1.2543972384299198,1.2767879642439084e-08,9.244514518336189e-07,1.0178497888292661e-08,7.369681168139946e-07,0.017570124939084053,1.0098853853964424e-07,1.0098853853964424e-07,,,,,,,,,,,,,,,,23,1.0607613973867558e-06,8.456337300033753e-07,-1.2354206546660862e-07,,,,0,6.252751859708652e-07
square,2,2,13,correlated-top,3.0,0.1,2.9089352119961265,0.01,0.23403305633275717,0.38326773629614186,Gurobi,OPTIMAL,-1.2543983228543025,-1.2543989700544338,-1.2543983228543025,-1.2543972384299198,-1.0844243827357047e-06,1.7316245140008846e-06,8.644976344261741e-07,1.380441594212838e-06,0.02503133285790682,,,,,,,,,,,,,,,,,,,,,,5.0,5.159446720181494e-07,3,,
square,2,2,13,correlated-top,3.0,0.1,2.9089352119961265,0.01,0.23403305633275717,0.38326773629614186,Lazy SEP,Optimal,-1.254397238429921,-1.2543972385213822,-1.254397238429921,-1.2543972384299198,-1.1102230246251565e-15,9.146239321466965e-11,8.850649464238127e-16,7.291342041097023e-11,0.0013684589648619294,6.2804845986111915e-09,6.2804845986111915e-09,9.146128299164502e-11,7.291253534602387e-11,,,,,3.469446951953614e-18,3.469446951953614e-18,3.469446951953614e-18,3.469446951953614e-18,coordinate,1,2,2,1,,,,,,,,,
square,2,2,14,correlated-top,3.0,0.1,3.1171142961260694,0.01,0.254502268707074,0.3869826509533354,Shor,Optimal,-1.5205469598337575,-1.5205469598337575,-0.6613799492946112,-1.1335643281551502,0.472184378860539,0.38698263167860736,0.41654837500841985,0.25450225603089327,0.001036916859447956,1.5923583655056155,0.7485538799305627,-2.599531701008573e-10,1.70960303737859e-10,0.38698263167860736,0.25450225603089327,1.000000009613668,1.00000001448039,,,,,,,,,,,,,,,,,,
square,2,2,14,correlated-top,3.0,0.1,3.1171142961260694,0.01,0.254502268707074,0.3869826509533354,Full SEP,SolutionStatus.Optimal,-1.1335643281551502,-1.1335643289142334,-1.1335643281551502,-1.1335643281551502,0.0,7.590832407089465e-10,0.0,6.696428436805367e-10,0.0011687083169817924,1.830524903075611e-07,1.830524903075611e-07,7.590832407089465e-10,6.696428436805367e-10,,,,,,,,,,,,,,,,,,,,,,
square,2,2,14,correlated-top,3.0,0.1,3.1171142961260694,0.01,0.254502268707074,0.3869826509533354,Dual LOP/TRS,OPTIMAL,-1.1335643088804221,-1.1335643017765062,-1.1335643088804221,-1.1335643281551502,1.9274728035867383e-08,-2.637864393584266e-08,1.7003647307106566e-08,0.0,0.01799775008112192,1.4327540898959472e-08,1.4327540898959472e-08,,,,,,,,,,,,,,,,23,9.669393676858817e-07,8.530079556761868e-07,-9.74043283585857e-07,,,,0,8.702853818952613e-08
square,2,2,14,correlated-top,3.0,0.1,3.1171142961260694,0.01,0.254502268707074,0.3869826509533354,Gurobi,OPTIMAL,-1.1335663329820362,-1.1335681680730143,-1.1335663329820362,-1.1335643281551502,-2.0048268860595186e-06,3.839917864123521e-06,1.7686012963930266e-06,3.387460915254095e-06,0.018892415799200535,,,,,,,,,,,,,,,,,,,,,,5.0,1.618865102703331e-06,8,,
square,2,2,14,correlated-top,3.0,0.1,3.1171142961260694,0.01,0.254502268707074,0.3869826509533354,Lazy SEP,Optimal,-1.1335643281551493,-1.1335643289142328,-1.1335643281551493,-1.1335643281551502,8.881784197001252e-16,7.590825745751317e-10,7.835271432240772e-16,6.6964225603518e-10,0.0014005840057507157,1.8305249882818667e-07,1.8305249882818667e-07,7.590834627535514e-10,6.696430395623228e-10,,,,,8.326672684688674e-17,8.326672684688674e-17,8.326672684688674e-17,8.326672684688674e-17,coordinate,1,2,2,1,,,,,,,,,
square,2,2,15,correlated-top,3.0,0.1,2.9509610288533286,0.01,0.013292013503599091,0.019163679960144897,Shor,Optimal,-1.4417439430794987,-1.4417439430794987,-1.2985011392358785,-1.4225802648435817,0.12407912560770318,0.019163678235917025,0.08722117737331761,0.013292012307666985,0.0011130417697131634,0.49418359360463127,0.19348776695514333,2.034884927226699e-09,1.4114052200422485e-09,0.019163678235917025,0.013292012307666985,0.9999999934169397,0.9999999931361796,,,,,,,,,,,,,,,,,,
square,2,2,15,correlated-top,3.0,0.1,2.9509610288533286,0.01,0.013292013503599091,0.019163679960144897,Full SEP,SolutionStatus.Optimal,-1.4225802648435817,-1.4225802645547858,-1.4225802648435817,-1.4225802648435817,0.0,-2.8879587610219914e-10,0.0,0.0,0.0012074578553438187,1.5841935239797393e-08,1.5841935239797393e-08,-2.8879587610219914e-10,2.0300849325640925e-10,,,,,,,,,,,,,,,,,,,,,,
square,2,2,15,correlated-top,3.0,0.1,2.9509610288533286,0.01,0.013292013503599091,0.019163679960144897,Dual LOP/TRS,OPTIMAL,-1.4225802631193538,-1.4225809243987952,-1.4225802631193538,-1.4225802648435817,1.7242278715912107e-09,6.595552135557625e-07,1.2120425920436879e-09,4.636328255522622e-07,0.01840591710060835,8.004142424145133e-09,8.004142424145133e-09,,,,,,,,,,,,,,,,23,7.511187738451497e-07,5.279972203778735e-07,-8.98393321402402e-08,,,,0,3.6492119386032336e-08
square,2,2,15,correlated-top,3.0,0.1,2.9509610288533286,0.01,0.013292013503599091,0.019163679960144897,Gurobi,OPTIMAL,-1.422580416600655,-1.422580646844395,-1.422580416600655,-1.4225802648435817,-1.517570733522433e-07,3.8200081320383106e-07,1.0667732493807018e-07,2.685266484196837e-07,0.022572457790374756,,,,,,,,,,,,,,,,,,,,,,5.0,1.6184936694248158e-07,5,,
square,2,2,15,correlated-top,3.0,0.1,2.9509610288533286,0.01,0.013292013503599091,0.019163679960144897,Lazy SEP,Optimal,-1.422580264845225,-1.4225802645562715,-1.422580264845225,-1.4225802648435817,-1.6433521210501567e-12,-2.8731017565064576e-10,1.1551911422227914e-12,0.0,0.0014677500003017485,1.5834471737277693e-08,1.5834471737277693e-08,-2.889535277716959e-10,2.0311931418726218e-10,,,,,6.439293542825908e-15,6.439293542825908e-15,6.439293542825908e-15,6.439293542825908e-15,coordinate,1,2,2,1,,,,,,,,,
square,2,2,21,correlated-top,3.0,0.1,2.9600221538603435,0.01,0.15907771971682577,0.22974872642288724,Shor,Optimal,-1.4442545872034307,-1.4442545872034307,-0.8418389774306982,-1.214505887112814,0.3726669096821158,0.22974870009061665,0.3068465238715629,0.15907770148439582,0.0010677906684577465,1.3622958943194532,0.6395012154646458,1.9304426945865316e-09,1.3366360139624183e-09,0.22974870009061665,0.15907770148439582,1.0000000098382393,1.0000000094903787,,,,,,,,,,,,,,,,,,
square,2,2,21,correlated-top,3.0,0.1,2.9600221538603435,0.01,0.15907771971682577,0.22974872642288724,Full SEP,SolutionStatus.Optimal,-1.214505887112814,-1.2145058872525238,-1.214505887112814,-1.214505887112814,0.0,1.3970979928501492e-10,0.0,1.15034270933893e-10,0.0012243338860571384,8.345259029330003e-09,8.345259029330003e-09,1.3970979928501492e-10,1.15034270933893e-10,,,,,,,,,,,,,,,,,,,,,,
square,2,2,21,correlated-top,3.0,0.1,2.9600221538603435,0.01,0.15907771971682577,0.22974872642288724,Dual LOP/TRS,OPTIMAL,-1.2145058607805435,-1.2145061409970062,-1.2145058607805435,-1.214505887112814,2.6332270586237883e-08,2.538841921140289e-07,2.168146804857102e-08,2.090431522277949e-07,0.018205083906650543,7.851727422457282e-08,7.851727422457282e-08,,,,,,,,,,,,,,,,23,8.929012882408216e-07,7.351970139136766e-07,-6.12684825596066e-07,,,,0,1.8489039793326513e-07
square,2,2,21,correlated-top,3.0,0.1,2.9600221538603435,0.01,0.15907771971682577,0.22974872642288724,Gurobi,OPTIMAL,-1.214506010621905,-1.2145065895998095,-1.214506010621905,-1.214505887112814,-1.2350909095459883e-07,7.024869954630475e-07,1.0169491947705904e-07,5.784134902837563e-07,0.019272041972726583,,,,,,,,,,,,,,,,,,,,,,5.0,4.767188465473092e-07,5,,
square,2,2,21,correlated-top,3.0,0.1,2.9600221538603435,0.01,0.15907771971682577,0.22974872642288724,Lazy SEP,Optimal,-1.2145058871128145,-1.2145058872525234,-1.2145058871128145,-1.214505887112814,-4.440892098500626e-16,1.3970935519580507e-10,3.6565422577388587e-16,1.150339052796673e-10,0.0014133339864201844,8.345258577858252e-09,8.345258577858252e-09,1.3970891110659522e-10,1.1503353962544157e-10,,,,,5.551115123125783e-17,5.551115123125783e-17,5.551115123125783e-17,5.551115123125783e-17,coordinate,1,2,2,1,,,,,,,,,
square,4,4,0,correlated-top,3.0,0.1,3.1233992827378487,0.01,0.19219961891854104,0.28228721321953243,Shor,Optimal,-1.4687189017745803,-1.4687189017745803,-0.7470270967602635,-1.186431726090177,0.43940462932991364,0.2822871756844032,0.37035812484376857,0.19219959336216724,0.001135542057454586,1.486613217620473,0.7005755572899244,9.494796060494082e-10,6.464678876960044e-10,0.2822871756844032,0.19219959336216724,1.0000000140785081,1.0000000145231784,,,,,,,,,,,,,,,,,,
square,4,4,0,correlated-top,3.0,0.1,3.1233992827378487,0.01,0.19219961891854104,0.28228721321953243,Full SEP,SolutionStatus.Optimal,-1.186431726090177,-1.186431731404299,-1.186431726090177,-1.186431726090177,0.0,5.3141218092633835e-09,0.0,4.479079300225237e-09,0.002430874854326248,1.0987901968372001e-07,1.0987901968372001e-07,5.3141218092633835e-09,4.479079300225237e-09,,,,,,,,,,,,,,,,,,,,,,
square,4,4,0,correlated-top,3.0,0.1,3.1233992827378487,0.01,0.19219961891854104,0.28228721321953243,Dual LOP/TRS,OPTIMAL,-1.1864316885550479,-1.1864326010169028,-1.1864316885550479,-1.186431726090177,3.753512922699542e-08,8.749267257357474e-07,3.1636990482958894e-08,7.374432605660357e-07,0.023226791992783546,1.2855210446682392e-07,1.2855210446682392e-07,,,,,,,,,,,,,,,,23,9.225363384324226e-07,7.77571635878606e-07,-1.0074483469679762e-08,,,,0,5.462530444584811e-07
square,4,4,0,correlated-top,3.0,0.1,3.1233992827378487,0.01,0.19219961891854104,0.28228721321953243,Gurobi,OPTIMAL,-1.186431990370802,-1.186433451709411,-1.186431990370802,-1.186431726090177,-2.642806249397722e-07,1.725619233949871e-06,2.227524435321195e-07,1.4544593558649262e-06,1.8456390001811087,,,,,,,,,,,,,,,,,,,,,,5.0,1.2317087038030547e-06,8,,
square,4,4,0,correlated-top,3.0,0.1,3.1233992827378487,0.01,0.19219961891854104,0.28228721321953243,Lazy SEP,Optimal,-1.1864317260902184,-1.1864317314042971,-1.1864317260902184,-1.186431726090177,-4.1300296516055823e-14,5.314120032906544e-09,3.481051257130263e-14,4.4790778029989035e-09,0.005168624978978187,1.0987859732434514e-07,1.0987859732434514e-07,5.314078732610028e-09,4.479042992486488e-09,,,,,3.1502578323738817e-15,3.964083067436893e-15,3.1502578323738817e-15,3.964083067436893e-15,coordinate,36,2,2,36,,,,,,,,,
square,4,4,1,correlated-top,3.0,0.1,3.057301651568635,0.01,0.020844468031858875,0.029375562746252415,Shor,Optimal,-1.4092738035508767,-1.4092738035508767,-1.2055159271386713,-1.3798982604203087,0.17438233328163744,0.029375543130568005,0.12637332641358764,0.020844454112857215,0.0012614172883331776,0.6707386826653559,0.27671461852493173,9.669354206209846e-11,6.861231778981811e-11,0.029375543130568005,0.020844454112857215,1.000000000525581,1.0000000005466827,,,,,,,,,,,,,,,,,,
square,4,4,1,correlated-top,3.0,0.1,3.057301651568635,0.01,0.020844468031858875,0.029375562746252415,Full SEP,SolutionStatus.Optimal,-1.3798982604203087,-1.3798982614534392,-1.3798982604203087,-1.3798982604203087,0.0,1.0331304700628152e-09,0.0,7.487004650434334e-10,0.0024279169738292694,9.615231623755168e-09,9.615231623755168e-09,1.0331304700628152e-09,7.487004650434334e-10,,,,,,,,,,,,,,,,,,,,,,
square,4,4,1,correlated-top,3.0,0.1,3.057301651568635,0.01,0.020844468031858875,0.029375562746252415,Dual LOP/TRS,OPTIMAL,-1.3798982408046243,-1.3798984331603332,-1.3798982408046243,-1.3798982604203087,1.961568441011252e-08,1.727400245066235e-07,1.421531207970195e-08,1.251831441760558e-07,0.02233112510293722,8.858906435916955e-08,8.858906435916955e-08,,,,,,,,,,,,,,,,23,7.531465819887728e-07,5.457985630608099e-07,-5.607908731830591e-07,,,,0,2.140797623919442e-07
square,4,4,1,correlated-top,3.0,0.1,3.057301651568635,0.01,0.020844468031858875,0.029375562746252415,Gurobi,OPTIMAL,-1.3798984260283298,-1.3798994228128658,-1.3798984260283298,-1.3798982604203087,-1.6560802107434824e-07,1.1623925570969362e-06,1.2001464596999856e-07,8.423748411514288e-07,1.0153092499822378,,,,,,,,,,,,,,,,,,,,,,5.0,7.223608036799976e-07,9,,
square,4,4,1,correlated-top,3.0,0.1,3.057301651568635,0.01,0.020844468031858875,0.029375562746252415,Lazy SEP,Optimal,-1.3798982604597965,-1.3798982614609352,-1.3798982604597965,-1.3798982604203087,-3.948774640605279e-11,1.0406264738804794e-09,2.8616418715460272e-11,7.541327523514235e-10,0.004951999988406897,9.473906488072272e-09,9.473906488072272e-09,1.0011387274744266e-09,7.25516333656725e-10,,,,,2.84506446179833e-12,5.255827276919751e-12,2.84506446179833e-12,5.255827276919751e-12,coordinate,36,2,2,36,,,,,,,,,
square,4,4,2,correlated-top,3.0,0.1,3.0638668168774066,0.01,0.13007938282567252,0.18899940169210105,Shor,Optimal,-1.452954323633215,-1.452954323633215,-0.7627357616395865,-1.2639549466094762,0.5012191849698897,0.1889993770237388,0.3965482996956467,0.13007936584760113,0.0012984159402549267,1.4616657061354812,0.6886393186811987,2.911900054414218e-09,2.004123603234e-09,0.1889993770237388,0.13007936584760113,1.0000000202580737,1.0000000199852916,,,,,,,,,,,,,,,,,,
square,4,4,2,correlated-top,3.0,0.1,3.0638668168774066,0.01,0.13007938282567252,0.18899940169210105,Full SEP,SolutionStatus.Optimal,-1.2639549466094762,-1.2639549460676138,-1.2639549466094762,-1.2639549466094762,0.0,-5.418623327813066e-10,0.0,0.0,0.002653042320162058,1.0339843651720469e-07,1.0339843651720469e-07,-5.418623327813066e-10,4.2870383492294337e-10,,,,,,,,,,,,,,,,,,,,,,
square,4,4,2,correlated-top,3.0,0.1,3.0638668168774066,0.01,0.13007938282567252,0.18899940169210105,Dual LOP/TRS,OPTIMAL,-1.263954921941114,-1.2639552405653114,-1.263954921941114,-1.2639549466094762,2.466836224179758e-08,2.9395583522884294e-07,1.951680501585106e-08,2.325682316862498e-07,0.023207416757941246,6.47169687709277e-08,6.47169687709277e-08,,,,,,,,,,,,,,,,23,9.069909958636657e-07,7.175815778555645e-07,-5.883667982820029e-07,,,,0,6.987038611595862e-07
square,4,4,2,correlated-top,3.0,0.1,3.0638668168774066,0.01,0.13007938282567252,0.18899940169210105,Gurobi,OPTIMAL,-1.2639554027904794,-1.2639576347039108,-1.2639554027904794,-1.2639549466094762,-4.5618100319444466e-07,2.6880944345997193e-06,3.6091542643618407e-07,2.1267282706270616e-06,0.8322645002044737,,,,,,,,,,,,,,,,,,,,,,5.0,1.7658165996029607e-06,10,,
square,4,4,2,correlated-top,3.0,0.1,3.0638668168774066,0.01,0.13007938282567252,0.18899940169210105,Lazy SEP,Optimal,-1.2639549466098705,-1.2639549460670998,-1.2639549466098705,-1.2639549466094762,-3.943512183468556e-13,-5.42376366041708e-10,3.119978440723451e-13,0.0,0.005235166056081653,1.0351664278189828e-07,1.0351664278189828e-07,-5.427707172600549e-10,4.294225191458389e-10,,,,,5.7032711886506604e-12,9.399314820456522e-12,5.7032711886506604e-12,9.399314820456522e-12,coordinate,36,2,2,36,,,,,,,,,
square,4,4,3,correlated-top,3.0,0.1,3.1382991404009655,0.01,0.16217077822855272,0.29412522813399655,Shor,Optimal,-1.8136758751905104,-1.8136758751905104,-0.4924442600923971,-1.519550642123642,1.027106382031245,0.29412523306686844,0.6759277075463681,0.16217078094837273,0.0011657089926302433,1.7779074448678465,0.8231907982167549,1.0644973791329448e-10,5.869281240900493e-11,0.29412523306686844,0.16217078094837273,1.000000015017565,1.0000000149385857,,,,,,,,,,,,,,,,,,
square,4,4,3,correlated-top,3.0,0.1,3.1382991404009655,0.01,0.16217077822855272,0.29412522813399655,Full SEP,SolutionStatus.Optimal,-1.519550642123642,-1.519550647624906,-1.519550642123642,-1.519550642123642,0.0,5.501264110918669e-09,0.0,3.6203229681862042e-09,0.0022460827603936195,5.5037344393327004e-08,5.5037344393327004e-08,5.501264110918669e-09,3.6203229681862042e-09,,,,,,,,,,,,,,,,,,,,,,
square,4,4,3,correlated-top,3.0,0.1,3.1382991404009655,0.01,0.16217077822855272,0.29412522813399655,Dual LOP/TRS,OPTIMAL,-1.5195506470565139,-1.519551076465779,-1.5195506470565139,-1.519550642123642,-4.9328718887409195e-09,4.3434213692350454e-07,3.246270138014992e-09,2.858358258899145e-07,0.021886250004172325,4.751539527537238e-10,4.751539527537238e-10,,,,,,,,,,,,,,,,23,1.1709459872832895e-06,7.705867906768318e-07,-7.415367222485258e-07,,,,0,5.945456765272909e-07
square,4,4,3,correlated-top,3.0,0.1,3.1382991404009655,0.01,0.16217077822855272,0.29412522813399655,Gurobi,OPTIMAL,-1.5195514151864866,-1.51955309327392,-1.5195514151864866,-1.519550642123642,-7.730628446278587e-07,2.4511502780821814e-06,5.087441181007915e-07,1.6130731390247833e-06,1.6179050831124187,,,,,,,,,,,,,,,,,,,,,,5.0,1.1043308022903456e-06,8,,
square,4,4,3,correlated-top,3.0,0.1,3.1382991404009655,0.01,0.16217077822855272,0.29412522813399655,Lazy SEP,Optimal,-1.519550642123644,-1.5195506476249059,-1.519550642123644,-1.519550642123642,-1.9984014443252818e-15,5.501263888874064e-09,1.315126583430231e-15,3.620322822061029e-09,0.004948167013935745,5.503734216835992e-08,5.503734216835992e-08,5.50126189047262e-09,3.6203215069344505e-09,,,,,2.7755575615628914e-16,3.2777786696459267e-16,2.7755575615628914e-16,3.2777786696459267e-16,coordinate,36,2,2,36,,,,,,,,,
square,4,4,4,correlated-top,3.0,0.1,3.07556178597667,0.01,0.07703500832760973,0.11663016220015399,Shor,Optimal,-1.5139890905723854,-1.5139890905723854,-0.7262988952081029,-1.3973589538151794,0.6710600586070765,0.11663013675720602,0.4802345573232243,0.07703499152237109,0.0012967917136847973,1.51560059725567,0.7143808046688509,4.923372820542227e-11,3.2519209360226465e-11,0.11663013675720602,0.07703499152237109,1.0000000003063505,1.0000000003020002,,,,,,,,,,,,,,,,,,
square,4,4,4,correlated-top,3.0,0.1,3.07556178597667,0.01,0.07703500832760973,0.11663016220015399,Full SEP,SolutionStatus.Optimal,-1.3973589538151794,-1.3973589497895216,-1.3973589538151794,-1.3973589538151794,0.0,-4.025657807105176e-09,0.0,0.0,0.00240445788949728,9.358929313173458e-08,9.358929313173458e-08,-4.025657807105176e-09,2.880904577964029e-09,,,,,,,,,,,,,,,,,,,,,,
square,4,4,4,correlated-top,3.0,0.1,3.07556178597667,0.01,0.07703500832760973,0.11663016220015399,Dual LOP/TRS,OPTIMAL,-1.3973589283722314,-1.3973597551270855,-1.3973589283722314,-1.3973589538151794,2.544294797068858e-08,8.013119061622831e-07,1.8207882735658036e-08,5.734471049578827e-07,0.021014333702623844,4.82486128831844e-08,4.82486128831844e-08,,,,,,,,,,,,,,,,23,9.61748252814587e-07,6.88261021748919e-07,-1.3499339857059311e-07,,,,0,9.178676980471219e-08
square,4,4,4,correlated-top,3.0,0.1,3.07556178597667,0.01,0.07703500832760973,0.11663016220015399,Gurobi,OPTIMAL,-1.397359279430013,-1.3973618027735006,-1.397359279430013,-1.3973589538151794,-3.25614833540655e-07,2.8489583212554237e-06,2.330215559691093e-07,2.0388122214309683e-06,1.8001859998330474,,,,,,,,,,,,,,,,,,,,,,5.0,1.8057943471374434e-06,7,,
square,4,4,4,correlated-top,3.0,0.1,3.07556178597667,0.01,0.07703500832760973,0.11663016220015399,Lazy SEP,Optimal,-1.3973589538154032,-1.3973589497889924,-1.3973589538154032,-1.3973589538151794,-2.2382096176443156e-13,-4.026186939398713e-09,1.6017427816474936e-13,0.0,0.005331791995558888,9.360214361924475e-08,9.360214361924475e-08,-4.026410760360477e-09,2.8814434182187822e-09,,,,,9.463263506148678e-14,1.2550957627258579e-13,9.463263506148678e-14,1.2550957627258579e-13,coordinate,36,2,2,36,,,,,,,,,
square,4,4,5,correlated-top,3.0,0.1,3.0721086838847946,0.01,0.23552418560238605,0.3640266034281976,Shor,Optimal,-1.545601792432266,-1.545601792432266,-0.6399687798469655,-1.1815751958086544,0.5416064159616889,0.3640265966236116,0.458376595821327,0.23552418119983812,0.001152875367552042,1.6187125787307755,0.7598673426087464,1.5368994965569982e-10,9.943696391154067e-11,0.3640265966236116,0.23552418119983812,1.0000000030513922,1.0000000029344163,,,,,,,,,,,,,,,,,,
square,4,4,5,correlated-top,3.0,0.1,3.0721086838847946,0.01,0.23552418560238605,0.3640266034281976,Full SEP,SolutionStatus.Optimal,-1.1815751958086544,-1.1815751967997357,-1.1815751958086544,-1.1815751958086544,0.0,9.910812170943473e-10,0.0,8.387796390603525e-10,0.002436666749417782,1.0423093610387022e-07,1.0423093610387022e-07,9.910812170943473e-10,8.387796390603525e-10,,,,,,,,,,,,,,,,,,,,,,
square,4,4,5,correlated-top,3.0,0.1,3.0721086838847946,0.01,0.23552418560238605,0.3640266034281976,Dual LOP/TRS,OPTIMAL,-1.1815751890040684,-1.1815760005220928,-1.1815751890040684,-1.1815751958086544,6.80458600577083e-09,8.047134383293297e-07,5.758910672726048e-09,6.810509336460439e-07,0.022177708335220814,6.06352351218363e-08,6.06352351218363e-08,,,,,,,,,,,,,,,,23,9.86375787714877e-07,8.34796735274782e-07,-1.7485776360182115e-07,,,,0,4.166995454593034e-07
square,4,4,5,correlated-top,3.0,0.1,3.0721086838847946,0.01,0.23552418560238605,0.3640266034281976,Gurobi,TIME_LIMIT,,-1.1816037567774358,-1.18157533716706,-1.1815751958086544,-1.4135840564755142e-07,2.8560968781343732e-05,1.1963554180681506e-07,2.4171359152781886e-05,5.001184542197734,,,,,,,,,,,,,,,,,,,,,,5.0,2.4052304987877383e-05,5,,
square,4,4,5,correlated-top,3.0,0.1,3.0721086838847946,0.01,0.23552418560238605,0.3640266034281976,Lazy SEP,Optimal,-1.1815751958088612,-1.1815751967998378,-1.1815751958088612,-1.1815751958086544,-2.0672352718520415e-13,9.911833576126128e-10,1.7495587916746097e-13,8.388660834258542e-10,0.0051004160195589066,1.0423109285420379e-07,1.0423109285420379e-07,9.909766340854276e-10,8.386911275468335e-10,,,,,9.488243524202744e-14,1.4894967063043412e-13,9.488243524202744e-14,1.4894967063043412e-13,coordinate,36,2,2,36,,,,,,,,,
square,4,4,6,correlated-top,3.0,0.1,3.086524736023116,0.01,0.13059087219345883,0.19858747188179793,Shor,Optimal,-1.520684168397376,-1.520684168397376,-0.6467927244676519,-1.322096678884863,0.675303954417211,0.19858748951251304,0.5107825813364901,0.13059088378739495,0.001203207764774561,1.5979886355406516,0.7490420390727668,1.6906469557653736e-09,1.111767315593953e-09,0.19858748951251304,0.13059088378739495,1.00000001523728,1.000000015395116,,,,,,,,,,,,,,,,,,
square,4,4,6,correlated-top,3.0,0.1,3.086524736023116,0.01,0.13059087219345883,0.19858747188179793,Full SEP,SolutionStatus.Optimal,-1.322096678884863,-1.3220966977006214,-1.322096678884863,-1.322096678884863,0.0,1.881575850681827e-08,0.0,1.4231756678269045e-08,0.0023941248655319214,1.3161717300093618e-07,1.3161717300093618e-07,1.881575850681827e-08,1.4231756678269045e-08,,,,,,,,,,,,,,,,,,,,,,
square,4,4,6,correlated-top,3.0,0.1,3.086524736023116,0.01,0.13059087219345883,0.19858747188179793,Dual LOP/TRS,OPTIMAL,-1.322096696515578,-1.3220967518778313,-1.322096696515578,-1.322096678884863,-1.763071511007297e-08,7.299296833629398e-08,1.3335420288500229e-08,5.5210005041324634e-08,0.02391708316281438,1.1082362287462244e-08,1.1082362287462244e-08,,,,,,,,,,,,,,,,23,9.584472815404865e-07,7.249448878678223e-07,-9.030850285363101e-07,,,,0,4.218037024861616e-08
square,4,4,6,correlated-top,3.0,0.1,3.086524736023116,0.01,0.13059087219345883,0.19858747188179793,Gurobi,OPTIMAL,-1.322096781176573,-1.322098685689714,-1.322096781176573,-1.322096678884863,-1.0229170999132009e-07,2.006804850962496e-06,7.737081842093866e-08,1.517893386238096e-06,2.4246724997647107,,,,,,,,,,,,,,,,,,,,,,5.0,1.4405247543801546e-06,10,,
square,4,4,6,correlated-top,3.0,0.1,3.086524736023116,0.01,0.13059087219345883,0.19858747188179793,Lazy SEP,Optimal,-1.3220966788851678,-1.3220966977006607,-1.3220966788851678,-1.322096678884863,-3.04867242562068e-13,1.881579780871334e-08,2.3059375870994646e-13,1.4231786405213059e-08,0.005148541007656604,1.3161616219772394e-07,1.3161616219772394e-07,1.881549294147078e-08,1.423155581145763e-08,,,,,1.6917023337725823e-14,3.137758781097891e-14,1.6917023337725823e-14,3.137758781097891e-14,coordinate,36,2,2,36,,,,,,,,,
square,4,4,7,correlated-top,3.0,0.1,3.061989812475512,0.01,0.1265665598136279,0.17606982886849343,Shor,Optimal,-1.391124394372101,-1.391124394372101,-0.9388392162949526,-1.2150545722494905,0.27621535595453794,0.17606982212261046,0.22732753101218064,0.12656655496439734,0.0012998753227293491,1.1785238134250269,0.5431967682929156,6.699001353638323e-10,4.815530071027177e-10,0.17606982212261046,0.12656655496439734,1.0000000143781826,1.0000000132548383,,,,,,,,,,,,,,,,,,
square,4,4,7,correlated-top,3.0,0.1,3.061989812475512,0.01,0.1265665598136279,0.17606982886849343,Full SEP,SolutionStatus.Optimal,-1.2150545722494905,-1.2150545756400692,-1.2150545722494905,-1.2150545722494905,0.0,3.3905787066856874e-09,0.0,2.790474415438986e-09,0.002392374910414219,2.051031387471559e-08,2.051031387471559e-08,3.3905787066856874e-09,2.790474415438986e-09,,,,,,,,,,,,,,,,,,,,,,
square,4,4,7,correlated-top,3.0,0.1,3.061989812475512,0.01,0.1265665598136279,0.17606982886849343,Dual LOP/TRS,OPTIMAL,-1.2150545655036076,-1.215054573829883,-1.2150545655036076,-1.2150545722494905,6.7458829633437745e-09,1.5803924835466887e-09,5.551917681240266e-09,1.3006761322376255e-09,0.02273149974644184,4.897029156621944e-08,4.897029156621944e-08,,,,,,,,,,,,,,,,23,8.186567304058201e-07,6.737612845037842e-07,-8.103304550699519e-07,,,,0,1.3561372481324747e-07
square,4,4,7,correlated-top,3.0,0.1,3.061989812475512,0.01,0.1265665598136279,0.17606982886849343,Gurobi,OPTIMAL,-1.2150542528982908,-1.2150561563745144,-1.2150542528982908,-1.2150545722494905,3.193511997068299e-07,1.584125023823546e-06,2.628286885218655e-07,1.3037463458069787e-06,1.8120613330975175,,,,,,,,,,,,,,,,,,,,,,5.0,1.5665771458270112e-06,3,,
square,4,4,7,correlated-top,3.0,0.1,3.061989812475512,0.01,0.1265665598136279,0.17606982886849343,Lazy SEP,Optimal,-1.2150545722486625,-1.2150545756398397,-1.2150545722486625,-1.2150545722494905,8.280043317654417e-13,3.390349112564195e-09,6.814544389002352e-13,2.7902854575720267e-09,0.005300374992657453,2.0510324078131878e-08,2.0510324078131878e-08,3.3911771168959604e-09,2.7909669120090257e-09,,,,,3.010230953393034e-13,3.6454348589829043e-13,3.010230953393034e-13,3.6454348589829043e-13,coordinate,36,2,2,36,,,,,,,,,
square,4,4,8,correlated-top,3.0,0.1,2.980629533370639,0.01,0.1912350422776739,0.325409682355839,Shor,Optimal,-1.7016216195530895,-1.7016216195530895,-0.5463473927148901,-1.376211938807315,0.829864546092425,0.3254096807457745,0.6030063558463398,0.19123504133147967,0.0011447076685726643,1.7260936324840022,0.8039185663028772,1.652606940183432e-10,9.711953122795122e-11,0.3254096807457745,0.19123504133147967,1.0000000267484142,1.0000000260139288,,,,,,,,,,,,,,,,,,
square,4,4,8,correlated-top,3.0,0.1,2.980629533370639,0.01,0.1912350422776739,0.325409682355839,Full SEP,SolutionStatus.Optimal,-1.376211938807315,-1.3762119363219831,-1.376211938807315,-1.376211938807315,0.0,-2.48533194024958e-09,0.0,0.0,0.002694415859878063,4.4071252347915705e-08,4.4071252347915705e-08,-2.48533194024958e-09,1.8059223802428836e-09,,,,,,,,,,,,,,,,,,,,,,
square,4,4,8,correlated-top,3.0,0.1,2.980629533370639,0.01,0.1912350422776739,0.325409682355839,Dual LOP/TRS,OPTIMAL,-1.3762119371972505,-1.3762124920284324,-1.3762119371972505,-1.376211938807315,1.6100645261474256e-09,5.532211173608914e-07,1.1699248355182685e-09,4.0198815267654314e-07,0.02139933407306671,3.047014551114956e-10,3.047014551114956e-10,,,,,,,,,,,,,,,,23,1.0990114249764815e-06,7.985768413979606e-07,-5.441802430894427e-07,,,,0,6.912115334187614e-08
square,4,4,8,correlated-top,3.0,0.1,2.980629533370639,0.01,0.1912350422776739,0.325409682355839,Gurobi,OPTIMAL,-1.3762118965432042,-1.3762151681243002,-1.3762118965432042,-1.376211938807315,4.226411087770998e-08,3.2293169851538295e-06,3.071046667008128e-08,2.346520413341467e-06,3.361862124875188,,,,,,,,,,,,,,,,,,,,,,5.0,2.37723645918856e-06,8,,
square,4,4,8,correlated-top,3.0,0.1,2.980629533370639,0.01,0.1912350422776739,0.325409682355839,Lazy SEP,Optimal,-1.3762119376247421,-1.3762119369554873,-1.3762119376247421,-1.376211938807315,1.1825729284709041e-09,-1.8518278022128243e-09,8.592956470758225e-10,0.0,0.005453999969176948,1.0995684932061602e-08,1.0995684932061602e-08,-6.692548737419202e-10,4.863021860550151e-10,,,,,5.802247571295993e-12,1.0122802563510693e-11,5.802247571295993e-12,1.0122802563510693e-11,coordinate,36,2,2,36,,,,,,,,,
square,4,4,9,correlated-top,3.0,0.1,3.1617441064342255,0.01,0.13378203743068398,0.2029709420646384,Shor,Optimal,-1.5171763411796073,-1.5171763411796073,-0.6342520345756226,-1.3142054078555485,0.6799533732799259,0.2029709333240588,0.5173874412748295,0.13378203166960048,0.001252874732017517,1.6099289579160372,0.7525222109117787,4.0494052555573035e-10,2.669040602365895e-10,0.2029709333240588,0.13378203166960048,1.0000000035422913,1.0000000035066838,,,,,,,,,,,,,,,,,,
square,4,4,9,correlated-top,3.0,0.1,3.1617441064342255,0.01,0.13378203743068398,0.2029709420646384,Full SEP,SolutionStatus.Optimal,-1.3142054078555485,-1.314205408635702,-1.3142054078555485,-1.3142054078555485,0.0,7.801534973594926e-10,0.0,5.936313244741418e-10,0.0023515410721302032,9.328165714893832e-08,9.328165714893832e-08,7.801534973594926e-10,5.936313244741418e-10,,,,,,,,,,,,,,,,,,,,,,
square,4,4,9,correlated-top,3.0,0.1,3.1617441064342255,0.01,0.13378203743068398,0.2029709420646384,Dual LOP/TRS,OPTIMAL,-1.314205399114969,-1.3142057523516737,-1.314205399114969,-1.3142054078555485,8.740579593435882e-09,3.4449612518194783e-07,6.650847379861495e-09,2.6213256528933737e-07,0.022719208151102066,1.4207159946935402e-08,1.4207159946935402e-08,,,,,,,,,,,,,,,,23,9.514265153498513e-07,7.239555249604897e-07,-5.981898104634453e-07,,,,0,3.5547006970011784e-08
square,4,4,9,correlated-top,3.0,0.1,3.1617441064342255,0.01,0.13378203743068398,0.2029709420646384,Gurobi,OPTIMAL,-1.3142058338257032,-1.3142078639892585,-1.3142058338257032,-1.3142054078555485,-4.259701547049133e-07,2.456133709971553e-06,3.241274264206376e-07,1.8689080907764435e-06,1.5414006668142974,,,,,,,,,,,,,,,,,,,,,,5.0,1.5447835514142836e-06,2,,
square,4,4,9,correlated-top,3.0,0.1,3.1617441064342255,0.01,0.13378203743068398,0.2029709420646384,Lazy SEP,Optimal,-1.3142054078542564,-1.314205408634962,-1.3142054078542564,-1.3142054078555485,1.2920775560587572e-12,7.794134226912774e-10,9.831625622109572e-13,5.930681897747157e-10,0.0049417499685660005,9.328578596978083e-08,9.328578596978083e-08,7.807055002473362e-10,5.940513523363436e-10,,,,,3.7527619900501463e-13,4.883965429242105e-13,3.7527619900501463e-13,4.883965429242105e-13,coordinate,36,2,2,36,,,,,,,,,
square,6,6,0,correlated-top,3.0,0.1,3.1312899403503964,0.01,0.08208981650527133,0.12124347784721135,Shor,Optimal,-1.4769612481643906,-1.4769612481643906,-0.6908980727364534,-1.3557178512392345,0.6648197785027811,0.12124339692515607,0.49038210855974396,0.08208976171571246,0.0014450419694185257,1.542583105358947,0.7252208077863833,2.732232218249919e-10,1.8499010868738873e-10,0.12124339692515607,0.08208976171571246,1.0000000028831566,1.0000000028130902,,,,,,,,,,,,,,,,,,
square,6,6,0,correlated-top,3.0,0.1,3.1312899403503964,0.01,0.08208981650527133,0.12124347784721135,Full SEP,SolutionStatus.Optimal,-1.3557178512392345,-1.3557178521248052,-1.3557178512392345,-1.3557178512392345,0.0,8.855707278598857e-10,0.0,6.532116741488194e-10,0.011292666662484407,4.251336678653492e-09,4.251336678653492e-09,8.855707278598857e-10,6.532116741488194e-10,,,,,,,,,,,,,,,,,,,,,,
square,6,6,0,correlated-top,3.0,0.1,3.1312899403503964,0.01,0.08208981650527133,0.12124347784721135,Dual LOP/TRS,OPTIMAL,-1.3557177703171792,-1.3557186126541008,-1.3557177703171792,-1.3557178512392345,8.092205527887586e-08,7.614148662682396e-07,5.96894517579057e-08,5.616319339140825e-07,0.023462915793061256,1.5571631249301403e-07,1.5571631249301403e-07,,,,,,,,,,,,,,,,23,9.22267598291171e-07,6.802795135235627e-07,-7.993067663303322e-08,,,,0,1.9044644396180994e-07
square,6,6,0,correlated-top,3.0,0.1,3.1312899403503964,0.01,0.08208981650527133,0.12124347784721135,Gurobi,TIME_LIMIT,,-1.3740078652111474,-1.3557178501657747,-1.3557178512392345,1.0734597655215339e-09,0.018290013971912877,7.918017488228143e-10,0.013311433242125003,5.002610125113279,,,,,,,,,,,,,,,,,,,,,,5.0,0.013491018830456628,1,,
square,6,6,0,correlated-top,3.0,0.1,3.1312899403503964,0.01,0.08208981650527133,0.12124347784721135,Lazy SEP,Optimal,-1.3557178441163484,-1.3557178516736237,-1.3557178441163484,-1.3557178512392345,7.122886058752442e-09,4.343891912839126e-10,5.25395903892654e-09,3.2041268081530564e-10,0.02111299999523908,9.240297452229762e-08,9.240297452229762e-08,7.557275250036355e-09,5.57437171805841e-09,,,,,1.0047941818858153e-09,2.7972341548112786e-09,1.0047941818858153e-09,2.7972341548112786e-09,coordinate,100,3,3,225,,,,,,,,,
square,6,6,1,correlated-top,3.0,0.1,3.021195546933248,0.01,0.13979267835984194,0.23729517068850736,Shor,Optimal,-1.6974792490754282,-1.6974792490754282,-0.5649729304094859,-1.4601841004538338,0.8952111700443479,0.2372951486215944,0.6130810284580629,0.13979266536002885,0.0013686669990420341,1.7085373193067557,0.7973459879848551,1.5799042074604586e-09,9.307355057924805e-10,0.2372951486215944,0.13979266536002885,1.0000000279909176,1.0000000280142853,,,,,,,,,,,,,,,,,,
square,6,6,1,correlated-top,3.0,0.1,3.021195546933248,0.01,0.13979267835984194,0.23729517068850736,Full SEP,SolutionStatus.Optimal,-1.4601841004538338,-1.460184100923377,-1.4601841004538338,-1.4601841004538338,0.0,4.695430710910387e-10,0.0,3.215642950735552e-10,0.011461290996521711,1.6840227443719735e-09,1.6840227443719735e-09,4.695430710910387e-10,3.215642950735552e-10,,,,,,,,,,,,,,,,,,,,,,
square,6,6,1,correlated-top,3.0,0.1,3.021195546933248,0.01,0.13979267835984194,0.23729517068850736,Dual LOP/TRS,OPTIMAL,-1.4601840783869209,-1.4601847460611517,-1.4601840783869209,-1.4601841004538338,2.2066912963580876e-08,6.456073178284782e-07,1.511241832911504e-08,4.4214084523893567e-07,0.024290625005960464,4.100913797179102e-08,4.100913797179102e-08,,,,,,,,,,,,,,,,23,1.0984659779555983e-06,7.522787653539802e-07,-4.307917473855838e-07,,,,0,4.580615369342781e-08
square,6,6,1,correlated-top,3.0,0.1,3.021195546933248,0.01,0.13979267835984194,0.23729517068850736,Gurobi,TIME_LIMIT,,-1.4641384288930648,-1.4601840989343442,-1.4601841004538338,1.5194896452186413e-09,0.003954328439230936,1.0406151147285982e-09,0.002700788642109841,5.002634875010699,,,,,,,,,,,,,,,,,,,,,,5.0,0.0027081036984353468,1,,
square,6,6,1,correlated-top,3.0,0.1,3.021195546933248,0.01,0.13979267835984194,0.23729517068850736,Lazy SEP,Optimal,-1.4601840981402612,-1.4601841008354384,-1.4601840981402612,-1.4601841004538338,2.313572666778896e-09,3.8160452575652926e-10,1.5844390211205722e-09,2.613400087962852e-10,0.02013541600899771,2.0392693109521913e-08,2.0392693109521913e-08,2.695177192535425e-09,1.8457790295027801e-09,,,,,2.3027360617280945e-10,5.345808233383761e-10,2.3027360617280945e-10,5.345808233383761e-10,coordinate,100,3,3,225,,,,,,,,,
square,6,6,2,correlated-top,3.0,0.1,3.041268463765581,0.01,0.08622562712894932,0.14303074125408521,Shor,Optimal,-1.6587961841110714,-1.6587961841110714,-0.5792175418241072,-1.515765493612603,0.9365479517884958,0.1430306904984684,0.6178712708100856,0.08622559653108726,0.0014348328113555908,1.6887416451627486,0.7889519098065643,1.2781686820062532e-10,7.705399218115564e-11,0.1430306904984684,0.08622559653108726,1.0000000014733368,1.0000000014646675,,,,,,,,,,,,,,,,,,
square,6,6,2,correlated-top,3.0,0.1,3.041268463765581,0.01,0.08622562712894932,0.14303074125408521,Full SEP,SolutionStatus.Optimal,-1.515765493612603,-1.5157654942844598,-1.515765493612603,-1.515765493612603,0.0,6.718567924224317e-10,0.0,4.4324586814769254e-10,0.011102083139121532,2.3308830252331407e-09,2.3308830252331407e-09,6.718567924224317e-10,4.4324586814769254e-10,,,,,,,,,,,,,,,,,,,,,,
square,6,6,2,correlated-top,3.0,0.1,3.041268463765581,0.01,0.08622562712894932,0.14303074125408521,Dual LOP/TRS,OPTIMAL,-1.5157654428569862,-1.5157660524047456,-1.5157654428569862,-1.515765493612603,5.075561682055252e-08,5.58792142557607e-07,3.3485138060231205e-08,3.6865329030894286e-07,0.02434529224410653,7.54484820031362e-08,7.54484820031362e-08,,,,,,,,,,,,,,,,23,1.0671316155175248e-06,7.040213190053522e-07,-4.5758385591732065e-07,,,,0,7.547881958364512e-08
square,6,6,2,correlated-top,3.0,0.1,3.041268463765581,0.01,0.08622562712894932,0.14303074125408521,Gurobi,TIME_LIMIT,,-1.5197318591441327,-1.5157654943135175,-1.515765493612603,-7.00914437601341e-10,0.003966365531529625,4.6241614565766425e-10,0.002609911418033549,5.002977333962917,,,,,,,,,,,,,,,,,,,,,,5.0,0.0026167404163079553,2,,
square,6,6,2,correlated-top,3.0,0.1,3.041268463765581,0.01,0.08622562712894932,0.14303074125408521,Lazy SEP,Optimal,-1.5157654913960228,-1.5157654940401655,-1.5157654913960228,-1.515765493612603,2.2165802526785683e-09,4.2756242990549254e-10,1.462350384686273e-09,2.8207689882546093e-10,0.02052216697484255,2.2140574792962982e-08,2.2140574792962982e-08,2.644142682584061e-09,1.7444272830992386e-09,,,,,4.550691368870874e-10,9.459943040890787e-10,4.550691368870874e-10,9.459943040890787e-10,coordinate,100,3,3,225,,,,,,,,,
square,6,6,3,correlated-top,3.0,0.1,3.223117248505764,0.01,0.14214311411779915,0.25002956820968714,Shor,Optimal,-1.758998807374366,-1.758998807374366,-0.5324674501768698,-1.5089692345845196,0.9765017844076498,0.2500295727898465,0.6471316724204257,0.14214311672164365,0.0015269587747752666,1.7300640706639159,0.8033238954233336,7.87645504374268e-11,4.4778057897036095e-11,0.2500295727898465,0.14214311672164365,1.0000000035745111,1.0000000034556986,,,,,,,,,,,,,,,,,,
square,6,6,3,correlated-top,3.0,0.1,3.223117248505764,0.01,0.14214311411779915,0.25002956820968714,Full SEP,SolutionStatus.Optimal,-1.5089692345845196,-1.5089692592219746,-1.5089692345845196,-1.5089692345845196,0.0,2.4637454965059646e-08,0.0,1.6327340543546085e-08,0.011319458950310946,1.5838779867996526e-07,1.5838779867996526e-07,2.4637454965059646e-08,1.6327340543546085e-08,,,,,,,,,,,,,,,,,,,,,,
square,6,6,3,correlated-top,3.0,0.1,3.223117248505764,0.01,0.14214311411779915,0.25002956820968714,Dual LOP/TRS,OPTIMAL,-1.508969239164679,-1.5089700465618021,-1.508969239164679,-1.5089692345845196,-4.5801593628880255e-09,8.119772825221361e-07,3.0352900801499886e-09,5.381003316614743e-07,0.02515570819377899,1.5050739256327383e-08,1.5050739256327383e-08,,,,,,,,,,,,,,,,23,1.1239486852332448e-06,7.448449277003007e-07,-3.165515620739967e-07,,,,0,1.002789277967896e-07
square,6,6,3,correlated-top,3.0,0.1,3.223117248505764,0.01,0.14214311411779915,0.25002956820968714,Gurobi,TIME_LIMIT,,-1.5252116041023898,-1.5089692543178495,-1.5089692345845196,-1.973332985905074e-08,0.01624236951787017,1.3077357144676528e-08,0.010649256453453914,5.0039362497627735,,,,,,,,,,,,,,,,,,,,,,5.0,0.010763870594489277,1,,
square,6,6,3,correlated-top,3.0,0.1,3.223117248505764,0.01,0.14214311411779915,0.25002956820968714,Lazy SEP,Optimal,-1.5089692528197314,-1.5089692552873142,-1.5089692528197314,-1.5089692345845196,-1.823521178501153e-08,2.0702794589766427e-08,1.2084548277532063e-08,1.3719825316006539e-08,0.03109166701324284,2.4027863380464957e-08,2.4027863380464957e-08,2.4675828047548976e-09,1.6352770582360602e-09,,,,,2.298451585308614e-10,3.6602386820048953e-10,2.298451585308614e-10,3.6602386820048953e-10,coordinate,150,4,4,225,,,,,,,,,
square,6,6,4,correlated-top,3.0,0.1,3.094855401082871,0.01,0.1461839864299948,0.2767437023101793,Shor,Optimal,-1.8931191375240508,-1.8931191375240508,-0.46780645008323896,-1.6163754371327508,1.148568987049512,0.27674370039130003,0.7105830493730656,0.14618398541638755,0.0015485002659261227,1.7997569092360393,0.8311214924320214,4.756639526704021e-12,2.5125938629119114e-12,0.27674370039130003,0.14618398541638755,1.0000000015237815,1.0000000015031623,,,,,,,,,,,,,,,,,,
square,6,6,4,correlated-top,3.0,0.1,3.094855401082871,0.01,0.1461839864299948,0.2767437023101793,Full SEP,SolutionStatus.Optimal,-1.6163754371327508,-1.6163754368246372,-1.6163754371327508,-1.6163754371327508,0.0,-3.0811353468607194e-10,0.0,0.0,0.01060687517747283,1.6331463144346112e-08,1.6331463144346112e-08,-3.0811353468607194e-10,1.9062003022801873e-10,,,,,,,,,,,,,,,,,,,,,,
square,6,6,4,correlated-top,3.0,0.1,3.094855401082871,0.01,0.1461839864299948,0.2767437023101793,Dual LOP/TRS,OPTIMAL,-1.6163754352138715,-1.6163760208549844,-1.6163754352138715,-1.6163754371327508,1.9188792776958508e-09,5.83722233660211e-07,1.18714949114774e-09,3.61130223493077e-07,0.02440741704776883,1.4474698404602002e-09,1.4474698404602002e-09,,,,,,,,,,,,,,,,23,1.218902867305971e-06,7.540961085658958e-07,-6.332617544790864e-07,,,,0,2.4369085359765153e-08
square,6,6,4,correlated-top,3.0,0.1,3.094855401082871,0.01,0.1461839864299948,0.2767437023101793,Gurobi,TIME_LIMIT,,-2.292450901361915,-1.6163754368888392,-1.6163754371327508,2.439115576180484e-10,0.6760754642291642,1.509003119044652e-10,0.29491382512380815,5.003239832818508,,,,,,,,,,,,,,,,,,,,,,5.0,0.4182663563450145,1,,
square,6,6,4,correlated-top,3.0,0.1,3.094855401082871,0.01,0.1461839864299948,0.2767437023101793,Lazy SEP,Optimal,-1.6163754398818966,-1.6163754361365383,-1.6163754398818966,-1.6163754371327508,-2.7491457998962687e-09,-9.962124458695598e-10,1.7008089408344018e-09,0.0,0.020407458010595292,9.016679399613954e-08,9.016679399613954e-08,-3.7453582457658285e-09,2.317133849818635e-09,,,,,1.1861283483183271e-09,3.217397373725064e-09,1.1861283483183271e-09,3.217397373725064e-09,coordinate,100,3,3,225,,,,,,,,,
square,6,6,5,correlated-top,3.0,0.1,3.2019328585290667,0.01,0.09925819652026777,0.15389846150230801,Shor,Optimal,-1.550486175425151,-1.550486175425151,-0.6964900752770193,-1.3965877140713017,0.7000976387942823,0.15389846135384944,0.5012915635304948,0.09925819642451808,0.0016488749533891678,1.5427613216409364,0.7261481303965399,1.5136603082055444e-10,9.762488258178059e-11,0.15389846135384944,0.09925819642451808,1.0000000026638842,1.000000002662045,,,,,,,,,,,,,,,,,,
square,6,6,5,correlated-top,3.0,0.1,3.2019328585290667,0.01,0.09925819652026777,0.15389846150230801,Full SEP,SolutionStatus.Optimal,-1.3965877140713017,-1.3965877146935501,-1.3965877140713017,-1.3965877140713017,0.0,6.222484749685009e-10,0.0,4.455491541432035e-10,0.010402124840766191,1.405689361245068e-08,1.405689361245068e-08,6.222484749685009e-10,4.455491541432035e-10,,,,,,,,,,,,,,,,,,,,,,
square,6,6,5,correlated-top,3.0,0.1,3.2019328585290667,0.01,0.09925819652026777,0.15389846150230801,Dual LOP/TRS,OPTIMAL,-1.396587713922843,-1.3965877327411402,-1.396587713922843,-1.3965877140713017,1.4845857876366608e-10,1.866983856402271e-08,1.063009342470033e-10,1.3368181694807423e-08,0.025530042126774788,1.6951886856873081e-09,1.6951886856873081e-09,,,,,,,,,,,,,,,,23,9.842400883197655e-07,7.0474633654984e-07,-9.654217911769791e-07,,,,0,2.139577824714348e-08
square,6,6,5,correlated-top,3.0,0.1,3.2019328585290667,0.01,0.09925819652026777,0.15389846150230801,Gurobi,TIME_LIMIT,,-1.719437514687229,-1.3965877134713343,-1.3965877140713017,5.999674090872986e-10,0.3228498006159273,4.295952220131501e-10,0.18776477647962372,5.003297209274024,,,,,,,,,,,,,,,,,,,,,,5.0,0.2311704435759533,1,,
square,6,6,5,correlated-top,3.0,0.1,3.2019328585290667,0.01,0.09925819652026777,0.15389846150230801,Lazy SEP,Optimal,-1.396587714716848,-1.396587714889481,-1.396587714716848,-1.3965877140713017,-6.455462830956549e-10,8.18179302086719e-10,4.6223110535276087e-10,5.858416863930853e-10,0.020443374989554286,6.527604263115744e-09,6.527604263115744e-09,1.726330189910641e-10,1.2361058109746113e-10,,,,,1.1401529508925715e-10,2.9176042526670026e-10,1.1401529508925715e-10,2.9176042526670026e-10,coordinate,100,3,3,225,,,,,,,,,
square,6,6,6,correlated-top,3.0,0.1,3.0123771064305265,0.01,0.14956536394951467,0.2704028940913945,Shor,Optimal,-1.8079245551976069,-1.8079245551976069,-0.5169951908318879,-1.5375216667229556,1.0205264758910677,0.2704028884746512,0.6637477038396463,0.14956536084277924,0.001410915981978178,1.7617735594569313,0.8181317055016593,1.6189938278898808e-10,8.954985556423974e-11,0.2704028884746512,0.14956536084277924,1.0000000029148162,1.0000000029121061,,,,,,,,,,,,,,,,,,
square,6,6,6,correlated-top,3.0,0.1,3.0123771064305265,0.01,0.14956536394951467,0.2704028940913945,Full SEP,SolutionStatus.Optimal,-1.5375216667229556,-1.5375216674852044,-1.5375216667229556,-1.5375216667229556,0.0,7.622487085967578e-10,0.0,4.957645311389363e-10,0.010429917369037867,1.9275115375101065e-08,1.9275115375101065e-08,7.622487085967578e-10,4.957645311389363e-10,,,,,,,,,,,,,,,,,,,,,,
square,6,6,6,correlated-top,3.0,0.1,3.0123771064305265,0.01,0.14956536394951467,0.2704028940913945,Dual LOP/TRS,OPTIMAL,-1.5375216611062124,-1.5375218568117979,-1.5375216611062124,-1.5375216667229556,5.61674329269124e-09,1.900888422223801e-07,3.6531148888865153e-09,1.2363326178435468e-07,0.025582000147551298,9.566626169029407e-09,9.566626169029407e-09,,,,,,,,,,,,,,,,23,1.1744875767494278e-06,7.638834996367745e-07,-9.787819910123119e-07,,,,0,1.5588949178173683e-07
square,6,6,6,correlated-top,3.0,0.1,3.0123771064305265,0.01,0.14956536394951467,0.2704028940913945,Gurobi,TIME_LIMIT,,-1.6272831733739974,-1.5375216653909718,-1.5375216667229556,1.3319838565450937e-09,0.08976150665104177,8.66318755288866e-10,0.05516034831536474,5.002967957872897,,,,,,,,,,,,,,,,,,,,,,5.0,0.05838064594699577,1,,
square,6,6,6,correlated-top,3.0,0.1,3.0123771064305265,0.01,0.14956536394951467,0.2704028940913945,Lazy SEP,Optimal,-1.5375216638485991,-1.5375216672371137,-1.5375216638485991,-1.5375216667229556,2.874356530568889e-09,5.141580494694153e-10,1.8694738375266203e-09,3.3440702685728256e-10,0.03105387499090284,4.6486988771481e-08,4.6486988771481e-08,3.3885145800383043e-09,2.2038808637587374e-09,,,,,2.1393197814374015e-10,4.4880874684289633e-10,2.1393197814374015e-10,4.4880874684289633e-10,coordinate,150,4,4,225,,,,,,,,,
square,6,6,7,correlated-top,3.0,0.1,2.9930993638101184,0.01,0.19410172734653594,0.3333911855608436,Shor,Optimal,-1.7176106061417462,-1.7176106061417462,-0.5607608227581484,-1.3842195900386582,0.8234587672805098,0.33339101610308797,0.5948902711725907,0.19410162868752964,0.0014079171232879162,1.7190346336276847,0.8017924244760309,1.5654100238293722e-10,9.113881913815956e-11,0.33339101610308797,0.19410162868752964,1.0000000069203616,1.0000000069250896,,,,,,,,,,,,,,,,,,
square,6,6,7,correlated-top,3.0,0.1,2.9930993638101184,0.01,0.19410172734653594,0.3333911855608436,Full SEP,SolutionStatus.Optimal,-1.3842195900386582,-1.3842195951391731,-1.3842195900386582,-1.3842195900386582,0.0,5.100514899325503e-09,0.0,3.684758485746392e-09,0.010728416033089161,1.0433133643251525e-06,1.0433133643251525e-06,5.100514899325503e-09,3.684758485746392e-09,,,,,,,,,,,,,,,,,,,,,,
square,6,6,7,correlated-top,3.0,0.1,2.9930993638101184,0.01,0.19410172734653594,0.3333911855608436,Dual LOP/TRS,OPTIMAL,-1.3842194205809026,-1.3842202970676851,-1.3842194205809026,-1.3842195900386582,1.6945775560550658e-07,7.0702902688069e-07,1.2242115111286208e-07,5.107778208269676e-07,0.026531833689659834,1.9853882009791437e-07,1.9853882009791437e-07,,,,,,,,,,,,,,,,23,1.1163515569734273e-06,8.06484025222208e-07,-2.3986477470927525e-07,,,,1,7.258901448209431e-05
square,6,6,7,correlated-top,3.0,0.1,2.9930993638101184,0.01,0.19410172734653594,0.3333911855608436,Gurobi,TIME_LIMIT,,-1.480885837348374,-1.384219595378103,-1.3842195900386582,-5.339444664187454e-09,0.09666624730971574,3.857368210951364e-09,0.06527596177353089,5.0035060830414295,,,,,,,,,,,,,,,,,,,,,,5.0,0.06983447011806422,1,,
square,6,6,7,correlated-top,3.0,0.1,2.9930993638101184,0.01,0.19410172734653594,0.3333911855608436,Lazy SEP,Optimal,-1.3842195910180126,-1.3842195947502887,-1.3842195910180126,-1.3842195900386582,-9.793543753744416e-10,4.711630419151902e-09,7.075137367866494e-10,3.4038171667421553e-09,0.030640791985206306,4.99113559050486e-07,4.99113559050486e-07,3.7322760437774605e-09,2.6963034318631777e-09,,,,,1.2631582418931586e-08,2.1783651390736596e-08,1.2631582418931586e-08,2.1783651390736596e-08,coordinate,135,4,4,225,,,,,,,,,
square,6,6,8,correlated-top,3.0,0.1,2.913998246520099,0.01,0.14765809867018925,0.28660032748900477,Shor,Optimal,-1.9409726257491533,-1.9409726257491533,-0.4790196756972799,-1.6543722998415227,1.1753526241442427,0.2866003259076306,0.710452311282553,0.1476580978554564,0.0013728328049182892,1.7947262691372519,0.830136860151166,-2.3284707495463408e-11,1.1996412101111554e-11,0.2866003259076306,0.1476580978554564,1.0000000081135578,1.0000000081387,,,,,,,,,,,,,,,,,,
square,6,6,8,correlated-top,3.0,0.1,2.913998246520099,0.01,0.14765809867018925,0.28660032748900477,Full SEP,SolutionStatus.Optimal,-1.6543722998415227,-1.654372298935891,-1.6543722998415227,-1.6543722998415227,0.0,-9.056315697364425e-10,0.0,0.0,0.011353458277881145,9.636110243144118e-08,9.636110243144118e-08,-9.056315697364425e-10,5.474170293005968e-10,,,,,,,,,,,,,,,,,,,,,,
square,6,6,8,correlated-top,3.0,0.1,2.913998246520099,0.01,0.14765809867018925,0.28660032748900477,Dual LOP/TRS,OPTIMAL,-1.6543722982601485,-1.6543727732894107,-1.6543722982601485,-1.6543722998415227,1.5813741427450623e-09,4.7344788800529614e-07,9.55875616931296e-10,2.861796903632146e-07,0.023893124889582396,2.9538723841299504e-09,2.9538723841299504e-09,,,,,,,,,,,,,,,,23,1.2529899975355363e-06,7.573806930128572e-07,-7.779607367197627e-07,,,,0,6.600129438401487e-08
square,6,6,8,correlated-top,3.0,0.1,2.913998246520099,0.01,0.14765809867018925,0.28660032748900477,Gurobi,TIME_LIMIT,,-1.782760376666273,-1.6543722982680782,-1.6543722998415227,1.5734444858139796e-09,0.12838807682475029,9.510824655155944e-10,0.07201645184914501,5.00360987521708,,,,,,,,,,,,,,,,,,,,,,5.0,0.07760531201628625,1,,
square,6,6,8,correlated-top,3.0,0.1,2.913998246520099,0.01,0.14765809867018925,0.28660032748900477,Lazy SEP,Optimal,-1.6543722994591004,-1.654372299096179,-1.6543722994591004,-1.6543722998415227,3.8242231603646815e-10,-7.453435646453954e-10,2.3115855848958638e-10,0.0,0.030497417028527707,4.620286713899477e-08,4.620286713899477e-08,-3.6292124860892727e-10,2.1937096548798897e-10,,,,,2.8496580269099514e-10,4.756588220331635e-10,2.8496580269099514e-10,4.756588220331635e-10,coordinate,150,4,4,225,,,,,,,,,
square,6,6,9,correlated-top,3.0,0.1,3.1493954610567028,0.01,0.14162213039868018,0.2667063359001036,Shor,Optimal,-1.8832249956225,-1.8832249956225,-0.4648833600940748,-1.616518698290245,1.1516353381961704,0.2667062973322549,0.712416960851878,0.14162210991899837,0.0014619170688092709,1.8004901771671598,0.830652318200925,1.336686317188196e-11,7.097857772147689e-12,0.2667062973322549,0.14162210991899837,1.0000000015591328,1.0000000015902912,,,,,,,,,,,,,,,,,,
square,6,6,9,correlated-top,3.0,0.1,3.1493954610567028,0.01,0.14162213039868018,0.2667063359001036,Full SEP,SolutionStatus.Optimal,-1.616518698290245,-1.6165186982399544,-1.616518698290245,-1.616518698290245,0.0,-5.0290660524865416e-11,0.0,0.0,0.012633041944354773,2.930923154964417e-09,2.930923154964417e-09,-5.0290660524865416e-11,3.111047250987984e-11,,,,,,,,,,,,,,,,,,,,,,
square,6,6,9,correlated-top,3.0,0.1,3.1493954610567028,0.01,0.14162213039868018,0.2667063359001036,Dual LOP/TRS,OPTIMAL,-1.6165186597223964,-1.616519768897097,-1.6165186597223964,-1.616518698290245,3.856784869249452e-08,1.0706068518384626e-06,2.385858495375702e-08,6.622912212010285e-07,0.023790125269442797,1.224658723477736e-07,1.224658723477736e-07,,,,,,,,,,,,,,,,23,1.2100058661701496e-06,7.485252512536239e-07,-1.0083116563919248e-07,,,,0,1.5920394325806223e-07
square,6,6,9,correlated-top,3.0,0.1,3.1493954610567028,0.01,0.14162213039868018,0.2667063359001036,Gurobi,TIME_LIMIT,,-1.6878803581304203,-1.616518697264618,-1.616518698290245,1.0256271387731886e-09,0.07136165984017517,6.344666101653949e-10,0.042278861470500716,5.003554041031748,,,,,,,,,,,,,,,,,,,,,,5.0,0.04414527403027042,1,,
square,6,6,9,correlated-top,3.0,0.1,3.1493954610567028,0.01,0.14162213039868018,0.2667063359001036,Lazy SEP,Optimal,-1.6165186984300075,-1.6165186982910846,-1.6165186984300075,-1.616518698290245,-1.3976242385638216e-10,8.395506512215434e-13,8.645889713006226e-11,5.193572162877429e-13,0.020202708954457194,1.3195960567149991e-08,1.3195960567149991e-08,-1.3892287320516061e-10,8.593953991381915e-11,,,,,3.110894624585095e-10,1.0597979671387654e-09,3.110894624585095e-10,1.0597979671387654e-09,coordinate,100,3,3,225,,,,,,,,,
square,8,8,0,correlated-top,3.0,0.1,3.0866984819065815,0.01,0.12416750536331216,0.22879689859377694,Shor,Optimal,-1.8426471396386748,-1.8426471396386748,-0.4882178446737589,-1.6138502483940724,1.1256324037203136,0.22879689124460234,0.6974825606281748,0.12416750137493344,0.0018253750167787075,1.7733820841853951,0.8168702878951083,2.4290702782536755e-10,1.3182503725211289e-10,0.22879689124460234,0.12416750137493344,1.000000012957881,1.0000000130292286,,,,,,,,,,,,,,,,,,
square,8,8,0,correlated-top,3.0,0.1,3.0866984819065815,0.01,0.12416750536331216,0.22879689859377694,Full SEP,SolutionStatus.Optimal,-1.6138502483940724,-1.6138502482799981,-1.6138502483940724,-1.6138502483940724,0.0,-1.1407430555721021e-10,0.0,0.0,0.04925216734409332,5.035002268270754e-09,5.035002268270754e-09,-1.1407430555721021e-10,7.068456671907725e-11,,,,,,,,,,,,,,,,,,,,,,
square,8,8,0,correlated-top,3.0,0.1,3.0866984819065815,0.01,0.12416750536331216,0.22879689859377694,Dual LOP/TRS,OPTIMAL,-1.6138502410448978,-1.6138510772075938,-1.6138502410448978,-1.6138502483940724,7.349174602211406e-09,8.288135213696535e-07,4.553814462974183e-09,5.135625790229224e-07,0.027764666825532913,2.3057871196699992e-08,2.3057871196699992e-08,,,,,,,,,,,,,,,,23,1.17238884844717e-06,7.26454172262118e-07,-3.36226153141439e-07,,,,0,2.8479913911206707e-08
square,8,8,0,correlated-top,3.0,0.1,3.0866984819065815,0.01,0.12416750536331216,0.22879689859377694,Gurobi,TIME_LIMIT,,-1.9485734002641926,-1.6138502462687718,-1.6138502483940724,2.125300602173752e-09,0.33472315187012014,1.3169131425227459e-09,0.17177856981150288,5.005839291960001,,,,,,,,,,,,,,,,,,,,,,5.0,0.20740657614874863,1,,
square,8,8,0,correlated-top,3.0,0.1,3.0866984819065815,0.01,0.12416750536331216,0.22879689859377694,Lazy SEP,Optimal,-1.6138502485497785,-1.6138502482974746,-1.6138502485497785,-1.6138502483940724,-1.557061146684191e-10,-9.659784083737577e-11,9.64811417963582e-11,0.0,0.10237512498861179,3.055921583698092e-08,3.055921583698092e-08,-2.523039555057949e-10,1.5633665870332e-10,,,,,1.6571554545263822e-10,9.83528281780826e-10,1.6571554545263822e-10,9.83528281780826e-10,coordinate,250,6,6,784,,,,,,,,,
square,8,8,1,correlated-top,3.0,0.1,3.1305428505373074,0.01,0.14252858113452035,0.2603403849092676,Shor,Optimal,-1.826583712803223,-1.826583712803223,-0.5014036926078438,-1.5662433313676238,1.06483963875978,0.2603403814355991,0.6798685858282159,0.14252857923279066,0.0018796660006046295,1.7651039191853901,0.8172064640423765,1.7718670974886663e-10,9.700442881807021e-11,0.2603403814355991,0.14252857923279066,1.0000000149685868,1.0000000148830008,,,,,,,,,,,,,,,,,,
square,8,8,1,correlated-top,3.0,0.1,3.1305428505373074,0.01,0.14252858113452035,0.2603403849092676,Full SEP,SolutionStatus.Optimal,-1.5662433313676238,-1.5662433323007352,-1.5662433313676238,-1.5662433313676238,0.0,9.331113659527546e-10,0.0,5.957639829706789e-10,0.05219254083931446,5.266784344506674e-09,5.266784344506674e-09,9.331113659527546e-10,5.957639829706789e-10,,,,,,,,,,,,,,,,,,,,,,
square,8,8,1,correlated-top,3.0,0.1,3.1305428505373074,0.01,0.14252858113452035,0.2603403849092676,Dual LOP/TRS,OPTIMAL,-1.5662433278939554,-1.5662435774651855,-1.5662433278939554,-1.5662433313676238,3.473668463982449e-09,2.4609756166249497e-07,2.2178344797479747e-09,1.5712598295903642e-07,0.02788745891302824,3.3545232852361946e-09,3.3545232852361946e-09,,,,,,,,,,,,,,,,23,1.1717137891054108e-06,7.481044493741623e-07,-9.221425587568888e-07,,,,0,2.911799266998862e-08
square,8,8,1,correlated-top,3.0,0.1,3.1305428505373074,0.01,0.14252858113452035,0.2603403849092676,Gurobi,TIME_LIMIT,,-3.431449362265684,-1.5662433322785887,-1.5662433313676238,-9.109648591021369e-10,1.86520603089806,5.81624093988547e-10,0.5435621610532874,5.005163291934878,,,,,,,,,,,,,,,,,,,,,,5.0,1.1908788318821266,1,,
square,8,8,1,correlated-top,3.0,0.1,3.1305428505373074,0.01,0.14252858113452035,0.2603403849092676,Lazy SEP,Optimal,-1.5662433197956285,-1.566243332037537,-1.5662433197956285,-1.5662433313676238,1.1571995361947529e-08,6.699132359955229e-10,7.388376461174145e-09,4.277197688842052e-10,0.08383600000524893,1.0694243988976074e-07,1.0694243988976074e-07,1.2241908597943052e-08,7.816096226898196e-09,,,,,8.989824631239207e-10,5.337127140425087e-09,8.989824631239207e-10,5.337127140425087e-09,coordinate,200,5,5,784,,,,,,,,,
square,8,8,2,correlated-top,3.0,0.1,3.145437193832434,0.01,0.02103650705728097,0.03746375492302767,Shor,Optimal,-1.7808923706305626,-1.7808923706305626,-0.5297825051378395,-1.7434286255757552,1.2136461204379156,0.03746374505480743,0.69612607171522,0.02103650151611498,0.0017096246592700481,1.7258884469697358,0.7971860689571781,2.5620772170498185e-10,1.4386479830573146e-10,0.03746374505480743,0.02103650151611498,1.000000023597436,1.0000000242250757,,,,,,,,,,,,,,,,,,
square,8,8,2,correlated-top,3.0,0.1,3.145437193832434,0.01,0.02103650705728097,0.03746375492302767,Full SEP,SolutionStatus.Optimal,-1.7434286255757552,-1.7434286260551037,-1.7434286255757552,-1.7434286255757552,0.0,4.79348560844528e-10,0.0,2.7494590468504646e-10,0.05353137478232384,1.0615220697670625e-08,1.0615220697670625e-08,4.79348560844528e-10,2.7494590468504646e-10,,,,,,,,,,,,,,,,,,,,,,
square,8,8,2,correlated-top,3.0,0.1,3.145437193832434,0.01,0.02103650705728097,0.03746375492302767,Dual LOP/TRS,OPTIMAL,-1.743428615707535,-1.7434288466020367,-1.743428615707535,-1.7434286255757552,9.868220240960568e-09,2.2102628149944792e-07,5.660237589423345e-09,1.2677677206628233e-07,0.028518499806523323,1.64454519552366e-08,1.64454519552366e-08,,,,,,,,,,,,,,,,23,1.1341228152161875e-06,6.505128198530191e-07,-9.03228313475779e-07,,,,0,5.769197539727928e-08
square,8,8,2,correlated-top,3.0,0.1,3.145437193832434,0.01,0.02103650705728097,0.03746375492302767,Gurobi,TIME_LIMIT,,-1.9957728007694957,-1.7434286250679027,-1.7434286255757552,5.078524267787543e-10,0.2523441751937405,2.912952209965232e-10,0.1264393297155097,5.004814208019525,,,,,,,,,,,,,,,,,,,,,,5.0,0.14474018154414822,1,,
square,8,8,2,correlated-top,3.0,0.1,3.145437193832434,0.01,0.02103650705728097,0.03746375492302767,Lazy SEP,Optimal,-1.7434286237135603,-1.7434286269324797,-1.7434286237135603,-1.7434286255757552,1.862194842772169e-09,1.3567245105150505e-09,1.0681222135819825e-09,7.78193319506388e-10,0.08133791701402515,1.974251394474824e-07,1.974251394474824e-07,3.2189193532872196e-09,1.846315532257165e-09,,,,,2.2485547625239466e-09,9.661000834662883e-09,2.2485547625239466e-09,9.661000834662883e-09,coordinate,200,5,5,784,,,,,,,,,
square,8,8,3,correlated-top,3.0,0.1,3.1576797490372948,0.01,0.08491161702560725,0.17567543046778078,Shor,Optimal,-2.068921033676716,-2.068921033676716,-0.4422316657704989,-1.893245609575727,1.4510139438052283,0.17567542410098902,0.7664161144577527,0.0849116139482584,0.0017419173382222652,1.8101610727101205,0.8238032499056278,8.140288443314603e-11,3.934557342117767e-11,0.17567542410098902,0.0849116139482584,1.000000006169953,1.0000000058899485,,,,,,,,,,,,,,,,,,
square,8,8,3,correlated-top,3.0,0.1,3.1576797490372948,0.01,0.08491161702560725,0.17567543046778078,Full SEP,SolutionStatus.Optimal,-1.893245609575727,-1.8932456098863684,-1.893245609575727,-1.893245609575727,0.0,3.106412904685385e-10,0.0,1.640787063476582e-10,0.05340495798736811,9.773933194143946e-10,9.773933194143946e-10,3.106412904685385e-10,1.640787063476582e-10,,,,,,,,,,,,,,,,,,,,,,
square,8,8,3,correlated-top,3.0,0.1,3.1576797490372948,0.01,0.08491161702560725,0.17567543046778078,Dual LOP/TRS,OPTIMAL,-1.8932456032089353,-1.8932465544236032,-1.8932456032089353,-1.893245609575727,6.366791760470392e-09,9.448478761608925e-07,3.3628979400602853e-09,4.990622451963476e-07,0.028154791798442602,5.770085642662685e-09,5.770085642662685e-09,,,,,,,,,,,,,,,,23,1.298425391427216e-06,6.858194926558417e-07,-3.472107232838084e-07,,,,0,2.383060748739131e-08
square,8,8,3,correlated-top,3.0,0.1,3.1576797490372948,0.01,0.08491161702560725,0.17567543046778078,Gurobi,TIME_LIMIT,,-2.050765578368673,-1.8932456098722577,-1.893245609575727,-2.965305778701577e-10,0.15751996879294605,1.566255198606616e-10,0.07681032413185362,5.0045862081460655,,,,,,,,,,,,,,,,,,,,,,5.0,0.08320102139681906,1,,
square,8,8,3,correlated-top,3.0,0.1,3.1576797490372948,0.01,0.08491161702560725,0.17567543046778078,Lazy SEP,Optimal,-1.8932456086387948,-1.8932456101228237,-1.8932456086387948,-1.893245609575727,9.369323095143045e-10,5.470965902532043e-10,4.948815435120799e-10,2.889728555703407e-10,0.06051508302334696,3.328557727128081e-08,3.328557727128081e-08,1.4840288997675088e-09,7.838543989394133e-10,,,,,3.966677923628037e-10,1.7851980496865947e-09,3.966677923628037e-10,1.7851980496865947e-09,coordinate,150,4,4,784,,,,,,,,,
square,8,8,4,correlated-top,3.0,0.1,3.178771613467807,0.01,0.09182322135167176,0.1736452886402875,Shor,Optimal,-1.891082517953135,-1.891082517953135,-0.5025587897757331,-1.7174372304547743,1.2148784406790412,0.17364528749836072,0.7073786564865276,0.09182322074782356,0.001765166874974966,1.7530695578918314,0.7986275670709649,7.366551812992839e-12,3.89541532062082e-12,0.17364528749836072,0.09182322074782356,1.0000000019035642,1.000000001813404,,,,,,,,,,,,,,,,,,
square,8,8,4,correlated-top,3.0,0.1,3.178771613467807,0.01,0.09182322135167176,0.1736452886402875,Full SEP,SolutionStatus.Optimal,-1.7174372304547743,-1.7174372300827474,-1.7174372304547743,-1.7174372304547743,0.0,-3.7202685376769296e-10,0.0,0.0,0.04885958321392536,8.65110190946508e-10,8.65110190946508e-10,-3.7202685376769296e-10,2.166174385710626e-10,,,,,,,,,,,,,,,,,,,,,,
square,8,8,4,correlated-top,3.0,0.1,3.178771613467807,0.01,0.09182322135167176,0.1736452886402875,Dual LOP/TRS,OPTIMAL,-1.7174372293128475,-1.717438393980712,-1.7174372293128475,-1.7174372304547743,1.1419267753609574e-09,1.1635259378195428e-06,6.649016075298294e-10,6.774775397460982e-07,0.02760745771229267,7.411988291847573e-10,7.411988291847573e-10,,,,,,,,,,,,,,,,23,1.1865605213934316e-06,6.908897143280922e-07,-2.1892657020572415e-08,,,,0,1.4110496301547969e-08
square,8,8,4,correlated-top,3.0,0.1,3.178771613467807,0.01,0.09182322135167176,0.1736452886402875,Gurobi,TIME_LIMIT,,-1.9672227466450953,-1.7174372288100594,-1.7174372304547743,1.6447148087905816e-09,0.24978551619032108,9.576564311203758e-10,0.12697368237344026,5.004760832991451,,,,,,,,,,,,,,,,,,,,,,5.0,0.14544084269566104,1,,
square,8,8,4,correlated-top,3.0,0.1,3.178771613467807,0.01,0.09182322135167176,0.1736452886402875,Lazy SEP,Optimal,-1.71743723215147,-1.7174372299658842,-1.71743723215147,-1.7174372304547743,-1.6966956728481364e-09,-4.888900395627616e-10,9.87922959328563e-10,0.0,0.0593639169819653,1.3240358115841407e-08,1.3240358115841407e-08,-2.185585712410898e-09,1.272585496282137e-09,,,,,9.493390795700662e-11,5.42958437018263e-10,9.493390795700662e-11,5.42958437018263e-10,coordinate,150,4,4,784,,,,,,,,,
square,8,8,5,correlated-top,3.0,0.1,3.0348012062181287,0.01,0.13397042223220101,0.25553561824627136,Shor,Optimal,-1.9074032460939054,-1.9074032460939054,-0.4684601897339076,-1.6518676529605092,1.1834074632266016,0.25553559313339624,0.7164057369279409,0.13397040906619895,0.001666541676968336,1.8007566003211848,0.8319968485643595,2.469098259183511e-10,1.2944815231073337e-10,0.25553559313339624,0.13397040906619895,1.0000000067540946,1.0000000067151429,,,,,,,,,,,,,,,,,,
square,8,8,5,correlated-top,3.0,0.1,3.0348012062181287,0.01,0.13397042223220101,0.25553561824627136,Full SEP,SolutionStatus.Optimal,-1.6518676529605092,-1.651867651127498,-1.6518676529605092,-1.6518676529605092,0.0,-1.8330112983022673e-09,0.0,0.0,0.047597500029951334,1.7641358317435226e-08,1.7641358317435226e-08,-1.8330112983022673e-09,1.1096599022428395e-09,,,,,,,,,,,,,,,,,,,,,,
square,8,8,5,correlated-top,3.0,0.1,3.0348012062181287,0.01,0.13397042223220101,0.25553561824627136,Dual LOP/TRS,OPTIMAL,-1.651867627847634,-1.6518683804419305,-1.651867627847634,-1.6518676529605092,2.511287511275384e-08,7.274814213253933e-07,1.5202716190819562e-08,4.4039914434996783e-07,0.02805104199796915,3.9202988579726707e-08,3.9202988579726707e-08,,,,,,,,,,,,,,,,23,1.2290892541511056e-06,7.440600405598191e-07,-4.7649495749091386e-07,,,,0,6.304007287953136e-08
square,8,8,5,correlated-top,3.0,0.1,3.0348012062181287,0.01,0.13397042223220101,0.25553561824627136,Gurobi,TIME_LIMIT,,-2.2048506066073155,-1.6518676510374013,-1.6518676529605092,1.923107895152043e-09,0.5529829536468063,1.1642021633545593e-09,0.2508029124466176,5.004571957979351,,,,,,,,,,,,,,,,,,,,,,5.0,0.33476226453289487,1,,
square,8,8,5,correlated-top,3.0,0.1,3.0348012062181287,0.01,0.13397042223220101,0.25553561824627136,Lazy SEP,Optimal,-1.6518676514696728,-1.6518676511137615,-1.6518676514696728,-1.6518676529605092,1.4908363432653005e-09,-1.8467476436967445e-09,9.025156104930045e-10,0.0,0.10208345798309892,2.1665745326139377e-08,2.1665745326139377e-08,-3.5591130043144403e-10,2.1545993718975514e-10,,,,,2.105517045436489e-10,1.028106347578323e-09,2.105517045436489e-10,1.028106347578323e-09,coordinate,249,6,6,784,,,,,,,,,
square,8,8,6,correlated-top,3.0,0.1,3.111637244287523,0.01,0.10301557687567303,0.21062532111779086,Shor,Optimal,-2.0445968222066977,-2.0445968222066977,-0.42762542557331834,-1.8339715003078638,1.4063460747345455,0.21062532189883387,0.7668309319411267,0.10301557725767647,0.0018911249935626984,1.8268079773407204,0.8364250121590662,5.46318545957547e-12,2.6720111272006917e-12,0.21062532189883387,0.10301557725767647,1.0000000231841024,1.000000022140379,,,,,,,,,,,,,,,,,,
square,8,8,6,correlated-top,3.0,0.1,3.111637244287523,0.01,0.10301557687567303,0.21062532111779086,Full SEP,SolutionStatus.Optimal,-1.8339715003078638,-1.83397150378488,-1.8339715003078638,-1.8339715003078638,0.0,3.4770162304909036e-09,0.0,1.8958943600351317e-09,0.048501416109502316,6.498186478842723e-08,6.498186478842723e-08,3.4770162304909036e-09,1.8958943600351317e-09,,,,,,,,,,,,,,,,,,,,,,
square,8,8,6,correlated-top,3.0,0.1,3.111637244287523,0.01,0.10301557687567303,0.21062532111779086,Dual LOP/TRS,OPTIMAL,-1.8339715010889068,-1.8339717177896633,-1.8339715010889068,-1.8339715003078638,-7.810430080468223e-10,2.174817994582412e-07,4.258752153907974e-10,1.18585143570455e-07,0.028026083018630743,2.2997575451600822e-09,2.2997575451600822e-09,,,,,,,,,,,,,,,,23,1.2953431576256946e-06,7.063048710406866e-07,-1.0786424011755003e-06,,,,0,1.3140762710156564e-08
square,8,8,6,correlated-top,3.0,0.1,3.111637244287523,0.01,0.10301557687567303,0.21062532111779086,Gurobi,TIME_LIMIT,,-1.996909626095687,-1.8339715016928402,-1.8339715003078638,-1.3849763558226869e-09,0.16293812578782307,7.551787770662139e-10,0.08159514264368391,5.004704792052507,,,,,,,,,,,,,,,,,,,,,,5.0,0.08884441456830018,1,,
square,8,8,6,correlated-top,3.0,0.1,3.111637244287523,0.01,0.10301557687567303,0.21062532111779086,Lazy SEP,Optimal,-1.8339714990470612,-1.8339715037120048,-1.8339714990470612,-1.8339715003078638,1.2608025734550665e-09,3.4041409691099034e-09,6.874711920242049e-10,1.8561580494679638e-09,0.08130212500691414,3.8216711534533834e-08,3.8216711534533834e-08,4.66494354256497e-09,2.5436292402161135e-09,,,,,1.755563717401737e-10,8.942295394807768e-10,1.755563717401737e-10,8.942295394807768e-10,coordinate,200,5,5,784,,,,,,,,,
square,8,8,7,correlated-top,3.0,0.1,3.1858729165679813,0.01,0.13194398914661343,0.22958342038648483,Shor,Optimal,-1.7400066639744876,-1.7400066639744876,-0.5220736851788199,-1.51042329171119,0.98834960653237,0.2295833722632976,0.6543527314205068,0.1319439614897152,0.0018037911504507065,1.7400470338841247,0.8048111171830457,1.9728974010035927e-10,1.1338447385581506e-10,0.2295833722632976,0.1319439614897152,1.0000000046184898,1.0000000046199784,,,,,,,,,,,,,,,,,,
square,8,8,7,correlated-top,3.0,0.1,3.1858729165679813,0.01,0.13194398914661343,0.22958342038648483,Full SEP,SolutionStatus.Optimal,-1.51042329171119,-1.5104232920067049,-1.51042329171119,-1.51042329171119,0.0,2.955149458472306e-10,0.0,1.956504162847078e-10,0.04807062493637204,1.4823531071943415e-07,1.4823531071943415e-07,2.955149458472306e-10,1.956504162847078e-10,,,,,,,,,,,,,,,,,,,,,,
square,8,8,7,correlated-top,3.0,0.1,3.1858729165679813,0.01,0.13194398914661343,0.22958342038648483,Dual LOP/TRS,OPTIMAL,-1.5104232435880027,-1.5104240699754878,-1.5104232435880027,-1.51042329171119,4.812318721292286e-08,7.782642978959586e-07,3.186072902676381e-08,5.152621130492107e-07,0.029115584213286638,5.1093650206133457e-08,5.1093650206133457e-08,,,,,,,,,,,,,,,,23,1.1089810845188453e-06,7.342183606335422e-07,-2.8259359940996376e-07,,,,0,1.1207279152513346e-07
square,8,8,7,correlated-top,3.0,0.1,3.1858729165679813,0.01,0.13194398914661343,0.22958342038648483,Gurobi,TIME_LIMIT,,-1.8142930812873015,-1.5104232895402394,-1.51042329171119,2.170950530455684e-09,0.30386978957611155,1.4373126674947983e-09,0.167486605505052,5.004331833217293,,,,,,,,,,,,,,,,,,,,,,5.0,0.20118187653181485,1,,
square,8,8,7,correlated-top,3.0,0.1,3.1858729165679813,0.01,0.13194398914661343,0.22958342038648483,Lazy SEP,Optimal,-1.5104232909882538,-1.510423291269199,-1.5104232909882538,-1.51042329171119,7.229361553839908e-10,-4.4199088833352107e-10,4.786314931392255e-10,0.0,0.10098316601943225,1.3217545179847702e-07,1.3217545179847702e-07,2.8094526705046974e-10,1.8600432651855708e-10,,,,,8.015571366370988e-10,4.914900181631607e-09,8.015571366370988e-10,4.914900181631607e-09,coordinate,250,6,6,784,,,,,,,,,
square,8,8,8,correlated-top,3.0,0.1,3.2832463430898247,0.01,0.07347370092076584,0.14400106387173706,Shor,Optimal,-1.9598994207060298,-1.9598994207060298,-0.49944431804661293,-1.8158983587337694,1.3164540406871565,0.14400106197226048,0.724960201850242,0.0734736999515954,0.0018504168838262558,1.751718957975265,0.7879478896829993,3.1671798517152183e-10,1.6159910137502263e-10,0.14400106197226048,0.0734736999515954,1.0000000190163125,1.0000000197808494,,,,,,,,,,,,,,,,,,
square,8,8,8,correlated-top,3.0,0.1,3.2832463430898247,0.01,0.07347370092076584,0.14400106387173706,Full SEP,SolutionStatus.Optimal,-1.8158983587337694,-1.8158983586492798,-1.8158983587337694,-1.8158983587337694,0.0,-8.448952648620889e-11,0.0,0.0,0.05450833309441805,7.311897093517922e-10,7.311897093517922e-10,-8.448952648620889e-11,4.6527673798396764e-11,,,,,,,,,,,,,,,,,,,,,,
square,8,8,8,correlated-top,3.0,0.1,3.2832463430898247,0.01,0.07347370092076584,0.14400106387173706,Dual LOP/TRS,OPTIMAL,-1.8158983568342928,-1.8158991775208593,-1.8158983568342928,-1.8158983587337694,1.8994765760282917e-09,8.187870899067917e-07,1.0460258234677857e-09,4.5089898164094867e-07,0.02723145904019475,5.5825411082738505e-09,5.5825411082738505e-09,,,,,,,,,,,,,,,,23,1.2186730617980146e-06,6.711127340570733e-07,-3.979864953151946e-07,,,,0,1.3768929993703532e-07
square,8,8,8,correlated-top,3.0,0.1,3.2832463430898247,0.01,0.07347370092076584,0.14400106387173706,Gurobi,TIME_LIMIT,,-2.1541099603697162,-1.8158983566587303,-1.8158983587337694,2.0750390294921317e-09,0.3382116016359469,1.1427065945139473e-09,0.15700758450506336,5.005600749980658,,,,,,,,,,,,,,,,,,,,,,5.0,0.1862502945006781,1,,
square,8,8,8,correlated-top,3.0,0.1,3.2832463430898247,0.01,0.07347370092076584,0.14400106387173706,Lazy SEP,Optimal,-1.8158983599696275,-1.8158983588474,-1.8158983599696275,-1.8158983587337694,-1.2358580825377885e-09,1.1363066043657e-10,6.805766830245165e-10,6.25754519149929e-11,0.08210966701153666,2.2363606037129647e-08,2.2363606037129647e-08,-1.1222274221012185e-09,6.180012311481953e-10,,,,,5.682562476128084e-10,3.252239903163351e-09,5.682562476128084e-10,3.252239903163351e-09,coordinate,200,5,5,784,,,,,,,,,
square,8,8,9,correlated-top,3.0,0.1,3.0335417042884942,0.01,0.04798945806641337,0.09352004849608986,Shor,Optimal,-1.9487623379006696,-1.9487623379006696,-0.4780029876666952,-1.8552422969929894,1.3772393093262942,0.09352004090768018,0.7423501024952638,0.04798945417244973,0.0017812498845160007,1.7842378671120447,0.8250947883615944,7.997957851557658e-11,4.104121726907739e-11,0.09352004090768018,0.04798945417244973,1.0000000018834314,1.0000000018907704,,,,,,,,,,,,,,,,,,
square,8,8,9,correlated-top,3.0,0.1,3.0335417042884942,0.01,0.04798945806641337,0.09352004849608986,Full SEP,SolutionStatus.Optimal,-1.8552422969929894,-1.8552422938774396,-1.8552422969929894,-1.8552422969929894,0.0,-3.115549818133445e-09,0.0,0.0,0.04259054223075509,1.7692399706727635e-07,1.7692399706727635e-07,-3.115549818133445e-09,1.6793223306644018e-09,,,,,,,,,,,,,,,,,,,,,,
square,8,8,9,correlated-top,3.0,0.1,3.0335417042884942,0.01,0.04798945806641337,0.09352004849608986,Dual LOP/TRS,OPTIMAL,-1.8552422894045797,-1.8552429487594524,-1.8552422894045797,-1.8552422969929894,7.588409678405128e-09,6.517664630223408e-07,4.090252626680925e-09,3.5131057280565777e-07,0.028245334047824144,4.472847967840913e-09,4.472847967840913e-09,,,,,,,,,,,,,,,,23,1.2502107924472483e-06,6.738798243557419e-07,-5.90855919968547e-07,,,,0,6.19962527947541e-08
square,8,8,9,correlated-top,3.0,0.1,3.0335417042884942,0.01,0.04798945806641337,0.09352004849608986,Gurobi,TIME_LIMIT,,-2.137381738139892,-1.855242292438839,-1.8552422969929894,4.554150390134737e-09,0.2821394411469025,2.454746960823493e-09,0.1320023635050055,5.00465749995783,,,,,,,,,,,,,,,,,,,,,,5.0,0.15207687257396546,1,,
square,8,8,9,correlated-top,3.0,0.1,3.0335417042884942,0.01,0.04798945806641337,0.09352004849608986,Lazy SEP,Optimal,-1.8552422938604292,-1.8552422933525499,-1.8552422938604292,-1.8552422969929894,3.132560211227542e-09,-3.640439505403492e-09,1.6884911562790761e-09,0.0,0.07879745803074911,2.506612935379778e-08,2.506612935379778e-08,-5.078792941759502e-10,2.737536201372079e-10,,,,,1.200793926098287e-10,7.158761275933945e-10,1.200793926098287e-10,7.158761275933945e-10,coordinate,200,5,5,784,,,,,,,,,
square,10,10,0,correlated-top,3.0,0.1,3.086880120477122,0.01,0.01917993298939783,0.039206840631892614,Shor,Optimal,-2.044159416696875,-2.044159416696875,-0.5807588160862447,-2.004952586662515,1.4241937705762702,0.039206830034359985,0.7103378803321291,0.019179927805099313,0.0020050001330673695,1.6703777028534879,0.7820927594764232,5.366729283196037e-11,2.6253966492828873e-11,0.039206830034359985,0.019179927805099313,1.0000000265174596,1.0000000264483309,,,,,,,,,,,,,,,,,,
square,10,10,0,correlated-top,3.0,0.1,3.086880120477122,0.01,0.01917993298939783,0.039206840631892614,Full SEP,SolutionStatus.Optimal,-2.004952586662515,-2.0049525879531456,-2.004952586662515,-2.004952586662515,0.0,1.2906307134130657e-09,0.0,6.437213134953328e-10,0.29016016563400626,6.9930898306138865e-09,6.9930898306138865e-09,1.2906307134130657e-09,6.437213134953328e-10,,,,,,,,,,,,,,,,,,,,,,
square,10,10,0,correlated-top,3.0,0.1,3.086880120477122,0.01,0.01917993298939783,0.039206840631892614,Dual LOP/TRS,OPTIMAL,-2.0049525760649822,-2.0049537670148996,-2.0049525760649822,-2.004952586662515,1.0597532629219586e-08,1.1803523847220276e-06,5.285677426846515e-09,5.88718006440323e-07,0.0302795828320086,1.3041910055221093e-08,1.3041910055221093e-08,,,,,,,,,,,,,,,,23,1.3063919523936818e-06,6.515820832810123e-07,-1.1544203504243455e-07,,,,0,1.6450572439572352e-08
square,10,10,0,correlated-top,3.0,0.1,3.086880120477122,0.01,0.01917993298939783,0.039206840631892614,Lazy SEP,Optimal,-2.004952586440336,-2.0049525878947696,-2.004952586440336,-2.004952586662515,2.2217871986640603e-10,1.232254742689065e-09,1.1081494961247402e-10,6.146054276440278e-10,0.2709429580136202,2.628277594214772e-08,2.628277594214772e-08,1.4544334625554711e-09,7.254203771883944e-10,,,,,1.5977544461087678e-10,1.186630607762263e-09,1.5977544461087678e-10,1.186630607762263e-09,coordinate,350,8,8,2025,,,,,,,,,
square,10,10,2,correlated-top,3.0,0.1,3.171741148104509,0.01,0.06426974833626337,0.12418968072909453,Shor,Optimal,-1.9323193873317555,-1.9323193873317555,-0.5188571393315454,-1.8081297215913348,1.2892725822597892,0.12418966574042067,0.7130420825808341,0.06426974057943291,0.0020410832948982716,1.7351488199325849,0.7933590351141108,1.7121171147493897e-10,8.860425072449165e-11,0.12418966574042067,0.06426974057943291,1.000000013785583,1.0000000137674268,,,,,,,,,,,,,,,,,,
square,10,10,2,correlated-top,3.0,0.1,3.171741148104509,0.01,0.06426974833626337,0.12418968072909453,Full SEP,SolutionStatus.Optimal,-1.8081297215913348,-1.808129721733179,-1.8081297215913348,-1.8081297215913348,0.0,1.4184431407215925e-10,0.0,7.844808498374479e-11,0.32150854216888547,1.0786374267547924e-08,1.0786374267547924e-08,1.4184431407215925e-10,7.844808498374479e-11,,,,,,,,,,,,,,,,,,,,,,
square,10,10,2,correlated-top,3.0,0.1,3.171741148104509,0.01,0.06426974833626337,0.12418968072909453,Dual LOP/TRS,OPTIMAL,-1.808129706602661,-1.8081305257408267,-1.808129706602661,-1.8081297215913348,1.498867385762992e-08,8.041494918842318e-07,8.289600949891134e-09,4.447408416794224e-07,0.030429750215262175,2.2552959704662895e-08,2.2552959704662895e-08,,,,,,,,,,,,,,,,23,1.2110471105941656e-06,6.69778588079517e-07,-3.9190894463025927e-07,,,,0,4.278361114247987e-08
square,10,10,2,correlated-top,3.0,0.1,3.171741148104509,0.01,0.06426974833626337,0.12418968072909453,Lazy SEP,Optimal,-1.8081297195096366,-1.8081297214703562,-1.8081297195096366,-1.8081297215913348,2.0816981471938334e-09,-1.2097856050274913e-10,1.1512991144029926e-09,0.0,0.31620145903434604,1.9564505847457025e-07,1.9564505847457025e-07,1.9607195866910843e-09,1.0843909944119734e-09,,,,,8.259530993176556e-10,8.451893289591096e-09,8.259530993176556e-10,8.451893289591096e-09,coordinate,400,9,9,2025,,,,,,,,,
square,10,10,3,correlated-top,3.0,0.1,3.0522203065685,0.01,0.07271012777741823,0.15384735682215567,Shor,Optimal,-2.115899965038109,-2.115899965038109,-0.43530664417037607,-1.962052599563899,1.526745955393523,0.15384736547421007,0.7781371181042085,0.07271013186648413,0.0019363751634955406,1.828983589224517,0.8419265973931395,-1.4027063954813457e-09,6.629360643975821e-10,0.15384736547421007,0.07271013186648413,1.0000000240379823,1.0000000241387021,,,,,,,,,,,,,,,,,,
square,10,10,3,correlated-top,3.0,0.1,3.0522203065685,0.01,0.07271012777741823,0.15384735682215567,Full SEP,SolutionStatus.Optimal,-1.962052599563899,-1.9620526196812398,-1.962052599563899,-1.962052599563899,0.0,2.0117340682190843e-08,0.0,1.0253211601154285e-08,0.28879624977707863,6.032014055425023e-07,6.032014055425023e-07,2.0117340682190843e-08,1.0253211601154285e-08,,,,,,,,,,,,,,,,,,,,,,
square,10,10,3,correlated-top,3.0,0.1,3.0522203065685,0.01,0.07271012777741823,0.15384735682215567,Dual LOP/TRS,OPTIMAL,-1.9620526082159535,-1.9620526484565264,-1.9620526082159535,-1.962052599563899,-8.65205440625516e-09,4.889262728013932e-08,4.40969542306119e-09,2.491912096171391e-08,0.0306445830501616,8.172703418758462e-09,8.172703418758462e-09,,,,,,,,,,,,,,,,23,1.3517481114444507e-06,6.889458916955264e-07,-1.3115075381264774e-06,,,,0,1.1386228972041041e-08
square,10,10,3,correlated-top,3.0,0.1,3.0522203065685,0.01,0.07271012777741823,0.15384735682215567,Lazy SEP,Optimal,-1.96205260946505,-1.9620526187088523,-1.96205260946505,-1.962052599563899,-9.90115078813858e-09,1.914495317834053e-08,5.046322784809583e-09,9.757614549062936e-09,0.4908577080350369,2.7237930055341216e-07,2.7237930055341216e-07,9.24380239020195e-09,4.7112917880280516e-09,,,,,1.4369583298864258e-09,6.098579101897874e-09,1.4369583298864258e-09,6.098579101897874e-09,coordinate,550,12,12,2025,,,,,,,,,
square,10,10,4,correlated-top,3.0,0.1,3.0902188043591208,0.01,0.07249171780986775,0.16823617886414155,Shor,Optimal,-2.3207641361926843,-2.3207641361926843,-0.3790023652688128,-2.152527958278324,1.773525593009511,0.1682361779143604,0.8239268559503619,0.07249171740061412,0.0023039160296320915,1.8616685557671526,0.8441181384262205,-1.6252421630724712e-10,7.003047564061173e-11,0.1682361779143604,0.07249171740061412,1.0000000037139436,1.0000000038234327,,,,,,,,,,,,,,,,,,
square,10,10,4,correlated-top,3.0,0.1,3.0902188043591208,0.01,0.07249171780986775,0.16823617886414155,Full SEP,SolutionStatus.Optimal,-2.152527958278324,-2.152527958104502,-2.152527958278324,-2.152527958278324,0.0,-1.738218458058327e-10,0.0,0.0,0.285244207829237,8.976040825926512e-10,8.976040825926512e-10,-1.738218458058327e-10,8.07524218848531e-11,,,,,,,,,,,,,,,,,,,,,,
square,10,10,4,correlated-top,3.0,0.1,3.0902188043591208,0.01,0.07249171780986775,0.16823617886414155,Dual LOP/TRS,OPTIMAL,-2.1525279573285427,-2.15252879273938,-2.1525279573285427,-2.152527958278324,9.497811426228964e-10,8.344610562538435e-07,4.4123986356143245e-10,3.8766545612236874e-07,0.03150249971076846,1.6936235181474704e-09,1.6936235181474704e-09,,,,,,,,,,,,,,,,23,1.4457427766068065e-06,6.716485193988536e-07,-6.103319387662509e-07,,,,0,8.392475291546481e-08
square,10,10,4,correlated-top,3.0,0.1,3.0902188043591208,0.01,0.07249171780986775,0.16823617886414155,Lazy SEP,Optimal,-2.1525279669896675,-2.15252795872336,-2.1525279669896675,-2.152527958278324,-8.711343646439218e-09,4.4503600804546295e-10,4.047029251202771e-09,2.0675039608284985e-10,0.1922882089857012,1.0917142448839714e-07,1.0917142448839714e-07,-8.266307638393755e-09,3.840278855913901e-09,,,,,2.0607246464798834e-09,9.952241681214708e-09,2.0607246464798834e-09,9.952241681214708e-09,coordinate,250,6,6,2025,,,,,,,,,
square,10,10,5,correlated-top,3.0,0.1,3.086482166045835,0.01,0.09303568882452588,0.17412897011470796,Shor,Optimal,-1.871636275441908,-1.871636275441908,-0.4829860051131239,-1.697507347747191,1.214521342634067,0.1741289276947171,0.7154733935295726,0.09303566615987068,0.002061041072010994,1.7846883841487247,0.8257104737610529,1.1163159285842994e-10,5.964384978169588e-11,0.1741289276947171,0.09303566615987068,1.0000000071511226,1.0000000071471882,,,,,,,,,,,,,,,,,,
square,10,10,5,correlated-top,3.0,0.1,3.086482166045835,0.01,0.09303568882452588,0.17412897011470796,Full SEP,SolutionStatus.Optimal,-1.697507347747191,-1.6975073475694593,-1.697507347747191,-1.697507347747191,0.0,-1.7773160720935266e-10,0.0,0.0,0.28590054204687476,1.0720515892002535e-09,1.0720515892002535e-09,-1.7773160720935266e-10,1.0470152452961408e-10,,,,,,,,,,,,,,,,,,,,,,
square,10,10,5,correlated-top,3.0,0.1,3.086482166045835,0.01,0.09303568882452588,0.17412897011470796,Dual LOP/TRS,OPTIMAL,-1.6975073053272,-1.6975079284958974,-1.6975073053272,-1.697507347747191,4.241999085330406e-08,5.807487064579675e-07,2.4989577164187717e-08,3.421184058754581e-07,0.030597874894738197,6.122140217634931e-08,6.122140217634931e-08,,,,,,,,,,,,,,,,23,1.2032346865531451e-06,7.088241924261817e-07,-5.800659894639182e-07,,,,0,8.27606978320374e-08
square,10,10,5,correlated-top,3.0,0.1,3.086482166045835,0.01,0.09303568882452588,0.17412897011470796,Lazy SEP,Optimal,-1.6975073530883509,-1.6975073473213524,-1.6975073530883509,-1.697507347747191,-5.3411599587605e-09,-4.258384755928546e-10,3.146472354916807e-09,0.0,0.3623357910546474,1.6320348943497647e-07,1.6320348943497647e-07,-5.766998434353354e-09,3.3973334041005458e-09,,,,,8.630877575133145e-10,6.482903985407988e-09,8.630877575133145e-10,6.482903985407988e-09,coordinate,450,10,10,2025,,,,,,,,,
square,10,10,6,correlated-top,3.0,0.1,3.190014011508121,0.01,0.10233201110696577,0.20080771495919225,Shor,Optimal,-1.9623157288416002,-1.9623157288416002,-0.46630276022505046,-1.7615080150454083,1.2952052548203579,0.2008077137961919,0.7352820672728928,0.10233201051429847,0.002050334122031927,1.793377712095739,0.822922787333958,7.689715531000729e-11,3.9186943354625934e-11,0.2008077137961919,0.10233201051429847,1.0000000066315713,1.0000000066181467,,,,,,,,,,,,,,,,,,
square,10,10,6,correlated-top,3.0,0.1,3.190014011508121,0.01,0.10233201110696577,0.20080771495919225,Full SEP,SolutionStatus.Optimal,-1.7615080150454083,-1.7615080150556248,-1.7615080150454083,-1.7615080150454083,0.0,1.0216494317205616e-11,0.0,5.799856844184158e-12,0.40209754183888435,6.664385021844033e-11,6.664385021844033e-11,1.0216494317205616e-11,5.799856844184158e-12,,,,,,,,,,,,,,,,,,,,,,
square,10,10,6,correlated-top,3.0,0.1,3.190014011508121,0.01,0.10233201110696577,0.20080771495919225,Dual LOP/TRS,OPTIMAL,-1.761508013882408,-1.7615091443098767,-1.761508013882408,-1.7615080150454083,1.1630003626805774e-09,1.1292644683802422e-06,6.602299579378283e-10,6.410778348940476e-07,0.029396249912679195,2.3189740000047525e-09,2.3189740000047525e-09,,,,,,,,,,,,,,,,23,1.246534453658299e-06,7.076514236017013e-07,-1.161069853594654e-07,,,,0,1.7581673735433683e-08
square,10,10,6,correlated-top,3.0,0.1,3.190014011508121,0.01,0.10233201110696577,0.20080771495919225,Lazy SEP,Optimal,-1.761508009953521,-1.7615080149854478,-1.761508009953521,-1.7615080150454083,5.091887356201141e-09,-5.99604810247456e-11,2.8906410375145993e-09,0.0,0.40807791700353846,7.53244436459887e-08,7.53244436459887e-08,5.031926875176396e-09,2.8566017482571408e-09,,,,,4.6358721028649796e-10,3.862315731054759e-09,4.6358721028649796e-10,3.862315731054759e-09,coordinate,500,11,11,2025,,,,,,,,,
square,10,10,7,correlated-top,3.0,0.1,2.9798394632443266,0.01,0.11421738298512955,0.22559081233839096,Shor,Optimal,-1.975100518348959,-1.975100518348959,-0.45218989520020625,-1.7495097091051703,1.2973198139049642,0.2255908092437886,0.7415333605484877,0.11421738141832204,0.0019871252588927746,1.8129060714288614,0.836094116682615,1.2229772750060874e-11,6.1919748572007255e-12,0.2255908092437886,0.11421738141832204,1.0000000016169839,1.0000000016191186,,,,,,,,,,,,,,,,,,
square,10,10,7,correlated-top,3.0,0.1,2.9798394632443266,0.01,0.11421738298512955,0.22559081233839096,Full SEP,SolutionStatus.Optimal,-1.7495097091051703,-1.7495097088508036,-1.7495097091051703,-1.7495097091051703,0.0,-2.543667498855484e-10,0.0,0.0,0.3250677092000842,2.8288545008641344e-08,2.8288545008641344e-08,-2.543667498855484e-10,1.4539316275966857e-10,,,,,,,,,,,,,,,,,,,,,,
square,10,10,7,correlated-top,3.0,0.1,2.9798394632443266,0.01,0.11421738298512955,0.22559081233839096,Dual LOP/TRS,OPTIMAL,-1.749509706010568,-1.7495099793506739,-1.749509706010568,-1.7495097091051703,3.0946023521494226e-09,2.7024550353083043e-07,1.7688397703904328e-09,1.5446925523176002e-07,0.03206037497147918,2.7839619758501268e-09,2.7839619758501268e-09,,,,,,,,,,,,,,,,23,1.2672479179354212e-06,7.243444923965264e-07,-9.93907812274486e-07,,,,0,2.9436183112302978e-08
square,10,10,7,correlated-top,3.0,0.1,2.9798394632443266,0.01,0.11421738298512955,0.22559081233839096,Lazy SEP,Optimal,-1.7495097095906456,-1.7495097089069789,-1.7495097095906456,-1.7495097091051703,-4.854752155836195e-10,-1.9819146324095982e-10,2.7749215275702137e-10,0.0,0.5009875409887172,5.253393885126191e-08,5.253393885126191e-08,-6.836666788245793e-10,3.9077615578626614e-10,,,,,3.251674857786312e-10,2.7467127675913423e-09,3.251674857786312e-10,2.7467127675913423e-09,coordinate,550,12,12,2025,,,,,,,,,
square,10,10,8,correlated-top,3.0,0.1,3.017055995754987,0.01,0.046647920159588574,0.10483816277523639,Shor,Optimal,-2.2474348784805724,-2.2474348784805724,-0.4126071532158706,-2.1425967261001047,1.729989572884234,0.10483815238046779,0.8074265921394892,0.04664791553441847,0.002035125158727169,1.832126677791982,0.8272176432979762,-7.783507172121062e-11,3.4632848527220834e-11,0.10483815238046779,0.04664791553441847,1.0000000014767496,1.0000000015683463,,,,,,,,,,,,,,,,,,
square,10,10,8,correlated-top,3.0,0.1,3.017055995754987,0.01,0.046647920159588574,0.10483816277523639,Full SEP,SolutionStatus.Optimal,-2.1425967261001047,-2.1425967260977434,-2.1425967261001047,-2.1425967261001047,0.0,-2.361222328772783e-12,0.0,0.0,0.3886078749783337,1.4287857290489592e-10,1.4287857290489592e-10,-2.361222328772783e-12,1.1020376816642554e-12,,,,,,,,,,,,,,,,,,,,,,
square,10,10,8,correlated-top,3.0,0.1,3.017055995754987,0.01,0.046647920159588574,0.10483816277523639,Dual LOP/TRS,OPTIMAL,-2.142596715705336,-2.1425969378091976,-2.142596715705336,-2.1425967261001047,1.0394768601429405e-08,2.1170909292322904e-07,4.851481603983254e-09,9.880957504760615e-08,0.033456666860729456,8.864816142515852e-09,8.864816142515852e-09,,,,,,,,,,,,,,,,23,1.3948397601382112e-06,6.51004272210168e-07,-1.1727358986135528e-06,,,,0,9.854706414587654e-08
square,10,10,8,correlated-top,3.0,0.1,3.017055995754987,0.01,0.046647920159588574,0.10483816277523639,Lazy SEP,Optimal,-2.142596728902206,-2.142596726236555,-2.142596728902206,-2.1425967261001047,-2.8021012177248394e-09,1.364504065293204e-10,1.3078061680606324e-09,6.368459582638953e-11,0.3204845000291243,5.0906259045621306e-08,5.0906259045621306e-08,-2.665650811195519e-09,1.2441215723134743e-09,,,,,2.2687618797534448e-10,2.5430442251239675e-09,2.2687618797534448e-10,2.5430442251239675e-09,coordinate,400,9,9,2025,,,,,,,,,
square,10,10,9,correlated-top,3.0,0.1,3.069469560868408,0.01,0.1027473990021682,0.2342222867374728,Shor,Optimal,-2.2795933426259305,-2.2795933426259305,-0.3815124200652825,-2.045371140580762,1.6638587205154796,0.23422220204516853,0.8134752111751435,0.10274736184979427,0.0018433746881783009,1.868846356715835,0.8554962606838535,-5.275957448702684e-11,2.3144292229881466e-11,0.23422220204516853,0.10274736184979427,1.0000000023670679,1.0000000023726185,,,,,,,,,,,,,,,,,,
square,10,10,9,correlated-top,3.0,0.1,3.069469560868408,0.01,0.1027473990021682,0.2342222867374728,Full SEP,SolutionStatus.Optimal,-2.045371140580762,-2.0453711405520334,-2.045371140580762,-2.045371140580762,0.0,-2.87285750744104e-11,0.0,0.0,0.31979479221627116,3.00864118274999e-09,3.00864118274999e-09,-2.87285750744104e-11,1.404565386908374e-11,,,,,,,,,,,,,,,,,,,,,,
square,10,10,9,correlated-top,3.0,0.1,3.069469560868408,0.01,0.1027473990021682,0.2342222867374728,Dual LOP/TRS,OPTIMAL,-2.0453710558884577,-2.045371923807971,-2.0453710558884577,-2.045371140580762,8.469230428076457e-08,7.832272088670322e-07,4.14068149297917e-08,3.8292654736790317e-07,0.031762500293552876,5.148307381232637e-08,5.148307381232637e-08,,,,,,,,,,,,,,,,23,1.4402811800984239e-06,7.041659090621429e-07,-5.723616671726717e-07,,,,0,5.1711088195467114e-08
square,10,10,9,correlated-top,3.0,0.1,3.069469560868408,0.01,0.1027473990021682,0.2342222867374728,Lazy SEP,Optimal,-2.0453711499008533,-2.04537114183578,-2.0453711499008533,-2.045371140580762,-9.320091365339067e-09,1.2550178674075596e-09,4.556674892862768e-09,6.135893098995935e-10,0.2237053340068087,9.93770126135882e-07,9.93770126135882e-07,-8.065073497931508e-09,3.9430855853826095e-09,,,,,1.796743326169803e-09,1.3113213927151201e-08,1.796743326169803e-09,1.3113213927151201e-08,coordinate,300,7,7,2025,,,,,,,,,
square,10,10,10,correlated-top,3.0,0.1,2.9013418032953173,0.01,0.1221617878218915,0.25795055345862394,Shor,Optimal,-2.111548611540531,-2.111548611540531,-0.4152421737221698,-1.853598066059485,1.4383558923373152,0.257950545481046,0.7759804666796388,0.12216178404382175,0.001978750340640545,1.8465948506430354,0.8480364886803957,-1.830979812211808e-12,8.671265260978164e-13,0.257950545481046,0.12216178404382175,1.0000000049001816,1.0000000049151228,,,,,,,,,,,,,,,,,,
square,10,10,10,correlated-top,3.0,0.1,2.9013418032953173,0.01,0.1221617878218915,0.25795055345862394,Full SEP,SolutionStatus.Optimal,-1.853598066059485,-1.8535980660393743,-1.853598066059485,-1.853598066059485,0.0,-2.011080191266501e-11,0.0,0.0,0.3254953329451382,1.512781881246893e-10,1.512781881246893e-10,-2.011080191266501e-11,1.0849602338773492e-11,,,,,,,,,,,,,,,,,,,,,,
square,10,10,10,correlated-top,3.0,0.1,2.9013418032953173,0.01,0.1221617878218915,0.25795055345862394,Dual LOP/TRS,OPTIMAL,-1.8535980580819071,-1.8535983011483124,-1.8535980580819071,-1.853598066059485,7.977577931583824e-09,2.3508882729394998e-07,4.303833758600722e-09,1.2682835711939927e-07,0.03027520887553692,5.25551841720241e-09,5.25551841720241e-09,,,,,,,,,,,,,,,,23,1.3521792388004883e-06,7.2948882072389e-07,-1.1091128334639322e-06,,,,0,2.4794654292560565e-08
square,10,10,10,correlated-top,3.0,0.1,2.9013418032953173,0.01,0.1221617878218915,0.25795055345862394,Lazy SEP,Optimal,-1.8535980689192078,-1.8535980662675122,-1.8535980689192078,-1.853598066059485,-2.8597226808813048e-09,2.08027151060719e-10,1.5427954575658067e-09,1.1222883474388369e-10,0.21972629195079207,1.0824584567913411e-07,1.0824584567913411e-07,-2.6516955298205858e-09,1.4305666229824737e-09,,,,,5.844648532510321e-10,3.580172570021411e-09,5.844648532510321e-10,3.580172570021411e-09,coordinate,300,7,7,2025,,,,,,,,,
square,15,15,0,correlated-top,3.0,0.1,3.234441625653159,0.01,0.05281610558124943,0.1313351329968544,Shor,Optimal,-2.486649319397765,-2.486649319397765,-0.43094394688866844,-2.355314187656784,1.9243702407681154,0.13133513174098121,0.817033349882973,0.052816105076203074,0.002806750126183033,1.8225194674034109,0.822958912240558,-6.306510869080739e-10,2.536148068762706e-10,0.13133513174098121,0.052816105076203074,1.000000008878712,1.0000000085659004,,,,,,,,,,,,,,,,,,
square,15,15,0,correlated-top,3.0,0.1,3.234441625653159,0.01,0.05281610558124943,0.1313351329968544,Full SEP,SolutionStatus.Optimal,-2.355314187656784,-2.3553141876572727,-2.355314187656784,-2.355314187656784,0.0,4.889422200449189e-13,0.0,2.0759108173642354e-13,10.934874209109694,1.7803093619765686e-11,1.7803093619765686e-11,4.889422200449189e-13,2.0759108173642354e-13,,,,,,,,,,,,,,,,,,,,,,
square,15,15,0,correlated-top,3.0,0.1,3.234441625653159,0.01,0.05281610558124943,0.1313351329968544,Dual LOP/TRS,OPTIMAL,-2.3553141864009106,-2.355315241143188,-2.3553141864009106,-2.355314187656784,1.2558731832257308e-09,1.0534864043343362e-06,5.332083463884507e-10,4.4728042596243316e-07,0.040094208903610706,1.6305604596187882e-09,1.6305604596187882e-09,,,,,,,,,,,,,,,,23,1.526154502329291e-06,6.479618845367589e-07,-4.7141222436763996e-07,,,,0,1.0628955624924998e-08
square,15,15,0,correlated-top,3.0,0.1,3.234441625653159,0.01,0.05281610558124943,0.1313351329968544,Lazy SEP,Optimal,-2.3553141869495557,-2.355314187673962,-2.3553141869495557,-2.355314187656784,7.072280538977793e-10,1.7178258815420122e-11,3.0026909259243017e-10,7.293404381172968e-12,2.84626354201464,2.0756497197340284e-07,2.0756497197340284e-07,7.244063127131994e-10,3.0756249697141316e-10,,,,,4.080038342769987e-10,1.0046003871905284e-08,4.080038342769987e-10,1.0046003871905284e-08,coordinate,950,20,20,11025,,,,,,,,,
square,15,15,1,correlated-top,3.0,0.1,3.065745797838398,0.01,0.05179377442191433,0.13649344560275978,Shor,Optimal,-2.6353253286944924,-2.6353253286944924,-0.3855751974512325,-2.498831885920564,2.1132566884693316,0.1364934427739284,0.8456978240017986,0.05179377334848656,0.0027532093226909637,1.854754663940096,0.8400527699210509,-6.103957339576027e-10,2.3162063799537995e-10,0.1364934427739284,0.05179377334848656,1.0000000093446682,1.0000000094857953,,,,,,,,,,,,,,,,,,
square,15,15,1,correlated-top,3.0,0.1,3.065745797838398,0.01,0.05179377442191433,0.13649344560275978,Full SEP,SolutionStatus.Optimal,-2.498831885920564,-2.4988318859246537,-2.498831885920564,-2.498831885920564,0.0,4.089617533509227e-12,0.0,1.6366117130748584e-12,10.584175709169358,2.3023518174910643e-11,2.3023518174910643e-11,4.089617533509227e-12,1.6366117130748584e-12,,,,,,,,,,,,,,,,,,,,,,
square,15,15,1,correlated-top,3.0,0.1,3.065745797838398,0.01,0.05179377442191433,0.13649344560275978,Dual LOP/TRS,OPTIMAL,-2.4988318830917327,-2.4988321605347066,-2.4988318830917327,-2.498831885920564,2.8288313913549246e-09,2.7461414253693306e-07,1.1320615073361726e-09,1.0989699383337951e-07,0.03978862473741174,1.6882629556983478e-09,1.6882629556983478e-09,,,,,,,,,,,,,,,,23,1.6088795198321293e-06,6.438525745113898e-07,-1.3314365459038413e-06,,,,0,1.6442961234334313e-08
square,15,15,1,correlated-top,3.0,0.1,3.065745797838398,0.01,0.05179377442191433,0.13649344560275978,Lazy SEP,Optimal,-2.4988318811902195,-2.4988318860844205,-2.4988318811902195,-2.498831885920564,4.730344560499589e-09,1.638564839367973e-10,1.8930223306146663e-09,6.557323237681047e-11,2.4164519580081105,1.3431134175625845e-07,1.3431134175625845e-07,4.894201044436386e-09,1.9585955628673454e-09,,,,,3.9931906089044067e-10,8.595503391097087e-09,3.9931906089044067e-10,8.595503391097087e-09,coordinate,850,18,18,11025,,,,,,,,,
square,15,15,2,correlated-top,3.0,0.1,3.090346653479735,0.01,0.05848734625643315,0.15166817876365446,Shor,Optimal,-2.5931793536789534,-2.5931793536789534,-0.3732997913828331,-2.4415111755698002,2.0682113841869674,0.15166817810915312,0.8471029765834629,0.05848734600403975,0.002675834111869335,1.868748925544566,0.8483688368935158,-1.6369336997001938e-09,6.312458478345779e-10,0.15166817810915312,0.05848734600403975,1.00000002153843,1.0000000209735458,,,,,,,,,,,,,,,,,,
square,15,15,2,correlated-top,3.0,0.1,3.090346653479735,0.01,0.05848734625643315,0.15166817876365446,Full SEP,SolutionStatus.Optimal,-2.4415111755698002,-2.441511175445407,-2.4415111755698002,-2.4415111755698002,0.0,-1.243933844818912e-10,0.0,0.0,11.835484332870692,4.618708854653834e-09,4.618708854653834e-09,-1.243933844818912e-10,5.0949340607814436e-11,,,,,,,,,,,,,,,,,,,,,,
square,15,15,2,correlated-top,3.0,0.1,3.090346653479735,0.01,0.05848734625643315,0.15166817876365446,Dual LOP/TRS,OPTIMAL,-2.441511174915299,-2.4415114386760903,-2.441511174915299,-2.4415111755698002,6.545013420122814e-10,2.6310629008818864e-07,2.680722286104358e-10,1.0776369339103241e-07,0.03983654221519828,6.141806682118341e-10,6.141806682118341e-10,,,,,,,,,,,,,,,,23,1.5947792979531528e-06,6.531934574174765e-07,-1.331018506967041e-06,,,,0,1.1420204085983712e-08
square,15,15,2,correlated-top,3.0,0.1,3.090346653479735,0.01,0.05848734625643315,0.15166817876365446,Lazy SEP,Optimal,-2.4415111761741706,-2.4415111753779604,-2.4415111761741706,-2.4415111755698002,-6.043703315583571e-10,-1.918398773170793e-10,2.475394491150357e-10,0.0,2.765905583044514,2.3463909222491163e-07,2.3463909222491163e-07,-7.962102088754364e-10,3.2611368591934596e-10,,,,,4.4006465677970223e-10,8.115581203663734e-09,4.4006465677970223e-10,8.115581203663734e-09,coordinate,950,20,20,11025,,,,,,,,,
square,15,15,3,correlated-top,3.0,0.1,3.0827780770111177,0.01,0.03409913218314595,0.08267261611393195,Shor,Optimal,-2.4244785958158266,-2.4244785958158266,-0.3980386530777363,-2.341805974235842,1.943767321158106,0.08267262157998445,0.8300291922315978,0.03409913443767297,0.0027937907725572586,1.847621722993003,0.8435270963704911,-9.020695301842352e-11,3.720674341035759e-11,0.08267262157998445,0.03409913443767297,1.0000000027843516,1.0000000027779063,,,,,,,,,,,,,,,,,,
square,15,15,3,correlated-top,3.0,0.1,3.0827780770111177,0.01,0.03409913218314595,0.08267261611393195,Full SEP,SolutionStatus.Optimal,-2.341805974235842,-2.3418059803734583,-2.341805974235842,-2.341805974235842,0.0,6.137616193058193e-09,0.0,2.62089013543274e-09,12.25897275004536,9.52211291957667e-08,9.52211291957667e-08,6.137616193058193e-09,2.62089013543274e-09,,,,,,,,,,,,,,,,,,,,,,
square,15,15,3,correlated-top,3.0,0.1,3.0827780770111177,0.01,0.03409913218314595,0.08267261611393195,Dual LOP/TRS,OPTIMAL,-2.3418059797018946,-2.341806271887333,-2.3418059797018946,-2.341805974235842,-5.466052499514262e-09,2.9765149101024235e-07,2.3341184311990165e-09,1.2710337938003554e-07,0.04082862474024296,4.675757787463454e-10,4.675757787463454e-10,,,,,,,,,,,,,,,,23,1.506322271360716e-06,6.432309493076577e-07,-1.2141368330720326e-06,,,,0,4.0951780899826345e-08
square,15,15,3,correlated-top,3.0,0.1,3.0827780770111177,0.01,0.03409913218314595,0.08267261611393195,Lazy SEP,Optimal,-2.3418059701178664,-2.3418059808490046,-2.3418059701178664,-2.341805974235842,4.117975738182622e-09,6.613162462087985e-09,1.7584615392939906e-09,2.8239583108804047e-09,7.318931708985474,1.5885526615888112e-06,1.5885526615888112e-06,1.0731138200270607e-08,4.582419845208574e-09,,,,,1.277881762429614e-09,3.032674312907907e-08,1.277881762429614e-09,3.032674312907907e-08,coordinate,1700,35,35,11025,,,,,,,,,
square,15,15,4,correlated-top,3.0,0.1,2.9573453837870183,0.01,0.06848769387074986,0.1748673217652783,Shor,Optimal,-2.553266315190702,-2.553266315190702,-0.36017141243986656,-2.3783989987977345,2.018227586357868,0.17486731639296726,0.8485656054253593,0.06848769176665637,0.002722542267292738,1.8772219082677932,0.8561416315633151,-7.933245171898307e-10,3.1070966333199667e-10,0.17486731639296726,0.06848769176665637,1.0000000183069757,1.0000000172305308,,,,,,,,,,,,,,,,,,
square,15,15,4,correlated-top,3.0,0.1,2.9573453837870183,0.01,0.06848769387074986,0.1748673217652783,Full SEP,SolutionStatus.Optimal,-2.3783989987977345,-2.37839899879298,-2.3783989987977345,-2.3783989987977345,0.0,-4.75441908065477e-12,0.0,0.0,11.966777415946126,3.925525899454358e-11,3.925525899454358e-11,-4.75441908065477e-12,1.9989997822308617e-12,,,,,,,,,,,,,,,,,,,,,,
square,15,15,4,correlated-top,3.0,0.1,2.9573453837870183,0.01,0.06848769387074986,0.1748673217652783,Dual LOP/TRS,OPTIMAL,-2.3783989934254235,-2.3783999166721808,-2.3783989934254235,-2.3783989987977345,5.372311040474642e-09,9.178744462268185e-07,2.258793012942871e-09,3.859209882209775e-07,0.039152625016868114,6.6232574344912066e-09,6.6232574344912066e-09,,,,,,,,,,,,,,,,23,1.5791546945642665e-06,6.639567565970127e-07,-6.559079372969734e-07,,,,0,1.2450984757651964e-08
square,15,15,4,correlated-top,3.0,0.1,2.9573453837870183,0.01,0.06848769387074986,0.1748673217652783,Lazy SEP,Optimal,-2.378399004712021,-2.3783989988277425,-2.378399004712021,-2.3783989987977345,-5.9142863939598556e-09,3.000799608798843e-11,2.4866670320003616e-09,1.2616888967233284e-11,3.3565743750077672,2.0496292440161103e-07,2.0496292440161103e-07,-5.884278397871867e-09,2.4740501430643435e-09,,,,,3.7517371457782e-10,7.483617851383932e-09,3.7517371457782e-10,7.483617851383932e-09,coordinate,1100,23,23,11025,,,,,,,,,
square,15,15,5,correlated-top,3.0,0.1,3.0841910451492347,0.01,0.06226850229442167,0.15412278345848707,Shor,Optimal,-2.475132334639341,-2.475132334639341,-0.37841692379719805,-2.3210095543217406,1.9425926305245427,0.1541227803176004,0.836960204195376,0.0622685010254444,0.0026555838994681835,1.86241161398178,0.8460458389156152,-1.8564478843074994e-09,7.500398497189881e-10,0.1541227803176004,0.0622685010254444,1.0000000247948135,1.000000023359686,,,,,,,,,,,,,,,,,,
square,15,15,5,correlated-top,3.0,0.1,3.0841910451492347,0.01,0.06226850229442167,0.15412278345848707,Full SEP,SolutionStatus.Optimal,-2.3210095543217406,-2.3210095543149625,-2.3210095543217406,-2.3210095543217406,0.0,-6.778133609941506e-12,0.0,0.0,12.78997395792976,1.7360939687500672e-11,1.7360939687500672e-11,-6.778133609941506e-12,2.9203385213647916e-12,,,,,,,,,,,,,,,,,,,,,,
square,15,15,5,correlated-top,3.0,0.1,3.0841910451492347,0.01,0.06226850229442167,0.15412278345848707,Dual LOP/TRS,OPTIMAL,-2.321009551180854,-2.3210100081551026,-2.321009551180854,-2.3210095543217406,3.1408866618676257e-09,4.538333620018875e-07,1.353241590935835e-09,1.9553270361062564e-07,0.04069770826026797,3.402888500399688e-09,3.402888500399688e-09,,,,,,,,,,,,,,,,23,1.5319379484957096e-06,6.600307379602377e-07,-1.0749636993878653e-06,,,,0,1.5872025596854444e-08
square,15,15,5,correlated-top,3.0,0.1,3.0841910451492347,0.01,0.06226850229442167,0.15412278345848707,Lazy SEP,Optimal,-2.321009555183863,-2.321009554306026,-2.321009555183863,-2.3210095543217406,-8.621223734905925e-10,-1.5714540779754316e-11,3.714428368315347e-10,0.0,4.293922332988586,2.537339747471401e-08,2.537339747471401e-08,-8.778369142703468e-10,3.7821339955699037e-10,,,,,6.25672270070099e-11,1.675151160338457e-09,6.25672270070099e-11,1.675151160338457e-09,coordinate,1250,26,26,11025,,,,,,,,,
square,15,15,6,correlated-top,3.0,0.1,2.996821789436952,0.01,0.04549697578858254,0.1114029422698195,Shor,Optimal,-2.448579061331282,-2.448579061331282,-0.40098276182649883,-2.337176119137502,1.9361933573110033,0.11140294219377989,0.8284328003597456,0.04549697575752795,0.0027881250716745853,1.8456266665258312,0.8467357002479665,-1.0338663258835368e-10,4.222311389534745e-11,0.11140294219377989,0.04549697575752795,1.0000000029186644,1.0000000029384422,,,,,,,,,,,,,,,,,,
square,15,15,6,correlated-top,3.0,0.1,2.996821789436952,0.01,0.04549697578858254,0.1114029422698195,Full SEP,SolutionStatus.Optimal,-2.337176119137502,-2.3371761195014833,-2.337176119137502,-2.337176119137502,0.0,3.6398128955283937e-10,0.0,1.5573549914179172e-10,12.068225249648094,7.864464260735572e-09,7.864464260735572e-09,3.6398128955283937e-10,1.5573549914179172e-10,,,,,,,,,,,,,,,,,,,,,,
square,15,15,6,correlated-top,3.0,0.1,2.996821789436952,0.01,0.04549697578858254,0.1114029422698195,Dual LOP/TRS,OPTIMAL,-2.3371761190614624,-2.337177051146473,-2.3371761190614624,-2.337176119137502,7.603961904578682e-11,9.320089708886314e-07,3.2534826290219003e-11,3.987755101529198e-07,0.039697082713246346,2.619081160655386e-10,2.619081160655386e-10,,,,,,,,,,,,,,,,23,1.5270313293846982e-06,6.533657039956097e-07,-5.94946318877021e-07,,,,0,9.788785177774822e-09
square,15,15,6,correlated-top,3.0,0.1,2.996821789436952,0.01,0.04549697578858254,0.1114029422698195,Lazy SEP,Optimal,-2.3371761189746767,-2.3371761194126734,-2.3371761189746767,-2.337176119137502,1.6282530879152546e-10,2.7517144118860415e-10,6.966753915473583e-11,1.1773671607501878e-10,7.934350249997806,4.3700357012018927e-08,4.3700357012018927e-08,4.379967499801296e-10,1.8740425522155219e-10,,,,,9.685621749078166e-11,2.129448536061924e-09,9.685621749078166e-11,2.129448536061924e-09,coordinate,1800,37,37,11025,,,,,,,,,
square,15,15,8,correlated-top,3.0,0.1,2.975605802163299,0.01,0.048676586892051836,0.14772602148140557,Shor,Optimal,-3.0348475707430307,-3.0348475707430307,-0.2924302219351999,-2.8871215569948894,2.5946913350596894,0.14772601374814132,0.8987121892298913,0.0486765843438961,0.0026352498680353165,1.9208343782505377,0.8697593906745361,-1.670964699940214e-09,5.505926281269892e-10,0.14772601374814132,0.0486765843438961,1.000000024089618,1.0000000235621598,,,,,,,,,,,,,,,,,,
square,15,15,8,correlated-top,3.0,0.1,2.975605802163299,0.01,0.048676586892051836,0.14772602148140557,Full SEP,SolutionStatus.Optimal,-2.8871215569948894,-2.8871215568746407,-2.8871215569948894,-2.8871215569948894,0.0,-1.2024869988636055e-10,0.0,0.0,13.020514083094895,5.329685923220366e-10,5.329685923220366e-10,-1.2024869988636055e-10,4.165003014681637e-11,,,,,,,,,,,,,,,,,,,,,,
square,15,15,8,correlated-top,3.0,0.1,2.975605802163299,0.01,0.048676586892051836,0.14772602148140557,Dual LOP/TRS,OPTIMAL,-2.887121549261625,-2.8871229234323046,-2.887121549261625,-2.8871215569948894,7.733264251186256e-09,1.3664374152178027e-06,2.6785378095529714e-09,4.7328688506041786e-07,0.040634834207594395,8.027579698645701e-09,8.027579698645701e-09,,,,,,,,,,,,,,,,23,1.8298699524521567e-06,6.338039636624645e-07,-4.556992729831677e-07,,,,0,3.0887346403406126e-08
square,15,15,8,correlated-top,3.0,0.1,2.975605802163299,0.01,0.048676586892051836,0.14772602148140557,Lazy SEP,Optimal,-2.8871215656742013,-2.887121557090086,-2.8871215656742013,-2.8871215569948894,-8.679311935821943e-09,9.519673938029882e-11,3.006216308662828e-09,3.297288925937954e-11,1.5388887909939513,8.173825357391131e-08,8.173825357391131e-08,-8.584115196441644e-09,2.973243419501485e-09,,,,,6.451856687794688e-10,2.560648856830074e-09,6.451856687794688e-10,2.560648856830074e-09,coordinate,600,13,13,11025,,,,,,,,,
square,15,15,9,correlated-top,3.0,0.1,3.207998302305495,0.01,0.06645907098417314,0.15772796791969368,Shor,Optimal,-2.3733098519727385,-2.3733098519727385,-0.4133871710001587,-2.2155819113068658,1.8021947403067071,0.1577279406658727,0.8134182406479744,0.06645905950070799,0.0028572087176144123,1.835424497613413,0.8360713165649217,-2.1250956550034061e-10,8.954143316925044e-11,0.1577279406658727,0.06645905950070799,1.000000003192761,1.0000000033996637,,,,,,,,,,,,,,,,,,
square,15,15,9,correlated-top,3.0,0.1,3.207998302305495,0.01,0.06645907098417314,0.15772796791969368,Full SEP,SolutionStatus.Optimal,-2.2155819113068658,-2.215581908684469,-2.2155819113068658,-2.2155819113068658,0.0,-2.622396966245333e-09,0.0,0.0,12.023588916752487,7.443669886219111e-08,7.443669886219111e-08,-2.622396966245333e-09,1.1836154433570485e-09,,,,,,,,,,,,,,,,,,,,,,
square,15,15,9,correlated-top,3.0,0.1,3.207998302305495,0.01,0.06645907098417314,0.15772796791969368,Dual LOP/TRS,OPTIMAL,-2.215581884053045,-2.2155825395823707,-2.215581884053045,-2.2155819113068658,2.725382097779061e-08,6.282755049547006e-07,1.2300976478777482e-08,2.8357124762010823e-07,0.04126854194328189,1.638594092165183e-08,1.638594092165183e-08,,,,,,,,,,,,,,,,23,1.473386947115074e-06,6.650110843502143e-07,-8.178576209605382e-07,,,,0,2.5045640780273608e-08
square,15,15,9,correlated-top,3.0,0.1,3.207998302305495,0.01,0.06645907098417314,0.15772796791969368,Lazy SEP,Optimal,-2.2155819092037974,-2.2155819084660164,-2.2155819092037974,-2.2155819113068658,2.103068386105633e-09,-2.840849333551887e-09,9.492171674506649e-10,0.0,4.451555917039514,1.5005025058179583e-06,1.5005025058179583e-06,-7.377809474462538e-10,3.3299646669862294e-10,,,,,3.025451114678848e-09,5.472654075011531e-08,3.025451114678848e-09,5.472654075011531e-08,coordinate,1300,27,27,11025,,,,,,,,,
square,15,15,10,correlated-top,3.0,0.1,3.1169751716068985,0.01,0.058392120336017615,0.14579077407075003,Shor,Optimal,-2.4967542406714576,-2.4967542406714576,-0.4288838724954773,-2.3509634688443795,1.9220795963489021,0.14579077182707811,0.817571017934066,0.058392119437382144,0.0026342091150581837,1.8230162575168902,0.8342352004169991,-1.3300520684822459e-09,5.327124499544465e-10,0.14579077182707811,0.058392119437382144,1.000000021153577,1.0000000207152693,,,,,,,,,,,,,,,,,,
square,15,15,10,correlated-top,3.0,0.1,3.1169751716068985,0.01,0.058392120336017615,0.14579077407075003,Full SEP,SolutionStatus.Optimal,-2.3509634688443795,-2.350963467658119,-2.3509634688443795,-2.3509634688443795,0.0,-1.1862604232248941e-09,0.0,0.0,10.616954875178635,1.048547931549832e-08,1.048547931549832e-08,-1.1862604232248941e-09,5.04584796380525e-10,,,,,,,,,,,,,,,,,,,,,,
square,15,15,10,correlated-top,3.0,0.1,3.1169751716068985,0.01,0.058392120336017615,0.14579077407075003,Dual LOP/TRS,OPTIMAL,-2.3509634666007075,-2.3509641615362176,-2.3509634666007075,-2.3509634688443795,2.2436719149254714e-09,6.926918381111591e-07,9.543627302845129e-10,2.9464159830429973e-07,0.03995362529531121,1.282519629201977e-09,1.282519629201977e-09,,,,,,,,,,,,,,,,23,1.5396269716916322e-06,6.548917235240099e-07,-8.446914607773692e-07,,,,0,5.3199456296000427e-08
square,15,15,10,correlated-top,3.0,0.1,3.1169751716068985,0.01,0.058392120336017615,0.14579077407075003,Lazy SEP,Optimal,-2.350963475729251,-2.3509634686533905,-2.350963475729251,-2.3509634688443795,-6.884871339707388e-09,-1.9098900239100658e-10,2.9285318171826355e-09,0.0,2.7715680000255816,3.510460220748759e-07,3.510460220748759e-07,-7.0758603420983945e-09,3.0097704261030753e-09,,,,,1.129073815778897e-09,2.085777191593161e-08,1.129073815778897e-09,2.085777191593161e-08,coordinate,950,20,20,11025,,,,,,,,,
square,20,20,0,correlated-top,3.0,0.1,3.0042768233080848,0.01,0.04903294437164371,0.1389004157564684,Shor,Optimal,-2.832797775790842,-2.832797775790842,-0.32577831504902854,-2.6938973679770046,2.368119052927976,0.1389004078138374,0.8790680302369227,0.0490329415678322,0.005282584112137556,1.9026265817558106,0.8654608974999174,-8.26125834407776e-11,2.916289477024683e-11,0.1389004078138374,0.0490329415678322,1.000000002573303,1.000000002577106,,,,,,,,,,,,,,,,,,
square,20,20,0,correlated-top,3.0,0.1,3.0042768233080848,0.01,0.04903294437164371,0.1389004157564684,Full SEP,SolutionStatus.Optimal,-2.6938973679770046,-2.6938973679785363,-2.6938973679770046,-2.6938973679770046,0.0,1.531663684772866e-12,0.0,5.685679428545585e-13,665.3756679999642,1.2784074652379478e-10,1.2784074652379478e-10,1.531663684772866e-12,5.685679428545585e-13,,,,,,,,,,,,,,,,,,,,,,
square,20,20,0,correlated-top,3.0,0.1,3.0042768233080848,0.01,0.04903294437164371,0.1389004157564684,Dual LOP/TRS,OPTIMAL,-2.6938973600343736,-2.693897777716894,-2.6938973600343736,-2.6938973679770046,7.942630997348488e-09,4.097398895730464e-07,2.9483792113851186e-09,1.5209927153223503e-07,0.06107983412221074,4.698903914255734e-09,4.698903914255734e-09,,,,,,,,,,,,,,,,23,1.7272598009654416e-06,6.411749604060003e-07,-1.3095772803950467e-06,,,,0,1.9046599870607297e-08
square,20,20,0,correlated-top,3.0,0.1,3.0042768233080848,0.01,0.04903294437164371,0.1389004157564684,Gurobi,TIME_LIMIT,,-5.2736005449045,-2.693897085098404,-2.6938973679770046,2.828786005437678e-07,2.5797031769274956,1.0500719288953345e-07,0.4891730336724265,1996.219332458917,,,,,,,,,,,,,,,,,,,,,,1996.1270039998926,0.9576102495065669,2,,
square,20,20,0,correlated-top,3.0,0.1,3.0042768233080848,0.01,0.04903294437164371,0.1389004157564684,Lazy SEP,Optimal,-2.69389736716595,-2.693897368154102,-2.69389736716595,-2.6938973679770046,8.110547788930944e-10,1.7709744781768677e-10,3.0107115012408953e-10,6.574023565680104e-11,73.21519308304414,1.1764744916320085e-06,1.1764744916320085e-06,9.881522267107812e-10,3.668113857610981e-10,,,,,6.459351751392228e-10,2.7175853597025516e-08,6.459351751392228e-10,2.7175853597025516e-08,coordinate,3750,76,76,36100,,,,,,,,,
square,20,20,1,correlated-top,3.0,0.1,3.1495903892638535,0.01,0.05616234549341494,0.15200127030728527,Shor,Optimal,-2.706462291983647,-2.706462291983647,-0.33334045127268813,-2.554461025000893,2.2211205737282045,0.1520012669827544,0.8695065424720771,0.056162344265047244,0.0052365828305482864,1.8940559687766372,0.8592620477595978,-4.1878678302964545e-10,1.5473586470059558e-10,0.1520012669827544,0.056162344265047244,1.0000000122183694,1.0000000122093584,,,,,,,,,,,,,,,,,,
square,20,20,1,correlated-top,3.0,0.1,3.1495903892638535,0.01,0.05616234549341494,0.15200127030728527,Full SEP,SolutionStatus.Optimal,-2.554461025000893,-2.5544610251629596,-2.554461025000893,-2.554461025000893,0.0,1.6206680442110155e-10,0.0,6.344461818937427e-11,503.08520137518644,3.185986120853553e-09,3.185986120853553e-09,1.6206680442110155e-10,6.344461818937427e-11,,,,,,,,,,,,,,,,,,,,,,
square,20,20,1,correlated-top,3.0,0.1,3.1495903892638535,0.01,0.05616234549341494,0.15200127030728527,Dual LOP/TRS,OPTIMAL,-2.554461021676362,-2.5544625809193815,-2.554461021676362,-2.554461025000893,3.324530872816922e-09,1.555918488715946e-06,1.3014607935996048e-09,6.090981720922107e-07,0.06786091672256589,1.6624910869822441e-09,1.6624910869822441e-09,,,,,,,,,,,,,,,,23,1.6536712821313415e-06,6.473656316140539e-07,-9.442826254257852e-08,,,,0,1.6638338456458904e-08
square,20,20,1,correlated-top,3.0,0.1,3.1495903892638535,0.01,0.05616234549341494,0.15200127030728527,Gurobi,TIME_LIMIT,,-4.4355857067005156,-2.554461330004947,-2.554461025000893,-3.050040540131249e-07,1.8811246816996228,1.1940053679048422e-07,0.4240983730419063,1509.3413801663555,,,,,,,,,,,,,,,,,,,,,,1509.2556041255593,0.7364074588249594,2,,
square,20,20,1,correlated-top,3.0,0.1,3.1495903892638535,0.01,0.05616234549341494,0.15200127030728527,Lazy SEP,Optimal,-2.5544610249804602,-2.5544610251529383,-2.5544610249804602,-2.554461025000893,2.043254454520138e-11,1.5204548731162504e-10,7.998769347124504e-12,5.95215530064789e-11,42.787121542030945,1.2123795196139084e-07,1.2123795196139084e-07,1.7247803185682642e-10,6.75203223531273e-11,,,,,1.357092094950163e-10,4.126384754086344e-09,1.357092094950163e-10,4.126384754086344e-09,coordinate,2850,58,58,36100,,,,,,,,,
square,20,20,2,correlated-top,3.0,0.1,3.1165452884060705,0.01,0.039624914905931306,0.11283786876297652,Shor,Optimal,-2.8476494910046166,-2.8476494910046166,-0.45720662797799744,-2.7348116250595855,2.277604997081588,0.11283786594503109,0.83281969997914,0.039624913916362386,0.005594290792942047,1.8094002395367843,0.8351465440075014,-3.0598190647879164e-11,1.0745069133169366e-11,0.11283786594503109,0.039624913916362386,1.000000000942865,1.000000000942283,,,,,,,,,,,,,,,,,,
square,20,20,2,correlated-top,3.0,0.1,3.1165452884060705,0.01,0.039624914905931306,0.11283786876297652,Full SEP,SolutionStatus.Optimal,-2.7348116250595855,-2.734811628656883,-2.7348116250595855,-2.7348116250595855,0.0,3.597297570934188e-09,0.0,1.3153730711247882e-09,467.438736082986,5.406340957690282e-08,5.406340957690282e-08,3.597297570934188e-09,1.3153730711247882e-09,,,,,,,,,,,,,,,,,,,,,,
square,20,20,2,correlated-top,3.0,0.1,3.1165452884060705,0.01,0.039624914905931306,0.11283786876297652,Dual LOP/TRS,OPTIMAL,-2.73481162224164,-2.7348128190294148,-2.73481162224164,-2.7348116250595855,2.81794543255387e-09,1.1939698292273704e-06,1.030398367014574e-09,4.365819192156304e-07,0.06444429187104106,3.3978932002308044e-09,3.3978932002308044e-09,,,,,,,,,,,,,,,,23,1.733788150382054e-06,6.33969585895599e-07,-5.370003752780406e-07,,,,0,6.387424655229109e-09
square,20,20,2,correlated-top,3.0,0.1,3.1165452884060705,0.01,0.039624914905931306,0.11283786876297652,Gurobi,TIME_LIMIT,,-5.573084757803992,-2.7348112163960945,-2.7348116250595855,4.086634910471787e-07,2.838273132744406,1.494302157057252e-07,0.5092822478197504,1402.3819782501087,,,,,,,,,,,,,,,,,,,,,,1402.316208248958,1.0378316149910136,4,,
square,20,20,2,correlated-top,3.0,0.1,3.1165452884060705,0.01,0.039624914905931306,0.11283786876297652,Lazy SEP,Optimal,-2.7348116274178422,-2.7348116281782042,-2.7348116274178422,-2.7348116250595855,-2.3582567010294042e-09,3.118618696618114e-09,8.623104704494861e-10,1.140341318021813e-09,58.04252604098292,3.8670832038760905e-07,3.8670832038760905e-07,7.603619955887098e-10,2.780308478120759e-10,,,,,3.3653093079431557e-10,1.3626335961063588e-08,3.3653093079431557e-10,1.3626335961063588e-08,coordinate,3200,65,65,36100,,,,,,,,,
square,20,20,3,correlated-top,3.0,0.1,3.1462168181606924,0.01,0.051454151413923635,0.15065740890038626,Shor,Optimal,-2.927993267023697,-2.927993267023697,-0.3044681075624192,-2.777335859624633,2.4728677520622138,0.15065740739906408,0.8903740408250195,0.05145415090117581,0.00488583417609334,1.912060369808083,0.867173253171049,-2.1641799463623101e-10,7.391341949915743e-11,0.15065740739906408,0.05145415090117581,1.0000000093519263,1.0000000093565622,,,,,,,,,,,,,,,,,,
square,20,20,3,correlated-top,3.0,0.1,3.1462168181606924,0.01,0.051454151413923635,0.15065740890038626,Full SEP,SolutionStatus.Optimal,-2.777335859624633,-2.7773358596283937,-2.777335859624633,-2.777335859624633,0.0,3.76054742901033e-12,0.0,1.354012485012702e-12,521.2174295419827,5.518505763065989e-11,5.518505763065989e-11,3.76054742901033e-12,1.354012485012702e-12,,,,,,,,,,,,,,,,,,,,,,
square,20,20,3,correlated-top,3.0,0.1,3.1462168181606924,0.01,0.051454151413923635,0.15065740890038626,Dual LOP/TRS,OPTIMAL,-2.777335858123311,-2.7773358659067693,-2.777335858123311,-2.777335859624633,1.5013221776882801e-09,6.282136144619699e-09,5.405619822628111e-10,2.2619288584201e-09,0.06057408358901739,6.940856200631383e-10,6.940856200631383e-10,,,,,,,,,,,,,,,,23,1.7725906404919556e-06,6.382341661487256e-07,-1.764807181947603e-06,,,,0,9.091624948549155e-09
square,20,20,3,correlated-top,3.0,0.1,3.1462168181606924,0.01,0.051454151413923635,0.15065740890038626,Gurobi,TIME_LIMIT,,-4.977139119293944,-2.7773362997270126,-2.777335859624633,-4.4010237942870845e-07,2.1998032596693107,1.5846204129905573e-07,0.4419814690615629,1563.7162327910773,,,,,,,,,,,,,,,,,,,,,,1563.6522886259481,0.7920548979909823,4,,
square,20,20,3,correlated-top,3.0,0.1,3.1462168181606924,0.01,0.051454151413923635,0.15065740890038626,Lazy SEP,Optimal,-2.7773358504890946,-2.7773358599355618,-2.7773358504890946,-2.777335859624633,9.135538547866418e-09,3.109286161873115e-10,3.2893171764617327e-09,1.1195211233636161e-10,75.15190554200672,1.0212316034055793e-06,1.0212316034055793e-06,9.446467164053729e-09,3.4012692884298484e-09,,,,,4.4061958774524804e-10,1.9543595753396022e-08,4.4061958774524804e-10,1.9543595753396022e-08,coordinate,3600,73,73,36100,,,,,,,,,
square,20,20,4,correlated-top,3.0,0.1,3.158121490449885,0.01,0.020221977724654006,0.05694741558169669,Shor,Optimal,-2.8161150386526326,-2.8161150386526326,-0.4559347341377067,-2.7591676302722936,2.303232896134587,0.05694740838033896,0.8347564210541598,0.02022197516745814,0.005387208890169859,1.8045965201044651,0.8019232569691612,-8.094458436858076e-11,2.8743351481588842e-11,0.05694740838033896,0.02022197516745814,1.0000000036022012,1.000000003593162,,,,,,,,,,,,,,,,,,
square,20,20,4,correlated-top,3.0,0.1,3.158121490449885,0.01,0.020221977724654006,0.05694741558169669,Full SEP,SolutionStatus.Optimal,-2.7591676302722936,-2.7591676302738724,-2.7591676302722936,-2.7591676302722936,0.0,1.5787371410169726e-12,0.0,5.721787700373495e-13,464.8619542918168,4.6362514842639163e-11,4.6362514842639163e-11,1.5787371410169726e-12,5.721787700373495e-13,,,,,,,,,,,,,,,,,,,,,,
square,20,20,4,correlated-top,3.0,0.1,3.158121490449885,0.01,0.020221977724654006,0.05694741558169669,Dual LOP/TRS,OPTIMAL,-2.759167623070936,-2.7591692860188024,-2.759167623070936,-2.7591676302722936,7.201357732355973e-09,1.6557465087885248e-06,2.6099747088020505e-09,6.000887720729875e-07,0.05685587506741285,3.9287945481181275e-09,3.9287945481181275e-09,,,,,,,,,,,,,,,,23,1.6884194460331514e-06,6.119303569333969e-07,-2.5471579068181427e-08,,,,0,3.004388679130933e-08
square,20,20,4,correlated-top,3.0,0.1,3.158121490449885,0.01,0.020221977724654006,0.05694741558169669,Gurobi,TIME_LIMIT,,-4.952531406900487,-2.7591682247350144,-2.7591676302722936,-5.944627208265274e-07,2.1933637766281935,2.1544997347293624e-07,0.44287730786969354,1394.651197375264,,,,,,,,,,,,,,,,,,,,,,1394.5858628754504,0.7949363733978632,2,,
square,20,20,4,correlated-top,3.0,0.1,3.158121490449885,0.01,0.020221977724654006,0.05694741558169669,Lazy SEP,Optimal,-2.759167629276773,-2.759167630349061,-2.759167629276773,-2.7591676302722936,9.955205548806134e-10,7.676748126073107e-11,3.6080466585582865e-10,2.7822695662394117e-11,40.53690683300374,7.300199401675225e-07,7.300199401675225e-07,1.0722880361413445e-09,3.886273615081842e-10,,,,,3.3782024616915707e-10,1.5108573569923646e-08,3.3782024616915707e-10,1.5108573569923646e-08,coordinate,2650,54,54,36100,,,,,,,,,
square,20,20,5,correlated-top,3.0,0.1,3.1752959097816738,0.01,0.04772781970038394,0.1296293841431213,Shor,Optimal,-2.716013112622417,-2.716013112622417,-0.36665307085864673,-2.5863837299843087,2.219730659125662,0.1296293826381083,0.8582371723855255,0.04772781914625812,0.005670249927788973,1.869409845671907,0.8432760784387687,-2.8385427341959257e-10,1.0451137813010047e-10,0.1296293826381083,0.04772781914625812,1.000000011162553,1.0000000112982879,,,,,,,,,,,,,,,,,,
square,20,20,5,correlated-top,3.0,0.1,3.1752959097816738,0.01,0.04772781970038394,0.1296293841431213,Full SEP,SolutionStatus.Optimal,-2.5863837299843087,-2.5863837299802603,-2.5863837299843087,-2.5863837299843087,0.0,-4.048317236993171e-12,0.0,0.0,1143.645640542265,3.221124230924067e-11,3.221124230924067e-11,-4.048317236993171e-12,1.5652423072649516e-12,,,,,,,,,,,,,,,,,,,,,,
square,20,20,5,correlated-top,3.0,0.1,3.1752959097816738,0.01,0.04772781970038394,0.1296293841431213,Dual LOP/TRS,OPTIMAL,-2.5863837284792957,-2.5863845099564733,-2.5863837284792957,-2.5863837299843087,1.505013003111344e-09,7.799721646328805e-07,5.818985735424785e-10,3.015685261144743e-07,0.05900445906445384,1.535376705610405e-09,1.535376705610405e-09,,,,,,,,,,,,,,,,23,1.6525613286688667e-06,6.389464993728554e-07,-8.710841501446964e-07,,,,0,4.216311744017741e-09
square,20,20,5,correlated-top,3.0,0.1,3.1752959097816738,0.01,0.04772781970038394,0.1296293841431213,Gurobi,TIME_LIMIT,,-4.702144417679954,-2.5863837009796304,-2.5863837299843087,2.900467821476127e-08,2.1157606876956456,1.121437545345881e-08,0.44995655168319254,3430.9720809999853,,,,,,,,,,,,,,,,,,,,,,3430.936921626795,0.8180382191161152,3,,
square,20,20,5,correlated-top,3.0,0.1,3.1752959097816738,0.01,0.04772781970038394,0.1296293841431213,Lazy SEP,Optimal,-2.586383737574318,-2.586383730020144,-2.586383737574318,-2.5863837299843087,-7.590009509783613e-09,3.583533469964095e-11,2.934603013279857e-09,1.3855382047025888e-11,57.14518604200566,6.171393285407098e-06,6.171393285407098e-06,-7.554174175083972e-09,2.9207476312732992e-09,,,,,9.925298125046389e-09,4.129760205828246e-07,9.925298125046389e-09,4.129760205828246e-07,coordinate,3200,65,65,36100,,,,,,,,,
square,20,20,6,correlated-top,3.0,0.1,3.148130806697201,0.01,0.039731582648177034,0.11541518908038384,Shor,Optimal,-2.904872682832314,-2.904872682832314,-0.35674017485312237,-2.7894574941682504,2.432717319315128,0.11541518866406353,0.8721112705252052,0.039731582504859114,0.005357624962925911,1.8751655739485873,0.8410651363574416,-7.855360806274803e-11,2.7042014105126478e-11,0.11541518866406353,0.039731582504859114,1.000000003331019,1.0000000033117182,,,,,,,,,,,,,,,,,,
square,20,20,6,correlated-top,3.0,0.1,3.148130806697201,0.01,0.039731582648177034,0.11541518908038384,Full SEP,SolutionStatus.Optimal,-2.7894574941682504,-2.7894574940514376,-2.7894574941682504,-2.7894574941682504,0.0,-1.1681278166975062e-10,0.0,0.0,444.7285966249183,6.017718225799737e-09,6.017718225799737e-09,-1.1681278166975062e-10,4.187652327162684e-11,,,,,,,,,,,,,,,,,,,,,,
square,20,20,6,correlated-top,3.0,0.1,3.148130806697201,0.01,0.039731582648177034,0.11541518908038384,Dual LOP/TRS,OPTIMAL,-2.78945749375193,-2.7894577487231453,-2.78945749375193,-2.7894574941682504,4.163203115581382e-10,2.5455489494063954e-07,1.492477703741727e-10,9.125604969537906e-08,0.05849545821547508,9.184853273338299e-11,9.184853273338299e-11,,,,,,,,,,,,,,,,23,1.7447264517578276e-06,6.254715464166696e-07,-1.4897552362835853e-06,,,,0,8.56539288225353e-09
square,20,20,6,correlated-top,3.0,0.1,3.148130806697201,0.01,0.039731582648177034,0.11541518908038384,Gurobi,TIME_LIMIT,,-5.132163168024502,-2.789457874965825,-2.7894574941682504,-3.807975748060244e-07,2.3427056738562517,1.3651311182130316e-07,0.4564752906634529,1334.2555472087115,,,,,,,,,,,,,,,,,,,,,,1334.1857898747548,0.8398425063462837,4,,
square,20,20,6,correlated-top,3.0,0.1,3.148130806697201,0.01,0.039731582648177034,0.11541518908038384,Lazy SEP,Optimal,-2.7894574949665945,-2.789457494270788,-2.7894574949665945,-2.7894574941682504,-7.983440575287659e-10,1.0253753401912036e-10,2.86200474095529e-10,3.675895195740397e-11,45.257254208030645,1.283999236441676e-06,1.283999236441676e-06,-6.958065235096456e-10,2.494415221472942e-10,,,,,1.7157129250308656e-09,7.198272657969298e-08,1.7157129250308656e-09,7.198272657969298e-08,coordinate,3000,61,61,36100,,,,,,,,,
square,20,20,7,correlated-top,3.0,0.1,3.1410718828920614,0.01,0.06688015112866431,0.17506305690367663,Shor,Optimal,-2.6175637158308684,-2.6175637158308684,-0.38373497329618383,-2.4425006723606097,2.058765699064426,0.1750630434702587,0.8428925823282111,0.0668801459966334,0.005665707867592573,1.8625376266881792,0.8533188881598809,-1.0900613744979637e-11,4.164411998475291e-12,0.1750630434702587,0.0668801459966334,1.0000000005620766,1.0000000005622478,,,,,,,,,,,,,,,,,,
square,20,20,7,correlated-top,3.0,0.1,3.1410718828920614,0.01,0.06688015112866431,0.17506305690367663,Full SEP,SolutionStatus.Optimal,-2.4425006723606097,-2.442500672361254,-2.4425006723606097,-2.4425006723606097,0.0,6.443734434924409e-13,0.0,2.638170997388106e-13,475.42749074986205,3.49820430931032e-11,3.49820430931032e-11,6.443734434924409e-13,2.638170997388106e-13,,,,,,,,,,,,,,,,,,,,,,
square,20,20,7,correlated-top,3.0,0.1,3.1410718828920614,0.01,0.06688015112866431,0.17506305690367663,Dual LOP/TRS,OPTIMAL,-2.442500658927192,-2.4425012984291934,-2.442500658927192,-2.4425006723606097,1.3433417933583769e-08,6.260685836423363e-07,5.499862532525217e-09,2.563227229582108e-07,0.062063916120678186,1.49161589226267e-08,1.49161589226267e-08,,,,,,,,,,,,,,,,23,1.620147198622135e-06,6.633147747614604e-07,-9.806451979343933e-07,,,,0,2.6080979881741456e-07
square,20,20,7,correlated-top,3.0,0.1,3.1410718828920614,0.01,0.06688015112866431,0.17506305690367663,Gurobi,TIME_LIMIT,,-4.549109954297515,-2.4425008550179066,-2.4425006723606097,-1.8265729684330267e-07,2.1066092819369056,7.47828998577622e-08,0.46308163643017797,1426.3526588752866,,,,,,,,,,,,,,,,,,,,,,1426.2824722495861,0.862480393794648,2,,
square,20,20,7,correlated-top,3.0,0.1,3.1410718828920614,0.01,0.06688015112866431,0.17506305690367663,Lazy SEP,Optimal,-2.4425006721260423,-2.442500672383638,-2.4425006721260423,-2.4425006723606097,2.345674765535932e-10,2.3028245976774997e-11,9.603578791521486e-11,9.428143147367783e-12,70.25169954198645,1.4264984279956554e-07,1.4264984279956554e-07,2.575957225303682e-10,1.054639310616772e-10,,,,,7.089055319327298e-11,2.936828755138664e-09,7.089055319327298e-11,2.936828755138664e-09,coordinate,3700,75,75,36100,,,,,,,,,
square,20,20,8,correlated-top,3.0,0.1,3.1012086920673716,0.01,0.04618024554739726,0.13921695647199162,Shor,Optimal,-3.014643054011174,-3.014643054011174,-0.3694134544542949,-2.8754261047190344,2.5060126502647395,0.1392169492921398,0.8715274046347329,0.046180243165738245,0.005250750109553337,1.873447496247572,0.85405342084882,-1.08124620368244e-10,3.586647521151047e-11,0.1392169492921398,0.046180243165738245,1.0000000045234385,1.0000000045324733,,,,,,,,,,,,,,,,,,
square,20,20,8,correlated-top,3.0,0.1,3.1012086920673716,0.01,0.04618024554739726,0.13921695647199162,Full SEP,SolutionStatus.Optimal,-2.8754261047190344,-2.8754261016961657,-2.8754261047190344,-2.8754261047190344,0.0,-3.022868622082342e-09,0.0,0.0,439.7415335001424,1.4740584331929613e-08,1.4740584331929613e-08,-3.022868622082342e-09,1.051276754120487e-09,,,,,,,,,,,,,,,,,,,,,,
square,20,20,8,correlated-top,3.0,0.1,3.1012086920673716,0.01,0.04618024554739726,0.13921695647199162,Dual LOP/TRS,OPTIMAL,-2.8754260975391825,-2.8754277235820402,-2.8754260975391825,-2.8754261047190344,7.179851824190564e-09,1.618863005869997e-06,2.4969696882167404e-09,5.629990253600643e-07,0.05824933294206858,3.764530982380665e-09,3.764530982380665e-09,,,,,,,,,,,,,,,,23,1.816894645845224e-06,6.318693497125508e-07,-1.9085178815103632e-07,,,,0,5.666444135191984e-09
square,20,20,8,correlated-top,3.0,0.1,3.1012086920673716,0.01,0.04618024554739726,0.13921695647199162,Gurobi,TIME_LIMIT,,-5.218161601711136,-2.875426099628363,-2.8754261047190344,5.090671439944572e-09,2.342735496992102,1.7704059344769686e-09,0.4489580192809425,1319.337564708665,,,,,,,,,,,,,,,,,,,,,,1319.2246005004272,0.814743770457381,1,,
square,20,20,8,correlated-top,3.0,0.1,3.1012086920673716,0.01,0.04618024554739726,0.13921695647199162,Lazy SEP,Optimal,-2.875426110608975,-2.875426101606297,-2.875426110608975,-2.8754261047190344,-5.8899405352974554e-09,-3.1127371791228597e-09,2.0483713747907953e-09,0.0,37.254165999998804,2.041894830280253e-07,2.041894830280253e-07,-9.002677714420315e-09,3.130902123064353e-09,,,,,2.351566003554184e-10,1.1552468141169552e-08,2.351566003554184e-10,1.1552468141169552e-08,coordinate,2700,55,55,36100,,,,,,,,,
square,20,20,9,correlated-top,3.0,0.1,3.0453328177888532,0.01,0.04675204598971596,0.14122110707548652,Shor,Optimal,-3.020640147097539,-3.020640147097539,-0.3067891778385198,-2.8794190459116558,2.572629868073136,0.14122110118588305,0.8934544875383407,0.04675204403992943,0.004874874837696552,1.9118571394996262,0.8659194120660828,-2.123390352437582e-10,7.029603822480799e-11,0.14122110118588305,0.04675204403992943,1.0000000075752251,1.0000000075299258,,,,,,,,,,,,,,,,,,
square,20,20,9,correlated-top,3.0,0.1,3.0453328177888532,0.01,0.04675204598971596,0.14122110707548652,Full SEP,SolutionStatus.Optimal,-2.8794190459116558,-2.8794190459106193,-2.8794190459116558,-2.8794190459116558,0.0,-1.0365042157900461e-12,0.0,0.0,487.23440212523565,2.551007939501401e-11,2.551007939501401e-11,-1.0365042157900461e-12,3.599699103406734e-13,,,,,,,,,,,,,,,,,,,,,,
square,20,20,9,correlated-top,3.0,0.1,3.0453328177888532,0.01,0.04675204598971596,0.14122110707548652,Dual LOP/TRS,OPTIMAL,-2.8794190400220523,-2.879420294424226,-2.8794190400220523,-2.8794190459116558,5.889603471587179e-09,1.2485125702177413e-06,2.0454138066321173e-09,4.335985867139261e-07,0.057818083092570305,5.994985721773259e-09,5.994985721773259e-09,,,,,,,,,,,,,,,,23,1.819667860836205e-06,6.319563227222683e-07,-5.65265686258698e-07,,,,0,6.798431315787344e-09
square,20,20,9,correlated-top,3.0,0.1,3.0453328177888532,0.01,0.04675204598971596,0.14122110707548652,Gurobi,TIME_LIMIT,,-5.509653655103638,-2.8794190459105673,-2.8794190459116558,1.0884626533425035e-12,2.6302346091919824,3.780146744837149e-13,0.4773865607242978,1461.7760797496885,,,,,,,,,,,,,,,,,,,,,,1461.703206375707,0.9134601693104047,1,,
square,20,20,9,correlated-top,3.0,0.1,3.0453328177888532,0.01,0.04675204598971596,0.14122110707548652,Lazy SEP,Optimal,-2.8794190477506656,-2.8794190459373645,-2.8794190477506656,-2.8794190459116558,-1.839009833304317e-09,2.5708768447429975e-11,6.386739140108516e-10,8.928456760645187e-12,32.46363829099573,2.2144383160745574e-07,2.2144383160745574e-07,-1.813301064856887e-09,6.297454572558291e-10,,,,,2.0039367306387904e-10,8.85832496504271e-09,2.0039367306387904e-10,8.85832496504271e-09,coordinate,2500,51,51,36100,,,,,,,,,
rectangular,4,8,0,correlated-top,3.0,0.1,3.084366735879574,0.01,0.06882320511380845,0.10358732523093406,Shor,Optimal,-1.5051220741556346,-1.5051220741556346,-0.736635375607279,-1.4015347415801376,0.6648993659728586,0.10358733257549702,0.47440805157867766,0.06882320999352093,0.0014218753203749657,1.4881991674115314,0.7010667165734997,1.092080426090547e-09,7.255759814054938e-10,0.10358733257549702,0.06882320999352093,1.00000001804497,1.0000000069777388,,,,,,,,,,,,,,,,,,
rectangular,4,8,0,correlated-top,3.0,0.1,3.084366735879574,0.01,0.06882320511380845,0.10358732523093406,Full SEP,SolutionStatus.Optimal,-1.4015347415801376,-1.40153475107648,-1.4015347415801376,-1.4015347415801376,0.0,9.49634237912278e-09,0.0,6.7756738616926215e-09,0.00912295887246728,5.130148196393462e-08,5.130148196393462e-08,9.49634237912278e-09,6.7756738616926215e-09,,,,,,,,,,,,,,,,,,,,,,
rectangular,4,8,0,correlated-top,3.0,0.1,3.084366735879574,0.01,0.06882320511380845,0.10358732523093406,Dual LOP/TRS,OPTIMAL,-1.4015347489247005,-1.4015353301965066,-1.4015347489247005,-1.4015347415801376,-7.344562957811718e-09,5.886163689794444e-07,5.240371645046037e-09,4.199796867745857e-07,0.028409500140696764,6.471124916039057e-09,6.471124916039057e-09,,,,,,,,,,,,,,,,23,9.495344501786462e-07,6.774959073243725e-07,-3.682626440459913e-07,,,,0,5.4769750325757926e-08
rectangular,4,8,0,correlated-top,3.0,0.1,3.084366735879574,0.01,0.06882320511380845,0.10358732523093406,Gurobi,TIME_LIMIT,,-1.408566268721097,-1.401534751742062,-1.4015347415801376,-1.0161924413054635e-08,0.007031527140959337,7.250568992615912e-09,0.0049919746746055395,5.006672666873783,,,,,,,,,,,,,,,,,,,,,,5.0,0.005017012221990912,1,,
rectangular,4,8,0,correlated-top,3.0,0.1,3.084366735879574,0.01,0.06882320511380845,0.10358732523093406,Lazy SEP,Optimal,-1.4015347500395854,-1.401534751656961,-1.4015347500395854,-1.4015347415801376,-8.459447808917275e-09,1.0076823375726462e-08,6.035845924389919e-09,7.189849102074111e-09,0.016764917003456503,9.415239625397319e-09,9.415239625397319e-09,1.6173755668091871e-09,1.154003184649577e-09,,,,,1.9384412131007167e-10,3.0183176837738897e-10,1.9384412131007167e-10,3.0183176837738897e-10,coordinate,100,3,3,168,,,,,,,,,
rectangular,4,8,1,correlated-top,3.0,0.1,3.140258629033871,0.01,0.0983085025297991,0.15577289381208415,Shor,Optimal,-1.58453124402812,-1.58453124402812,-0.6357627218760014,-1.4287583528087306,0.7929956309327293,0.15577289121938942,0.5550243184047292,0.09830850089354563,0.0014264159835875034,1.6211006009199536,0.7605950696359423,4.0441272552982355e-10,2.552254662405676e-10,0.15577289121938942,0.09830850089354563,1.0000000071676212,1.0000000029192968,,,,,,,,,,,,,,,,,,
rectangular,4,8,1,correlated-top,3.0,0.1,3.140258629033871,0.01,0.0983085025297991,0.15577289381208415,Full SEP,SolutionStatus.Optimal,-1.4287583528087306,-1.4287583546499545,-1.4287583528087306,-1.4287583528087306,0.0,1.8412238400600245e-09,0.0,1.2886880654574538e-09,0.007024041842669249,9.672457645351478e-09,9.672457645351478e-09,1.8412238400600245e-09,1.2886880654574538e-09,,,,,,,,,,,,,,,,,,,,,,
rectangular,4,8,1,correlated-top,3.0,0.1,3.140258629033871,0.01,0.0983085025297991,0.15577289381208415,Dual LOP/TRS,OPTIMAL,-1.428758350216036,-1.4287591514707212,-1.428758350216036,-1.4287583528087306,2.592694725578326e-09,7.986619905420156e-07,1.8146488666060753e-09,5.589899387310291e-07,0.02652904111891985,1.26668941201228e-08,1.26668941201228e-08,,,,,,,,,,,,,,,,23,1.0132580992028295e-06,7.091874779313312e-07,-2.1200341393523559e-07,,,,0,4.2289057129350174e-08
rectangular,4,8,1,correlated-top,3.0,0.1,3.140258629033871,0.01,0.0983085025297991,0.15577289381208415,Gurobi,TIME_LIMIT,,-1.5580422100056825,-1.42875835477332,-1.4287583528087306,-1.9645893800657177e-09,0.1292838571969519,1.3750326453050978e-09,0.0829784047997521,5.003271708264947,,,,,,,,,,,,,,,,,,,,,,5.0,0.09048685860729339,1,,
rectangular,4,8,1,correlated-top,3.0,0.1,3.140258629033871,0.01,0.0983085025297991,0.15577289381208415,Lazy SEP,Optimal,-1.4287583524862,-1.428758354551793,-1.4287583524862,-1.4287583528087306,3.225306688392493e-10,1.7430623611147666e-09,2.257419305407391e-10,1.2199840200840485e-09,0.015827583032660186,1.0623565823795548e-08,1.0623565823795548e-08,2.065593029954016e-09,1.445725950349386e-09,,,,,1.5127923913560437e-10,2.852588955468954e-10,1.5127923913560437e-10,2.852588955468954e-10,coordinate,100,3,3,168,,,,,,,,,
rectangular,4,8,2,correlated-top,3.0,0.1,2.9600236125925665,0.01,0.1688329091706912,0.2882215814156406,Shor,Optimal,-1.7071410001248433,-1.7071410001248433,-0.5626033865720426,-1.4189194210455225,0.8563160344734799,0.2882215790793208,0.6034987059677487,0.16883290780213417,0.0015558339655399323,1.7137196746095908,0.7996761530835609,7.139111524168129e-11,4.18191088120199e-11,0.2882215790793208,0.16883290780213417,1.0000000025146156,1.0000000010346133,,,,,,,,,,,,,,,,,,
rectangular,4,8,2,correlated-top,3.0,0.1,2.9600236125925665,0.01,0.1688329091706912,0.2882215814156406,Full SEP,SolutionStatus.Optimal,-1.4189194210455225,-1.4189194211703922,-1.4189194210455225,-1.4189194210455225,0.0,1.2486967015945538e-10,0.0,8.80033554382228e-11,0.0066096666269004345,1.5847032557920367e-07,1.5847032557920367e-07,1.2486967015945538e-10,8.80033554382228e-11,,,,,,,,,,,,,,,,,,,,,,
rectangular,4,8,2,correlated-top,3.0,0.1,2.9600236125925665,0.01,0.1688329091706912,0.2882215814156406,Dual LOP/TRS,OPTIMAL,-1.4189194187092027,-1.4189199903319722,-1.4189194187092027,-1.4189194210455225,2.3363198042858357e-09,5.692864497586214e-07,1.6465486127213145e-09,4.012110997360961e-07,0.027315916027873755,3.186306522372836e-09,3.186306522372836e-09,,,,,,,,,,,,,,,,23,1.1063865494875813e-06,7.797385032462118e-07,-5.347637800356964e-07,,,,0,2.248737064200418e-08
rectangular,4,8,2,correlated-top,3.0,0.1,2.9600236125925665,0.01,0.1688329091706912,0.2882215814156406,Gurobi,TIME_LIMIT,,-1.7686864737992516,-1.4189194200914985,-1.4189194210455225,9.540239709338039e-10,0.3497670527537291,6.723595130094399e-10,0.19775525958674128,5.004363167099655,,,,,,,,,,,,,,,,,,,,,,5.0,0.24650240792757525,2,,
rectangular,4,8,2,correlated-top,3.0,0.1,2.9600236125925665,0.01,0.1688329091706912,0.2882215814156406,Lazy SEP,Optimal,-1.4189194208514104,-1.4189194208797768,-1.4189194208514104,-1.4189194210455225,1.9411205975927714e-10,-1.6574563943549947e-10,1.3680273656149326e-10,0.0,0.024532459035981447,2.921155718337754e-08,2.921155718337754e-08,2.8366420323777675e-11,1.999156534638842e-11,,,,,7.27124124799694e-11,1.1619351264198931e-10,7.27124124799694e-11,1.1619351264198931e-10,coordinate,150,4,4,168,,,,,,,,,
rectangular,4,8,3,correlated-top,3.0,0.1,3.0562773435321233,0.01,0.12942380211416424,0.2516172602095219,Shor,Optimal,-1.9441343562722047,-1.9441343562722047,-0.4574729549099879,-1.6925171186232244,1.2350441637132366,0.25161723764898025,0.7297085211864098,0.12942379050974936,0.0014517498202621937,1.8087393686583288,0.8333054457957987,7.559508574672691e-11,3.888367360148775e-11,0.25161723764898025,0.12942379050974936,1.00000000145003,1.0000000006036183,,,,,,,,,,,,,,,,,,
rectangular,4,8,3,correlated-top,3.0,0.1,3.0562773435321233,0.01,0.12942380211416424,0.2516172602095219,Full SEP,SolutionStatus.Optimal,-1.6925171186232244,-1.692517119054244,-1.6925171186232244,-1.6925171186232244,0.0,4.3101966440417527e-10,0.0,2.546619230918168e-10,0.007114499807357788,1.903312531299467e-09,1.903312531299467e-09,4.3101966440417527e-10,2.546619230918168e-10,,,,,,,,,,,,,,,,,,,,,,
rectangular,4,8,3,correlated-top,3.0,0.1,3.0562773435321233,0.01,0.12942380211416424,0.2516172602095219,Dual LOP/TRS,OPTIMAL,-1.6925170960626827,-1.692517231117208,-1.6925170960626827,-1.6925171186232244,2.2560541657057342e-08,1.1249398368384789e-07,1.33295796000038e-08,6.646548798182227e-08,0.026238124817609787,6.742696976799942e-08,6.742696976799942e-08,,,,,,,,,,,,,,,,23,1.2478822228878528e-06,7.372936593763021e-07,-1.1128276975469475e-06,,,,0,1.4366460296698655e-07
rectangular,4,8,3,correlated-top,3.0,0.1,3.0562773435321233,0.01,0.12942380211416424,0.2516172602095219,Gurobi,TIME_LIMIT,,-1.7624333826004515,-1.6925171179761704,-1.6925171186232244,6.470539659630958e-10,0.06991626397722706,3.823027600981909e-10,0.03967030167918538,5.0031197923235595,,,,,,,,,,,,,,,,,,,,,,5.0,0.04130904431140022,1,,
rectangular,4,8,3,correlated-top,3.0,0.1,3.0562773435321233,0.01,0.12942380211416424,0.2516172602095219,Lazy SEP,Optimal,-1.6925171181043297,-1.6925171190193153,-1.6925171181043297,-1.6925171186232244,5.188947049816761e-10,3.960909378264432e-10,3.065816583313321e-10,2.340247749198234e-10,0.015728291997220367,5.640872278625117e-09,5.640872278625117e-09,9.149856428081193e-10,5.406064331794078e-10,,,,,9.91399952583738e-11,2.040245405132326e-10,9.91399952583738e-11,2.040245405132326e-10,coordinate,100,3,3,168,,,,,,,,,
rectangular,4,8,4,correlated-top,3.0,0.1,3.0231083536663643,0.01,0.15479206142669732,0.2717339567927519,Shor,Optimal,-1.7554773435292292,-1.7554773435292292,-0.517102296372711,-1.4837433927763575,0.9666410964036465,0.27173395075287177,0.6514880545448514,0.15479205798610599,0.0015695001929998398,1.751008624295855,0.811951041973438,5.824987159286366e-10,3.3181784890346424e-10,0.27173395075287177,0.15479205798610599,1.000000021208483,1.0000000086312246,,,,,,,,,,,,,,,,,,
rectangular,4,8,4,correlated-top,3.0,0.1,3.0231083536663643,0.01,0.15479206142669732,0.2717339567927519,Full SEP,SolutionStatus.Optimal,-1.4837433927763575,-1.4837433917714336,-1.4837433927763575,-1.4837433927763575,0.0,-1.0049239218545836e-09,0.0,0.0,0.007911417167633772,1.0739285488867033e-08,1.0739285488867033e-08,-1.0049239218545836e-09,6.772895682279572e-10,,,,,,,,,,,,,,,,,,,,,,
rectangular,4,8,4,correlated-top,3.0,0.1,3.0231083536663643,0.01,0.15479206142669732,0.2717339567927519,Dual LOP/TRS,OPTIMAL,-1.4837433867364773,-1.4837434850318494,-1.4837433867364773,-1.4837433927763575,6.0398801515759715e-09,9.225549191249627e-08,4.070703991661417e-09,6.217752114376829e-08,0.027057583909481764,1.4663047499886773e-08,1.4663047499886773e-08,,,,,,,,,,,,,,,,23,1.1290863206614432e-06,7.609713754781587e-07,-1.030790948597371e-06,,,,0,2.505149810049141e-06
rectangular,4,8,4,correlated-top,3.0,0.1,3.0231083536663643,0.01,0.15479206142669732,0.2717339567927519,Gurobi,TIME_LIMIT,,-1.8510501729811328,-1.4837433899068417,-1.4837433927763575,2.8695157361369183e-09,0.36730678020477536,1.9339703550541345e-09,0.19843156364218076,5.003448042087257,,,,,,,,,,,,,,,,,,,,,,5.0,0.24755411587535553,1,,
rectangular,4,8,4,correlated-top,3.0,0.1,3.0231083536663643,0.01,0.15479206142669732,0.2717339567927519,Lazy SEP,Optimal,-1.4837433939460178,-1.483743391578637,-1.4837433939460178,-1.4837433927763575,-1.1696603685606988e-09,-1.19772036732968e-09,7.883171533117901e-10,0.0,0.016421457985416055,3.9973116132739864e-08,3.9973116132739864e-08,-2.3673807358903787e-09,1.5955459316953224e-09,,,,,1.8170897564395716e-09,4.695319651133713e-09,1.8170897564395716e-09,4.695319651133713e-09,coordinate,100,3,3,168,,,,,,,,,
rectangular,4,8,5,correlated-top,3.0,0.1,3.0577896989706805,0.01,0.1705773755353977,0.2737256033797093,Shor,Optimal,-1.6047005209252183,-1.6047005209252183,-0.6193383872562186,-1.3309749206931831,0.7116365334369645,0.2737256002320352,0.5346731349876511,0.17057737357386404,0.0015486250631511211,1.6438843105933698,0.7707284090201078,2.885587324641392e-10,1.7982092527630365e-10,0.2737256002320352,0.17057737357386404,1.000000012207256,1.0000000048687585,,,,,,,,,,,,,,,,,,
rectangular,4,8,5,correlated-top,3.0,0.1,3.0577896989706805,0.01,0.1705773755353977,0.2737256033797093,Full SEP,SolutionStatus.Optimal,-1.3309749206931831,-1.330974922320393,-1.3309749206931831,-1.3309749206931831,0.0,1.6272099223613168e-09,0.0,1.222569933567549e-09,0.007148167118430138,8.826597305982222e-08,8.826597305982222e-08,1.6272099223613168e-09,1.222569933567549e-09,,,,,,,,,,,,,,,,,,,,,,
rectangular,4,8,5,correlated-top,3.0,0.1,3.0577896989706805,0.01,0.1705773755353977,0.2737256033797093,Dual LOP/TRS,OPTIMAL,-1.330974917545509,-1.330974950475919,-1.330974917545509,-1.3309749206931831,3.147674121350974e-09,2.9782735833094875e-08,2.364938717035809e-09,2.2376631372698197e-08,0.028616833966225386,1.4778008712990353e-08,1.4778008712990353e-08,,,,,,,,,,,,,,,,23,1.0289078156144882e-06,7.730482194624173e-07,-9.95977405882087e-07,,,,0,2.9298315628496167e-08
rectangular,4,8,5,correlated-top,3.0,0.1,3.0577896989706805,0.01,0.1705773755353977,0.2737256033797093,Gurobi,TIME_LIMIT,,-1.6630331649920325,-1.3309749256183794,-1.3309749206931831,-4.925196250837871e-09,0.33205824429884934,3.7004425523265163e-09,0.1996702478873536,5.003798249643296,,,,,,,,,,,,,,,,,,,,,,5.0,0.24948496998872968,2,,
rectangular,4,8,5,correlated-top,3.0,0.1,3.0577896989706805,0.01,0.1705773755353977,0.2737256033797093,Lazy SEP,Optimal,-1.3309749230533068,-1.3309749234260426,-1.3309749230533068,-1.3309749206931831,-2.360123652067614e-09,2.7328594942588325e-09,1.773229240603122e-09,2.053276471373495e-09,0.016314790991600603,2.8509076819859963e-08,2.8509076819859963e-08,3.727358421912186e-10,2.8004723126696095e-10,,,,,6.842183833399851e-10,1.4989203189176356e-09,6.842183833399851e-10,1.4989203189176356e-09,coordinate,100,3,3,168,,,,,,,,,
rectangular,4,8,6,correlated-top,3.0,0.1,2.995051370743461,0.01,0.13658936131642133,0.2645568686266837,Shor,Optimal,-1.9368775582295488,-1.9368775582295488,-0.4522942754417008,-1.672320687624583,1.2200264121828823,0.2645568706049657,0.7295409434394107,0.1365893623377982,0.0013864999637007713,1.8128704486394533,0.8354890572286443,-8.833045406220208e-11,4.560456270810569e-11,0.2645568706049657,0.1365893623377982,1.000000009581338,1.0000000034492114,,,,,,,,,,,,,,,,,,
rectangular,4,8,6,correlated-top,3.0,0.1,2.995051370743461,0.01,0.13658936131642133,0.2645568686266837,Full SEP,SolutionStatus.Optimal,-1.672320687624583,-1.67232069671063,-1.672320687624583,-1.672320687624583,0.0,9.086047025874677e-09,0.0,5.433196541636105e-09,0.007059874944388866,1.5708697041877013e-07,1.5708697041877013e-07,9.086047025874677e-09,5.433196541636105e-09,,,,,,,,,,,,,,,,,,,,,,
rectangular,4,8,6,correlated-top,3.0,0.1,2.995051370743461,0.01,0.13658936131642133,0.2645568686266837,Dual LOP/TRS,OPTIMAL,-1.672320689602865,-1.6723210610164183,-1.672320689602865,-1.672320687624583,-1.9782819826730247e-09,3.7339183522888675e-07,1.1829561130065419e-09,2.2327760137275512e-07,0.025346292182803154,6.340740805605861e-09,6.340740805605861e-09,,,,,,,,,,,,,,,,23,1.2442855177319245e-06,7.440470294476e-07,-8.728719641526439e-07,,,,0,1.3660180208018557e-08
rectangular,4,8,6,correlated-top,3.0,0.1,2.995051370743461,0.01,0.13658936131642133,0.2645568686266837,Gurobi,TIME_LIMIT,,-1.9427613690169996,-1.6723206972581195,-1.672320687624583,-9.633536413033994e-09,0.2704406813924165,5.760579552013447e-09,0.13920427166474614,5.003414584323764,,,,,,,,,,,,,,,,,,,,,,5.0,0.16171579542266354,1,,
rectangular,4,8,6,correlated-top,3.0,0.1,2.995051370743461,0.01,0.13658936131642133,0.2645568686266837,Lazy SEP,Optimal,-1.6723206898913996,-1.6723206969644067,-1.6723206898913996,-1.672320687624583,-2.266816512275227e-09,9.339823581200335e-09,1.355491519047363e-09,5.584947670715291e-09,0.015722749987617135,1.2750366035744739e-07,1.2750366035744739e-07,7.073007068925108e-09,4.22945615740092e-09,,,,,1.8774329920562272e-10,5.72527718085215e-10,1.8774329920562272e-10,5.72527718085215e-10,coordinate,100,3,3,168,,,,,,,,,
rectangular,4,8,7,correlated-top,3.0,0.1,3.101735493271771,0.01,0.18199419048056611,0.31211318451654835,Shor,Optimal,-1.714962349580476,-1.714962349580476,-0.5413233642980688,-1.4028491652215047,0.8615258009234359,0.3121131843589713,0.6141257537031104,0.18199419038868242,0.0014104591682553291,1.7308183672750912,0.805409284370616,2.4325474967668015e-10,1.4184261814038457e-10,0.3121131843589713,0.18199419038868242,1.0000000142319256,1.0000000055710847,,,,,,,,,,,,,,,,,,
rectangular,4,8,7,correlated-top,3.0,0.1,3.101735493271771,0.01,0.18199419048056611,0.31211318451654835,Full SEP,SolutionStatus.Optimal,-1.4028491652215047,-1.402849165388546,-1.4028491652215047,-1.4028491652215047,0.0,1.6704126970523703e-10,0.0,1.1907286529907992e-10,0.007072834298014641,1.086388424808611e-08,1.086388424808611e-08,1.6704126970523703e-10,1.1907286529907992e-10,,,,,,,,,,,,,,,,,,,,,,
rectangular,4,8,7,correlated-top,3.0,0.1,3.101735493271771,0.01,0.18199419048056611,0.31211318451654835,Dual LOP/TRS,OPTIMAL,-1.4028491650639277,-1.4028492898411038,-1.4028491650639277,-1.4028491652215047,1.5757706250951742e-10,1.246195990844967e-07,1.1232644707361434e-10,8.8833205382035e-08,0.02542637474834919,2.1326957407191077e-09,2.1326957407191077e-09,,,,,,,,,,,,,,,,23,1.107109006914797e-06,7.891859909200907e-07,-9.823318309898355e-07,,,,0,6.637920139274623e-08
rectangular,4,8,7,correlated-top,3.0,0.1,3.101735493271771,0.01,0.18199419048056611,0.31211318451654835,Gurobi,TIME_LIMIT,,-1.4178616651135811,-1.4028491645240329,-1.4028491652215047,6.974718580465833e-10,0.015012499892076425,4.971823595421643e-10,0.010588127362110332,5.003608833998442,,,,,,,,,,,,,,,,,,,,,,5.0,0.010701436026903018,1,,
rectangular,4,8,7,correlated-top,3.0,0.1,3.101735493271771,0.01,0.18199419048056611,0.31211318451654835,Lazy SEP,Optimal,-1.402849165387076,-1.4028491654580753,-1.402849165387076,-1.4028491652215047,-1.6557133442063332e-10,2.3657054093462193e-10,1.1802504396468643e-10,1.6863576410039355e-10,0.015896708995569497,4.028219572274314e-09,4.028219572274314e-09,7.099920651398861e-11,5.061072014168044e-11,,,,,3.793424602216433e-11,1.0495814676913625e-10,3.793424602216433e-11,1.0495814676913625e-10,coordinate,100,3,3,168,,,,,,,,,
rectangular,4,8,8,correlated-top,3.0,0.1,3.036207064086273,0.01,0.12001966819777915,0.2112621571326876,Shor,Optimal,-1.7602294715941966,-1.7602294715941966,-0.5456294428197952,-1.548967806835262,1.0033383640154667,0.2112616647589347,0.6477464280328812,0.12001938847643552,0.0013760407455265522,1.7322566002471158,0.8069586817600551,8.839917686742638e-10,5.022025724144103e-10,0.2112616647589347,0.12001938847643552,1.000000016344969,1.0000000066407824,,,,,,,,,,,,,,,,,,
rectangular,4,8,8,correlated-top,3.0,0.1,3.036207064086273,0.01,0.12001966819777915,0.2112621571326876,Full SEP,SolutionStatus.Optimal,-1.548967806835262,-1.5489678034465881,-1.548967806835262,-1.548967806835262,0.0,-3.3886737860200355e-09,0.0,0.0,0.00743691623210907,3.927371959768536e-07,3.927371959768536e-07,-3.3886737860200355e-09,2.187698008355336e-09,,,,,,,,,,,,,,,,,,,,,,
rectangular,4,8,8,correlated-top,3.0,0.1,3.036207064086273,0.01,0.12001966819777915,0.2112621571326876,Dual LOP/TRS,OPTIMAL,-1.548967314461509,-1.548968077819094,-1.548967314461509,-1.548967806835262,4.923737528805816e-07,2.7098383204027243e-07,3.1787216668276906e-07,1.7494474929516332e-07,0.028684790711849928,8.180062822356337e-07,8.180062822356337e-07,,,,,,,,,,,,,,,,23,1.1389757290647395e-06,7.3531258995885e-07,-3.756181441438855e-07,,,,1,8.579896574105e-06
rectangular,4,8,8,correlated-top,3.0,0.1,3.036207064086273,0.01,0.12001966819777915,0.2112621571326876,Gurobi,TIME_LIMIT,,-1.8870295052349824,-1.548967804009108,-1.548967806835262,2.8261539775087385e-09,0.33806169839972044,1.8245401647713584e-09,0.1791501921204053,5.004500416107476,,,,,,,,,,,,,,,,,,,,,,5.0,0.2182496630019604,2,,
rectangular,4,8,8,correlated-top,3.0,0.1,3.036207064086273,0.01,0.12001966819777915,0.2112621571326876,Lazy SEP,Optimal,-1.5489678047445246,-1.5489678033367773,-1.5489678047445246,-1.548967806835262,2.0907373610157265e-09,-3.4984846131180802e-09,1.3497616617916474e-09,0.0,0.015860333980526775,3.3595705742289694e-07,3.3595705742289694e-07,-1.4077472521023537e-09,9.088292524805171e-10,,,,,1.0873614252927821e-09,1.688096465135261e-09,1.0873614252927821e-09,1.688096465135261e-09,coordinate,100,3,3,168,,,,,,,,,
rectangular,4,8,9,correlated-top,3.0,0.1,3.096485453419471,0.01,0.1569862695004281,0.2929370642296274,Shor,Optimal,-1.8660043656163736,-1.8660043656163736,-0.478100496400979,-1.5730673130933273,1.0949668166923483,0.29293705252304636,0.6960711773606003,0.1569862632268195,0.0014524157159030437,1.7922649275100155,0.8288892544993588,1.463476007046438e-10,7.842832707216238e-11,0.29293705252304636,0.1569862632268195,1.000000007134087,1.0000000028200415,,,,,,,,,,,,,,,,,,
rectangular,4,8,9,correlated-top,3.0,0.1,3.096485453419471,0.01,0.1569862695004281,0.2929370642296274,Full SEP,SolutionStatus.Optimal,-1.5730673130933273,-1.573067314129714,-1.5730673130933273,-1.5730673130933273,0.0,1.0363867541940408e-09,0.0,6.588317898954076e-10,0.006729625165462494,2.3262997225162857e-07,2.3262997225162857e-07,1.0363867541940408e-09,6.588317898954076e-10,,,,,,,,,,,,,,,,,,,,,,
rectangular,4,8,9,correlated-top,3.0,0.1,3.096485453419471,0.01,0.1569862695004281,0.2929370642296274,Dual LOP/TRS,OPTIMAL,-1.5730673013867462,-1.573067894142833,-1.5730673013867462,-1.5730673130933273,1.1706581037884689e-08,5.810495058433673e-07,7.441881819325654e-09,3.693734440877277e-07,0.028372291009873152,9.9194493188186e-09,9.9194493188186e-09,,,,,,,,,,,,,,,,23,1.2044529933419312e-06,7.656713342294989e-07,-6.116969064606792e-07,,,,0,1.5607783909695724e-07
rectangular,4,8,9,correlated-top,3.0,0.1,3.096485453419471,0.01,0.1569862695004281,0.2929370642296274,Gurobi,TIME_LIMIT,,-1.9127272318529447,-1.5730673135445965,-1.5730673130933273,-4.5126924419491843e-10,0.33965991875961743,2.868721766127556e-10,0.1775788586596185,5.0036983750760555,,,,,,,,,,,,,,,,,,,,,,5.0,0.2159220494786022,1,,
rectangular,4,8,9,correlated-top,3.0,0.1,3.096485453419471,0.01,0.1569862695004281,0.2929370642296274,Lazy SEP,Optimal,-1.5730673142699052,-1.573067314935423,-1.5730673142699052,-1.5730673130933273,-1.1765779461825332e-09,1.842095809223565e-09,7.479514293567333e-10,1.1710216032930454e-09,0.015607125009410083,1.242758624698181e-07,1.242758624698181e-07,6.655178630410319e-10,4.23070174252748e-10,,,,,1.9947809550002749e-10,6.888505529719114e-10,1.9947809550002749e-10,6.888505529719114e-10,coordinate,100,3,3,168,,,,,,,,,
rectangular,8,12,0,correlated-top,3.0,0.1,2.9836848303749823,0.01,0.09907403640939251,0.20485928695208688,Shor,Optimal,-2.067739383359429,-2.067739383359429,-0.4223014918848205,-1.8628801038842568,1.4405786119994364,0.20485927947517224,0.7733072080139309,0.09907403279340748,0.0017701671458780766,1.8323347118139763,0.8390563016749828,-8.746026125550088e-11,4.229752644813745e-11,0.20485927947517224,0.09907403279340748,1.0000000243390603,1.0000000154109472,,,,,,,,,,,,,,,,,,
rectangular,8,12,0,correlated-top,3.0,0.1,2.9836848303749823,0.01,0.09907403640939251,0.20485928695208688,Full SEP,SolutionStatus.Optimal,-1.8628801038842568,-1.8628801043691063,-1.8628801038842568,-1.8628801038842568,0.0,4.848494938869408e-10,0.0,2.6026875951372226e-10,0.3330256659537554,2.7203192285425163e-08,2.7203192285425163e-08,4.848494938869408e-10,2.6026875951372226e-10,,,,,,,,,,,,,,,,,,,,,,
rectangular,8,12,0,correlated-top,3.0,0.1,2.9836848303749823,0.01,0.09907403640939251,0.20485928695208688,Dual LOP/TRS,OPTIMAL,-1.8628800964073422,-1.8628810342987756,-1.8628800964073422,-1.8628801038842568,7.476914642978727e-09,9.304145187627455e-07,4.013631702538854e-09,4.994492410584723e-07,0.033451332710683346,1.5209613649589747e-08,1.5209613649589747e-08,,,,,,,,,,,,,,,,23,1.3108493961411227e-06,7.036677984295179e-07,-3.729579627353985e-07,,,,0,4.1215712981935455e-08
rectangular,8,12,0,correlated-top,3.0,0.1,2.9836848303749823,0.01,0.09907403640939251,0.20485928695208688,Lazy SEP,Optimal,-1.862880104141492,-1.8628801045306322,-1.862880104141492,-1.8628801038842568,-2.5723512209196997e-10,6.463753976504449e-10,1.3808463653677633e-10,3.4697638139911555e-10,0.304824416001793,3.191617451877861e-08,3.191617451877861e-08,3.8914027555847497e-10,2.0889174489118398e-10,,,,,1.464875529905152e-10,1.5441021611001436e-09,1.464875529905152e-10,1.5441021611001436e-09,coordinate,450,10,10,1848,,,,,,,,,
rectangular,8,12,1,correlated-top,3.0,0.1,3.0665383868798095,0.01,0.08001703493861453,0.15167626360431097,Shor,Optimal,-1.8955496629020328,-1.8955496629020328,-0.46773104728976245,-1.7438734039826551,1.2761423566928927,0.15167625891937764,0.7317861226499819,0.0800170324670711,0.0019205831922590733,1.794554815319117,0.8270311519441403,7.07525149579169e-11,3.7325592857111856e-11,0.15167625891937764,0.0800170324670711,1.000000003027827,1.0000000019229867,,,,,,,,,,,,,,,,,,
rectangular,8,12,1,correlated-top,3.0,0.1,3.0665383868798095,0.01,0.08001703493861453,0.15167626360431097,Full SEP,SolutionStatus.Optimal,-1.7438734039826551,-1.7438734042029191,-1.7438734039826551,-1.7438734039826551,0.0,2.2026402923813748e-10,0.0,1.2630735046894912e-10,0.23849137499928474,4.126867578368021e-09,4.126867578368021e-09,2.2026402923813748e-10,1.2630735046894912e-10,,,,,,,,,,,,,,,,,,,,,,
rectangular,8,12,1,correlated-top,3.0,0.1,3.0665383868798095,0.01,0.08001703493861453,0.15167626360431097,Dual LOP/TRS,OPTIMAL,-1.7438733992977218,-1.7438743859180819,-1.7438733992977218,-1.7438734039826551,4.684933330167951e-09,9.819354267470715e-07,2.6865099952029245e-09,5.630769249644783e-07,0.03358891559764743,5.5142898581397165e-09,5.5142898581397165e-09,,,,,,,,,,,,,,,,23,1.2110365976703008e-06,6.944517377223459e-07,-2.244162375930614e-07,,,,0,1.3067897179380124e-07
rectangular,8,12,1,correlated-top,3.0,0.1,3.0665383868798095,0.01,0.08001703493861453,0.15167626360431097,Lazy SEP,Optimal,-1.7438733997957652,-1.7438734048153834,-1.7438733997957652,-1.7438734039826551,4.186889945856365e-09,8.327283307352218e-10,2.400913928897793e-09,4.775165034547787e-10,0.27225841698236763,4.4306418106922157e-07,4.4306418106922157e-07,5.0196182765915864e-09,2.8784304312060955e-09,,,,,2.208121914482053e-09,1.104415779419073e-08,2.208121914482053e-09,1.104415779419073e-08,coordinate,400,9,9,1848,,,,,,,,,
rectangular,8,12,2,correlated-top,3.0,0.1,2.9983413388328968,0.01,0.03899575856738251,0.08057557347288569,Shor,Optimal,-2.066265061459327,-2.066265061459327,-0.5351513083408856,-1.9856894896507475,1.450538181309862,0.08057557180857944,0.7304959757655712,0.03899575776191651,0.001973459031432867,1.7255206834430903,0.8037952162585298,-6.838973831690964e-13,3.309824068196192e-13,0.08057557180857944,0.03899575776191651,1.0000000021516808,1.0000000013593868,,,,,,,,,,,,,,,,,,
rectangular,8,12,2,correlated-top,3.0,0.1,2.9983413388328968,0.01,0.03899575856738251,0.08057557347288569,Full SEP,SolutionStatus.Optimal,-1.9856894896507475,-1.9856894896933528,-1.9856894896507475,-1.9856894896507475,0.0,4.260525265920023e-11,0.0,2.14561505614756e-11,0.26977195916697383,5.099041368167533e-10,5.099041368167533e-10,4.260525265920023e-11,2.14561505614756e-11,,,,,,,,,,,,,,,,,,,,,,
rectangular,8,12,2,correlated-top,3.0,0.1,2.9983413388328968,0.01,0.03899575856738251,0.08057557347288569,Dual LOP/TRS,OPTIMAL,-1.9856894879864413,-1.985690142599082,-1.9856894879864413,-1.9856894896507475,1.664306248372327e-09,6.529483345119047e-07,8.381503034822695e-10,3.288269002822649e-07,0.033586082980036736,1.9610761774733648e-09,1.9610761774733648e-09,,,,,,,,,,,,,,,,23,1.3122047344271692e-06,6.608305627733119e-07,-6.575920941109814e-07,,,,0,2.5561583810054262e-08
rectangular,8,12,2,correlated-top,3.0,0.1,2.9983413388328968,0.01,0.03899575856738251,0.08057557347288569,Lazy SEP,Optimal,-1.9856894875424362,-1.985689489842166,-1.9856894875424362,-1.9856894896507475,2.108311303317123e-09,1.914184366569316e-10,1.0617527636145885e-09,9.639897760255891e-11,0.26724116696277633,2.9576921930880268e-08,2.9576921930880268e-08,2.2997297399740546e-09,1.1581517411147955e-09,,,,,2.3352290066946946e-10,1.7960348176425435e-09,2.3352290066946946e-10,1.7960348176425435e-09,coordinate,400,9,9,1848,,,,,,,,,
rectangular,8,12,3,correlated-top,3.0,0.1,3.1548329248912927,0.01,0.08452195849261186,0.19035809013941796,Shor,Optimal,-2.252173204860809,-2.252173204860809,-0.40004384352106853,-2.061815118464366,1.6617712749432976,0.19035808639644314,0.8059749198953299,0.08452195683067272,0.0019103330560028553,1.846907351055383,0.844293448758909,-2.858691061646823e-11,1.2693033801649809e-11,0.19035808639644314,0.08452195683067272,1.0000000014261476,1.0000000009069767,,,,,,,,,,,,,,,,,,
rectangular,8,12,3,correlated-top,3.0,0.1,3.1548329248912927,0.01,0.08452195849261186,0.19035809013941796,Full SEP,SolutionStatus.Optimal,-2.061815118464366,-2.0618151185819826,-2.061815118464366,-2.061815118464366,0.0,1.1761658313957923e-10,0.0,5.7045164757774336e-11,0.30232729064300656,7.493358543008715e-10,7.493358543008715e-10,1.1761658313957923e-10,5.7045164757774336e-11,,,,,,,,,,,,,,,,,,,,,,
rectangular,8,12,3,correlated-top,3.0,0.1,3.1548329248912927,0.01,0.08452195849261186,0.19035809013941796,Dual LOP/TRS,OPTIMAL,-2.0618151147213912,-2.0618163231593796,-2.0618151147213912,-2.061815118464366,3.742974818976563e-09,1.2046950135236045e-06,1.8153784912414067e-09,5.84288231687688e-07,0.03242562524974346,6.427758523199927e-09,6.427758523199927e-09,,,,,,,,,,,,,,,,23,1.4107272656715963e-06,6.842157809236368e-07,-2.0228927732901525e-07,,,,0,1.967009891961867e-08
rectangular,8,12,3,correlated-top,3.0,0.1,3.1548329248912927,0.01,0.08452195849261186,0.19035809013941796,Lazy SEP,Optimal,-2.0618151097468624,-2.061815119075817,-2.0618151097468624,-2.061815118464366,8.717503607869048e-09,6.114508899202065e-10,4.228072405619869e-09,2.96559514120879e-10,0.26706883299630135,1.1267353986387975e-07,1.1267353986387975e-07,9.328954497789255e-09,4.524631918486873e-09,,,,,1.585077758967023e-09,6.992060212044565e-09,1.585077758967023e-09,6.992060212044565e-09,coordinate,400,9,9,1848,,,,,,,,,
rectangular,8,12,4,correlated-top,3.0,0.1,2.9561312054218,0.01,0.09061270466957616,0.20471527828536917,Shor,Optimal,-2.2592337248057417,-2.2592337248057417,-0.372625329891405,-2.054518449995727,1.6818931201043221,0.2047152748100145,0.818631305115717,0.09061270313128704,0.0018922090530395508,1.8712723747937592,0.8536867173079817,-2.0651036436447612e-11,9.140725994705693e-12,0.2047152748100145,0.09061270313128704,1.000000000710639,1.0000000004481149,,,,,,,,,,,,,,,,,,
rectangular,8,12,4,correlated-top,3.0,0.1,2.9561312054218,0.01,0.09061270466957616,0.20471527828536917,Full SEP,SolutionStatus.Optimal,-2.054518449995727,-2.0545184492697097,-2.054518449995727,-2.054518449995727,0.0,-7.260174683665355e-10,0.0,0.0,0.2275029169395566,4.22719084111122e-09,4.22719084111122e-09,-7.260174683665355e-10,3.5337597886650536e-10,,,,,,,,,,,,,,,,,,,,,,
rectangular,8,12,4,correlated-top,3.0,0.1,2.9561312054218,0.01,0.09061270466957616,0.20471527828536917,Dual LOP/TRS,OPTIMAL,-2.0545184465203725,-2.05451920810624,-2.0545184465203725,-2.054518449995727,3.4753546707122496e-09,7.581105125886722e-07,1.6915665423785693e-09,3.6899655627335954e-07,0.032698582857847214,2.08397708310918e-09,2.08397708310918e-09,,,,,,,,,,,,,,,,23,1.4226056048727287e-06,6.924275028725677e-07,-6.61019738279478e-07,,,,0,9.49790912424527e-09
rectangular,8,12,4,correlated-top,3.0,0.1,2.9561312054218,0.01,0.09061270466957616,0.20471527828536917,Lazy SEP,Optimal,-2.0545184521120787,-2.054518449099855,-2.0545184521120787,-2.054518449995727,-2.1163515384614584e-09,-8.958722652607776e-10,1.0300961455399995e-09,0.0,0.21545166696887463,6.036410189283289e-08,6.036410189283289e-08,-3.012223803722236e-09,1.4661458993593464e-09,,,,,2.235622676295245e-10,2.0053407445038797e-09,2.235622676295245e-10,2.0053407445038797e-09,coordinate,350,8,8,1848,,,,,,,,,
rectangular,8,12,5,correlated-top,3.0,0.1,3.1153045965115003,0.01,0.10291904765816799,0.19436776948624956,Shor,Optimal,-1.8885500197380023,-1.8885500197380023,-0.5133704134947255,-1.6941824513364512,1.1808120378417257,0.19436756840155112,0.6969804444085969,0.10291894118246105,0.0018846248276531696,1.7491340032681524,0.8106184428824559,8.460543376997975e-11,4.479914902212494e-11,0.19436756840155112,0.10291894118246105,1.0000000067069432,1.0000000042308768,,,,,,,,,,,,,,,,,,
rectangular,8,12,5,correlated-top,3.0,0.1,3.1153045965115003,0.01,0.10291904765816799,0.19436776948624956,Full SEP,SolutionStatus.Optimal,-1.6941824513364512,-1.6941824513251746,-1.6941824513364512,-1.6941824513364512,0.0,-1.1276535261117715e-11,0.0,0.0,0.25939658284187317,4.268417520025148e-10,4.268417520025148e-10,-1.1276535261117715e-11,6.656033564875053e-12,,,,,,,,,,,,,,,,,,,,,,
rectangular,8,12,5,correlated-top,3.0,0.1,3.1153045965115003,0.01,0.10291904765816799,0.19436776948624956,Dual LOP/TRS,OPTIMAL,-1.6941822502517527,-1.6941825100807018,-1.6941822502517527,-1.6941824513364512,2.0108469844792864e-07,5.8744250575060164e-08,1.1869128870347083e-07,3.467409811252384e-08,0.03107566712424159,3.5078208713344795e-07,3.5078208713344795e-07,,,,,,,,,,,,,,,,23,1.2050001476637817e-06,7.11257577323462e-07,-9.451711986407929e-07,,,,0,3.5511353267537517e-07
rectangular,8,12,5,correlated-top,3.0,0.1,3.1153045965115003,0.01,0.10291904765816799,0.19436776948624956,Lazy SEP,Optimal,-1.6941824533065866,-1.6941824515612343,-1.6941824533065866,-1.6941824513364512,-1.9701353881629302e-09,2.2478308103757172e-10,1.162882654296034e-09,1.3267938221791173e-10,0.3558840839541517,1.0677556140086246e-07,1.0677556140086246e-07,-1.7453523071253585e-09,1.030203272214809e-09,,,,,3.625523985846188e-10,3.6736320058246697e-09,3.625523985846188e-10,3.6736320058246697e-09,coordinate,500,11,11,1848,,,,,,,,,
rectangular,8,12,6,correlated-top,3.0,0.1,3.063642681123785,0.01,0.10868312830090862,0.23551616509033013,Shor,Optimal,-2.1669983995884037,-2.1669983995884037,-0.42523226136501024,-1.9314822420493634,1.5062499806843532,0.23551615753904032,0.7798414854107976,0.10868312481623148,0.0017962497659027576,1.836288639667157,0.844473765150302,-3.22608606495578e-11,1.48873486273388e-11,0.23551615753904032,0.10868312481623148,1.0000000072092465,1.0000000045521653,,,,,,,,,,,,,,,,,,
rectangular,8,12,6,correlated-top,3.0,0.1,3.063642681123785,0.01,0.10868312830090862,0.23551616509033013,Full SEP,SolutionStatus.Optimal,-1.9314822420493634,-1.9314822422208737,-1.9314822420493634,-1.9314822420493634,0.0,1.7151036146856313e-10,0.0,8.879727585346867e-11,0.2570285419933498,3.6825326680779025e-09,3.6825326680779025e-09,1.7151036146856313e-10,8.879727585346867e-11,,,,,,,,,,,,,,,,,,,,,,
rectangular,8,12,6,correlated-top,3.0,0.1,3.063642681123785,0.01,0.10868312830090862,0.23551616509033013,Dual LOP/TRS,OPTIMAL,-1.9314822344980735,-1.9314834958430915,-1.9314822344980735,-1.9314822420493634,7.551289815665996e-09,1.253793728173136e-06,3.90958283295105e-09,6.491350979035188e-07,0.0328125418163836,5.176597331013623e-09,5.176597331013623e-09,,,,,,,,,,,,,,,,23,1.3783623549201707e-06,7.136288546532551e-07,-1.1701733626523492e-07,,,,0,3.4072677352293645e-08
rectangular,8,12,6,correlated-top,3.0,0.1,3.063642681123785,0.01,0.10868312830090862,0.23551616509033013,Lazy SEP,Optimal,-1.931482234743295,-1.9314822421262354,-1.931482234743295,-1.9314822420493634,7.306068416923495e-09,7.687206426965076e-11,3.782622618974496e-09,3.9799519039340284e-11,0.25454329198691994,1.5458157809969062e-07,1.5458157809969062e-07,7.382940481193145e-09,3.82242213786329e-09,,,,,6.463254367469751e-10,3.4495624905749633e-09,6.463254367469751e-10,3.4495624905749633e-09,coordinate,400,9,9,1848,,,,,,,,,
rectangular,8,12,7,correlated-top,3.0,0.1,2.9329794026038054,0.01,0.10860821529697572,0.20590636337987012,Shor,Optimal,-1.8958636123137156,-1.8958636123137156,-0.4878512620597347,-1.689957250125019,1.2021059880652842,0.2059063621886965,0.7113233118626848,0.1086082146686744,0.0019200420938432217,1.7710904500758387,0.8145473148808654,1.499453894382441e-10,7.90908103643861e-11,0.2059063621886965,0.1086082146686744,1.0000000113271108,1.0000000071474404,,,,,,,,,,,,,,,,,,
rectangular,8,12,7,correlated-top,3.0,0.1,2.9329794026038054,0.01,0.10860821529697572,0.20590636337987012,Full SEP,SolutionStatus.Optimal,-1.689957250125019,-1.6899572501186362,-1.689957250125019,-1.689957250125019,0.0,-6.38289421317495e-12,0.0,0.0,0.2300468748435378,1.4044587389191224e-09,1.4044587389191224e-09,-6.38289421317495e-12,3.776956022232372e-12,,,,,,,,,,,,,,,,,,,,,,
rectangular,8,12,7,correlated-top,3.0,0.1,2.9329794026038054,0.01,0.10860821529697572,0.20590636337987012,Dual LOP/TRS,OPTIMAL,-1.6899572489338455,-1.689957481695807,-1.6899572489338455,-1.689957250125019,1.1911736041980703e-09,2.3157078787860996e-07,7.048542820298857e-10,1.3702758228345345e-07,0.0331729999743402,2.715134628841147e-09,2.715134628841147e-09,,,,,,,,,,,,,,,,23,1.2036815415505941e-06,7.122555180161967e-07,-9.709195798457415e-07,,,,0,5.426871961992457e-08
rectangular,8,12,7,correlated-top,3.0,0.1,2.9329794026038054,0.01,0.10860821529697572,0.20590636337987012,Lazy SEP,Optimal,-1.6899572502719453,-1.6899572499535824,-1.6899572502719453,-1.689957250125019,-1.4692624894507844e-10,-1.7143664265972802e-10,8.694080807158601e-11,0.0,0.3023371250019409,7.425692227649774e-08,7.425692227649774e-08,-3.1836289160480646e-10,1.8838517456792236e-10,,,,,3.5381919789856386e-10,3.4539806817296423e-09,3.5381919789856386e-10,3.4539806817296423e-09,coordinate,450,10,10,1848,,,,,,,,,
rectangular,8,12,8,correlated-top,3.0,0.1,2.974212595760881,0.01,0.08455954916937314,0.21070768578223076,Shor,Optimal,-2.491826030909677,-2.491826030909677,-0.34540484331745547,-2.2811183455526547,1.9357135022351992,0.21070768535702245,0.8485809190957284,0.08455954899873189,0.0017567076720297337,1.8927600580593333,0.8631015928074731,-5.703135741441656e-10,2.288737524489077e-10,0.21070768535702245,0.08455954899873189,1.0000000116096506,1.0000000073797584,,,,,,,,,,,,,,,,,,
rectangular,8,12,8,correlated-top,3.0,0.1,2.974212595760881,0.01,0.08455954916937314,0.21070768578223076,Full SEP,SolutionStatus.Optimal,-2.2811183455526547,-2.281118345449005,-2.2811183455526547,-2.2811183455526547,0.0,-1.0364953340058491e-10,0.0,0.0,0.23167950008064508,1.708727520034607e-08,1.708727520034607e-08,-1.0364953340058491e-10,4.543803420048922e-11,,,,,,,,,,,,,,,,,,,,,,
rectangular,8,12,8,correlated-top,3.0,0.1,2.974212595760881,0.01,0.08455954916937314,0.21070768578223076,Dual LOP/TRS,OPTIMAL,-2.2811183451274464,-2.2811183951628022,-2.2811183451274464,-2.2811183455526547,4.2520831300407735e-10,4.961014754556459e-08,1.8640344278194852e-10,2.1748168639893827e-08,0.0341993747279048,4.500445784628658e-10,4.500445784628658e-10,,,,,,,,,,,,,,,,23,1.5572972817956554e-06,6.826902475110293e-07,-1.5072619259370867e-06,,,,0,1.0631206689889657e-08
rectangular,8,12,8,correlated-top,3.0,0.1,2.974212595760881,0.01,0.08455954916937314,0.21070768578223076,Lazy SEP,Optimal,-2.281118346755241,-2.2811183455285686,-2.281118346755241,-2.2811183455526547,-1.202586474846612e-09,-2.4086066474637846e-11,5.271916192148565e-10,0.0,0.19292404199950397,2.0862685000828694e-07,2.0862685000828694e-07,-1.2266725413212498e-09,5.377505042937034e-10,,,,,1.4936408004526114e-09,1.2019746924852342e-08,1.4936408004526114e-09,1.2019746924852342e-08,coordinate,300,7,7,1848,,,,,,,,,
rectangular,8,12,9,correlated-top,3.0,0.1,3.14925886989542,0.01,0.030823273425255624,0.060149849449391946,Shor,Optimal,-1.9514426199816612,-1.9514426199816612,-0.587711336524175,-1.891292781935849,1.303581445411674,0.06014983804581231,0.6892541746378275,0.03082326758158924,0.002124791033565998,1.66164226599496,0.7771933449925653,1.3322143388450058e-10,6.826817889513581e-11,0.06014983804581231,0.03082326758158924,1.0000000115761631,1.000000007330054,,,,,,,,,,,,,,,,,,
rectangular,8,12,9,correlated-top,3.0,0.1,3.14925886989542,0.01,0.030823273425255624,0.060149849449391946,Full SEP,SolutionStatus.Optimal,-1.891292781935849,-1.8912927819354821,-1.891292781935849,-1.891292781935849,0.0,-3.668176873361517e-13,0.0,0.0,0.22455641720443964,1.4621308418840172e-11,1.4621308418840172e-11,-3.668176873361517e-13,1.939507678767178e-13,,,,,,,,,,,,,,,,,,,,,,
rectangular,8,12,9,correlated-top,3.0,0.1,3.14925886989542,0.01,0.030823273425255624,0.060149849449391946,Dual LOP/TRS,OPTIMAL,-1.8912927705322693,-1.8912937333946376,-1.8912927705322693,-1.891292781935849,1.1403579636137806e-08,9.514587886449988e-07,6.029515760360262e-09,5.030729874715168e-07,0.03319820808246732,1.2902033767995943e-08,1.2902033767995943e-08,,,,,,,,,,,,,,,,23,1.2399090385528666e-06,6.555877686579036e-07,-2.7704667049377463e-07,,,,0,1.9349430095687937e-08
rectangular,8,12,9,correlated-top,3.0,0.1,3.14925886989542,0.01,0.030823273425255624,0.060149849449391946,Lazy SEP,Optimal,-1.891292782200094,-1.8912927818614218,-1.891292782200094,-1.891292781935849,-2.642450702694532e-10,-7.442713112482124e-11,1.3971663866980102e-10,0.0,0.22614012501435354,2.852587640860429e-08,2.852587640860429e-08,-3.3867220139427445e-10,1.7906915554359884e-10,,,,,1.430394739286578e-10,1.1497309816372069e-09,1.430394739286578e-10,1.1497309816372069e-09,coordinate,350,8,8,1848,,,,,,,,,
rectangular,10,20,0,correlated-top,3.0,0.1,3.1218049844484046,0.01,0.026058237864810856,0.059669343457307455,Shor,Optimal,-2.2898456820783406,-2.2898456820783406,-0.40353596723182295,-2.230176357668154,1.826640390436331,0.059669324410186686,0.8190564769264457,0.026058229546730333,0.002596666105091572,1.8402185127816586,0.8367298179253019,-3.555133964994184e-10,1.5525648705581875e-10,0.059669324410186686,0.026058229546730333,1.0000000114437688,1.0000000054158107,,,,,,,,,,,,,,,,,,
rectangular,10,20,0,correlated-top,3.0,0.1,3.1218049844484046,0.01,0.026058237864810856,0.059669343457307455,Full SEP,SolutionStatus.Optimal,-2.230176357668154,-2.2301763577039786,-2.230176357668154,-2.230176357668154,0.0,3.582467655860455e-11,0.0,1.6063607003477938e-11,8.312794792000204,7.173174427530794e-10,7.173174427530794e-10,3.582467655860455e-11,1.6063607003477938e-11,,,,,,,,,,,,,,,,,,,,,,
rectangular,10,20,0,correlated-top,3.0,0.1,3.1218049844484046,0.01,0.026058237864810856,0.059669343457307455,Dual LOP/TRS,OPTIMAL,-2.230176338621033,-2.230177217183855,-2.230176338621033,-2.230176357668154,1.904712076949977e-08,8.595157012791788e-07,8.54063433324852e-09,3.854024221288243e-07,0.05564379179850221,1.611124215416437e-08,1.611124215416437e-08,,,,,,,,,,,,,,,,23,1.4237832655084048e-06,6.384170973221043e-07,-5.452204434597263e-07,,,,0,3.447488288389737e-08
rectangular,10,20,0,correlated-top,3.0,0.1,3.1218049844484046,0.01,0.026058237864810856,0.059669343457307455,Lazy SEP,Optimal,-2.2301763561996486,-2.230176357810704,-2.2301763561996486,-2.230176357668154,1.46850531734799e-09,1.42549971826611e-10,6.584704892502052e-10,6.391869922186242e-11,3.0906993329990655,3.8346268369403086e-07,3.8346268369403086e-07,1.611055289174601e-09,7.223891884299791e-10,,,,,1.263804004156266e-09,7.222092141979668e-09,1.263804004156266e-09,7.222092141979668e-09,coordinate,1150,24,24,8550,,,,,,,,,
rectangular,10,20,1,correlated-top,3.0,0.1,3.0337209414983137,0.01,0.07822157958842288,0.2009451943741678,Shor,Optimal,-2.568922737580571,-2.568922737580571,-0.33771680638516177,-2.3679775505520677,2.030260744166906,0.20094518702850328,0.8573817533420337,0.07822157672898906,0.002557958010584116,1.896147471787206,0.864187248227884,-3.357079059185253e-10,1.3068042141068722e-10,0.20094518702850328,0.07822157672898906,1.0000000052228606,1.0000000023980267,,,,,,,,,,,,,,,,,,
rectangular,10,20,1,correlated-top,3.0,0.1,3.0337209414983137,0.01,0.07822157958842288,0.2009451943741678,Full SEP,SolutionStatus.Optimal,-2.3679775505520677,-2.367977550659093,-2.3679775505520677,-2.3679775505520677,0.0,1.0702549957386509e-10,0.0,4.519700769294711e-11,6.847137291915715,2.514992709801682e-08,2.514992709801682e-08,1.0702549957386509e-10,4.519700769294711e-11,,,,,,,,,,,,,,,,,,,,,,
rectangular,10,20,1,correlated-top,3.0,0.1,3.0337209414983137,0.01,0.07822157958842288,0.2009451943741678,Dual LOP/TRS,OPTIMAL,-2.367977543206403,-2.367977659401417,-2.367977543206403,-2.3679775505520677,7.345664521096751e-09,1.0884934908972355e-07,3.10208368292351e-09,4.596721960512024e-08,0.04660929087549448,3.9053766290796835e-09,3.9053766290796835e-09,,,,,,,,,,,,,,,,23,1.5934583963428395e-06,6.729195227059861e-07,-1.47726338228793e-06,,,,0,2.7736804997175973e-07
rectangular,10,20,1,correlated-top,3.0,0.1,3.0337209414983137,0.01,0.07822157958842288,0.2009451943741678,Lazy SEP,Optimal,-2.3679775462980253,-2.3679775511463954,-2.3679775462980253,-2.3679775505520677,4.254042451634632e-09,5.943276981668077e-10,1.7964876612292415e-09,2.5098536000861973e-10,1.9697944590006955,5.247312776982768e-07,5.247312776982768e-07,4.84837014980144e-09,2.0474730207869693e-09,,,,,6.842678429083704e-10,1.3042155260478664e-08,6.842678429083704e-10,1.3042155260478664e-08,coordinate,850,18,18,8550,,,,,,,,,
rectangular,10,20,2,correlated-top,3.0,0.1,2.9854316402190606,0.01,0.06851532668708395,0.17703345486602418,Shor,Optimal,-2.5838518682769025,-2.5838518682769025,-0.3799383237566951,-2.406818414987346,2.026880091230651,0.17703345328955633,0.8421408439495038,0.0685153260769608,0.0024892915971577168,1.8648882958491968,0.8533701936479676,-1.4076020349307328e-09,5.447688593190997e-10,0.17703345328955633,0.0685153260769608,1.0000000262212605,1.0000000123550081,,,,,,,,,,,,,,,,,,
rectangular,10,20,2,correlated-top,3.0,0.1,2.9854316402190606,0.01,0.06851532668708395,0.17703345486602418,Full SEP,SolutionStatus.Optimal,-2.406818414987346,-2.406818414987836,-2.406818414987346,-2.406818414987346,0.0,4.898303984646191e-13,0.0,2.035178040081161e-13,9.293946499936283,7.230948476603912e-11,7.230948476603912e-11,4.898303984646191e-13,2.035178040081161e-13,,,,,,,,,,,,,,,,,,,,,,
rectangular,10,20,2,correlated-top,3.0,0.1,2.9854316402190606,0.01,0.06851532668708395,0.17703345486602418,Dual LOP/TRS,OPTIMAL,-2.4068184134108783,-2.4068188894580804,-2.4068184134108783,-2.406818414987346,1.5764678451546388e-09,4.7447073425743724e-07,6.550007409524192e-10,1.971360355927193e-07,0.05311183398589492,8.295949022538314e-10,8.295949022538314e-10,,,,,,,,,,,,,,,,23,1.5954958461072977e-06,6.629064833650776e-07,-1.1194486437826612e-06,,,,0,2.4185154813257734e-08
rectangular,10,20,2,correlated-top,3.0,0.1,2.9854316402190606,0.01,0.06851532668708395,0.17703345486602418,Lazy SEP,Optimal,-2.406818414753933,-2.406818415580373,-2.406818414753933,-2.406818414987346,2.334132886971929e-10,5.930269608711569e-10,9.698001612573672e-11,2.463945584894306e-10,2.2534234590129927,3.109654757989252e-07,3.109654757989252e-07,8.264402495683498e-10,3.4337457459127195e-10,,,,,9.545191807097675e-10,1.2793733845051187e-08,9.545191807097675e-10,1.2793733845051187e-08,coordinate,950,20,20,8550,,,,,,,,,
rectangular,10,20,3,correlated-top,3.0,0.1,3.147316347859476,0.01,0.020758192912156557,0.048280501600464376,Shor,Optimal,-2.3258528237392966,-2.3258528237392966,-0.4607604339820874,-2.2775723281682394,1.816811894186152,0.04828049557105718,0.7976966841915143,0.020758190319814025,0.00273716589435935,1.790765899456981,0.8216429340577723,-3.8127723200886976e-11,1.639300767947503e-11,0.04828049557105718,0.020758190319814025,1.0000000015900894,1.0000000007555778,,,,,,,,,,,,,,,,,,
rectangular,10,20,3,correlated-top,3.0,0.1,3.147316347859476,0.01,0.020758192912156557,0.048280501600464376,Full SEP,SolutionStatus.Optimal,-2.2775723281682394,-2.277572328612961,-2.2775723281682394,-2.2775723281682394,0.0,4.447215928848891e-10,0.0,1.95261238160425e-10,6.8944002087228,6.065968491761585e-09,6.065968491761585e-09,4.447215928848891e-10,1.95261238160425e-10,,,,,,,,,,,,,,,,,,,,,,
rectangular,10,20,3,correlated-top,3.0,0.1,3.147316347859476,0.01,0.020758192912156557,0.048280501600464376,Dual LOP/TRS,OPTIMAL,-2.277572322138832,-2.277573265661581,-2.277572322138832,-2.2775723281682394,6.0294071957400774e-09,9.374933416239628e-07,2.6472955967941925e-09,4.116194002442522e-07,0.055107875261455774,6.0331788516481186e-09,6.0331788516481186e-09,,,,,,,,,,,,,,,,23,1.4473962699490528e-06,6.354993236753763e-07,-5.038735206852607e-07,,,,0,2.4146258363401575e-08
rectangular,10,20,3,correlated-top,3.0,0.1,3.147316347859476,0.01,0.020758192912156557,0.048280501600464376,Lazy SEP,Optimal,-2.2775723223655895,-2.277572328662781,-2.2775723223655895,-2.2775723281682394,5.802649916120117e-09,4.945417408919184e-10,2.5477346402372902e-09,2.1713547125077517e-10,4.564606083033141,2.7560581592156457e-07,2.7560581592156457e-07,6.297191657012036e-09,2.764870110934862e-09,,,,,4.029494180137578e-10,9.342820714606248e-09,4.029494180137578e-10,9.342820714606248e-09,coordinate,1450,30,30,8550,,,,,,,,,
rectangular,10,20,4,correlated-top,3.0,0.1,3.0829011367393084,0.01,0.06003399329592131,0.1508777724326169,Shor,Optimal,-2.5132056714752555,-2.5132056714752555,-0.3630751965954236,-2.3623278994776737,1.9992527028822502,0.1508777719975818,0.8463061810023487,0.06003399312282162,0.002965332940220833,1.8736011327413922,0.847136328522975,-2.0702510816761333e-09,8.237491683125531e-10,0.1508777719975818,0.06003399312282162,1.0000000260397826,1.0000000110767195,,,,,,,,,,,,,,,,,,
rectangular,10,20,4,correlated-top,3.0,0.1,3.0829011367393084,0.01,0.06003399329592131,0.1508777724326169,Full SEP,SolutionStatus.Optimal,-2.3623278994776737,-2.3623278994581054,-2.3623278994776737,-2.3623278994776737,0.0,-1.956834694283316e-11,0.0,0.0,5.951218416914344,1.168607161473373e-10,1.168607161473373e-10,-1.956834694283316e-11,8.283501603295566e-12,,,,,,,,,,,,,,,,,,,,,,
rectangular,10,20,4,correlated-top,3.0,0.1,3.0829011367393084,0.01,0.06003399329592131,0.1508777724326169,Dual LOP/TRS,OPTIMAL,-2.3623278990426386,-2.3623293456304566,-2.3623278990426386,-2.3623278994776737,4.3503511903963954e-10,1.446152782857979e-06,1.841552644473397e-10,6.121723821163602e-07,0.051236957777291536,5.640435710277991e-10,5.640435710277991e-10,,,,,,,,,,,,,,,,23,1.5512904885106593e-06,6.566783295394623e-07,-1.0470267008955148e-07,,,,0,8.641948268402826e-09
rectangular,10,20,4,correlated-top,3.0,0.1,3.0829011367393084,0.01,0.06003399329592131,0.1508777724326169,Lazy SEP,Optimal,-2.362327900551459,-2.3623278994938475,-2.362327900551459,-2.3623278994776737,-1.073785060867749e-09,1.617372902273928e-11,4.545453070325614e-10,6.846521613788105e-12,1.4755346659803763,4.2154724563453543e-08,4.2154724563453543e-08,-1.0576113318450098e-09,4.4769878542183847e-10,,,,,2.637381476405798e-10,2.0514903094770815e-09,2.637381476405798e-10,2.0514903094770815e-09,coordinate,700,15,15,8550,,,,,,,,,
rectangular,10,20,5,correlated-top,3.0,0.1,2.974965495932298,0.01,0.0867983648689952,0.21144626798803712,Shor,Optimal,-2.4360628026481033,-2.4360628026481033,-0.38467978493986954,-2.224616541658625,1.8399367567187557,0.21144626098947805,0.8270804079101827,0.08679836199609757,0.002527958247810602,1.8662058806032047,0.8546369505964335,-5.228240063104295e-10,2.1461844322818676e-10,0.21144626098947805,0.08679836199609757,1.0000000081967022,1.000000003766129,,,,,,,,,,,,,,,,,,
rectangular,10,20,5,correlated-top,3.0,0.1,2.974965495932298,0.01,0.0867983648689952,0.21144626798803712,Full SEP,SolutionStatus.Optimal,-2.224616541658625,-2.224616541657362,-2.224616541658625,-2.224616541658625,0.0,-1.2634338020234281e-12,0.0,0.0,9.74936941685155,1.467831224196952e-10,1.467831224196952e-10,-1.2634338020234281e-12,5.6793329473377e-13,,,,,,,,,,,,,,,,,,,,,,
rectangular,10,20,5,correlated-top,3.0,0.1,2.974965495932298,0.01,0.0867983648689952,0.21144626798803712,Dual LOP/TRS,OPTIMAL,-2.224616534660066,-2.224617697377265,-2.224616534660066,-2.224616541658625,6.998559065607424e-09,1.1557186399002717e-06,3.1459619824589866e-09,5.195133713369346e-07,0.05278074974194169,4.318616752200029e-09,4.318616752200029e-09,,,,,,,,,,,,,,,,23,1.5227377763160632e-06,6.844941394250841e-07,-3.600205771281395e-07,,,,0,1.4001941012052126e-07
rectangular,10,20,5,correlated-top,3.0,0.1,2.974965495932298,0.01,0.0867983648689952,0.21144626798803712,Lazy SEP,Optimal,-2.2246165425312787,-2.2246165416451165,-2.2246165425312787,-2.224616541658625,-8.726535050129769e-10,-1.3508749674429055e-11,3.9227142670620825e-10,0.0,3.4210505000082776,1.5298712976774088e-07,1.5298712976774088e-07,-8.861622546874059e-10,3.983438213936352e-10,,,,,9.301233741543236e-11,1.7159246062423603e-09,9.301233741543236e-11,1.7159246062423603e-09,coordinate,1250,26,26,8550,,,,,,,,,
rectangular,10,20,6,correlated-top,3.0,0.1,3.2487389528408532,0.01,0.03602110901922671,0.08347572675706383,Shor,Optimal,-2.317411346566471,-2.317411346566471,-0.3833534570684704,-2.233935630133165,1.8505821730646945,0.08347571643330598,0.828395477516235,0.036021104564360355,0.002649709116667509,1.861474874698356,0.8514661861624295,-1.6001511227159426e-10,6.904907603420354e-11,0.08347571643330598,0.036021104564360355,1.0000000040101906,1.0000000019119097,,,,,,,,,,,,,,,,,,
rectangular,10,20,6,correlated-top,3.0,0.1,3.2487389528408532,0.01,0.03602110901922671,0.08347572675706383,Full SEP,SolutionStatus.Optimal,-2.233935630133165,-2.2339356301824176,-2.233935630133165,-2.233935630133165,0.0,4.9252601996840895e-11,0.0,2.2047458007023707e-11,7.391301750205457,8.417768373333547e-10,8.417768373333547e-10,4.9252601996840895e-11,2.2047458007023707e-11,,,,,,,,,,,,,,,,,,,,,,
rectangular,10,20,6,correlated-top,3.0,0.1,3.2487389528408532,0.01,0.03602110901922671,0.08347572675706383,Dual LOP/TRS,OPTIMAL,-2.233935619809407,-2.2339359101646297,-2.233935619809407,-2.233935630133165,1.032375784859596e-08,2.8003146468336126e-07,4.621331836665572e-09,1.2535340132596927e-07,0.05084645887836814,8.51363896829682e-09,8.51363896829682e-09,,,,,,,,,,,,,,,,23,1.4530603111850837e-06,6.504485220786843e-07,-1.1627050879869927e-06,,,,0,1.3669641110452358e-08
rectangular,10,20,6,correlated-top,3.0,0.1,3.2487389528408532,0.01,0.03602110901922671,0.08347572675706383,Lazy SEP,Optimal,-2.233935615301774,-2.2339356312241163,-2.233935615301774,-2.233935630133165,1.4831390782177323e-08,1.0909513292745032e-09,6.6391307708777726e-09,4.883539677804866e-10,3.2419596249819733,1.3941501163188762e-06,1.3941501163188762e-06,1.5922342111451826e-08,7.127484735416014e-09,,,,,2.176471428864263e-09,3.439101230641031e-08,2.176471428864263e-09,3.439101230641031e-08,coordinate,1200,25,25,8550,,,,,,,,,
rectangular,10,20,7,correlated-top,3.0,0.1,3.119237030816103,0.01,0.0554980069646305,0.12477725551150254,Shor,Optimal,-2.248319576431357,-2.248319576431357,-0.46767274969172995,-2.123542322219421,1.655869572527691,0.12477725421193586,0.7797676341091514,0.05549800638661362,0.002700875047594309,1.7855368650378163,0.7986050322636277,-4.871965053609983e-10,2.16693618855688e-10,0.12477725421193586,0.05549800638661362,1.0000000094616877,1.0000000040917016,,,,,,,,,,,,,,,,,,
rectangular,10,20,7,correlated-top,3.0,0.1,3.119237030816103,0.01,0.0554980069646305,0.12477725551150254,Full SEP,SolutionStatus.Optimal,-2.123542322219421,-2.1235423222234346,-2.123542322219421,-2.123542322219421,0.0,4.013678278624866e-12,0.0,1.890086313147921e-12,5.822748916223645,9.089575256424658e-11,9.089575256424658e-11,4.013678278624866e-12,1.890086313147921e-12,,,,,,,,,,,,,,,,,,,,,,
rectangular,10,20,7,correlated-top,3.0,0.1,3.119237030816103,0.01,0.0554980069646305,0.12477725551150254,Dual LOP/TRS,OPTIMAL,-2.1235423209198543,-2.1235434631088053,-2.1235423209198543,-2.123542322219421,1.2995666764936686e-09,1.1408893842990153e-06,6.119805868222236e-10,5.37257373874885e-07,0.0489460420794785,2.2438424971547542e-09,2.2438424971547542e-09,,,,,,,,,,,,,,,,23,1.388185819628518e-06,6.537119883556585e-07,-2.4599686865300896e-07,,,,0,2.446137720800245e-08
rectangular,10,20,7,correlated-top,3.0,0.1,3.119237030816103,0.01,0.0554980069646305,0.12477725551150254,Lazy SEP,Optimal,-2.1235423217621507,-2.1235423222946044,-2.1235423217621507,-2.123542322219421,4.572702216876223e-10,7.51834150491959e-11,2.1533369827529796e-10,3.5404717042774115e-11,1.7391359999892302,1.034512632726462e-07,1.034512632726462e-07,5.324536367368182e-10,2.5073841531044825e-10,,,,,2.2212369877455673e-10,4.8070682097326524e-09,2.2212369877455673e-10,4.8070682097326524e-09,coordinate,800,17,17,8550,,,,,,,,,
rectangular,10,20,8,correlated-top,3.0,0.1,3.069081986989329,0.01,0.06538554303604444,0.16859391129491508,Shor,Optimal,-2.578458531757945,-2.578458531757945,-0.3642441672299938,-2.40986462533838,2.0456204581083863,0.16859390641956518,0.8488528511518159,0.06538554114524424,0.0025184168480336666,1.8745983333282517,0.8549240877205873,-7.90142618001255e-10,3.0643991682214505e-10,0.16859390641956518,0.06538554114524424,1.00000001701506,1.0000000081333462,,,,,,,,,,,,,,,,,,
rectangular,10,20,8,correlated-top,3.0,0.1,3.069081986989329,0.01,0.06538554303604444,0.16859391129491508,Full SEP,SolutionStatus.Optimal,-2.40986462533838,-2.409864623814239,-2.40986462533838,-2.40986462533838,0.0,-1.524140813558006e-09,0.0,0.0,5.872536167036742,9.5036848117869e-09,9.5036848117869e-09,-1.524140813558006e-09,6.324591006202244e-10,,,,,,,,,,,,,,,,,,,,,,
rectangular,10,20,8,correlated-top,3.0,0.1,3.069081986989329,0.01,0.06538554303604444,0.16859391129491508,Dual LOP/TRS,OPTIMAL,-2.40986462046303,-2.4098656251411343,-2.40986462046303,-2.40986462533838,4.875349901567461e-09,9.998027543645094e-07,2.0230804047272534e-09,4.14879047169261e-07,0.05058720801025629,1.4591219689151265e-09,1.4591219689151265e-09,,,,,,,,,,,,,,,,23,1.5872039189623877e-06,6.586275609742484e-07,-5.82525814030177e-07,,,,0,7.638470873237268e-09
rectangular,10,20,8,correlated-top,3.0,0.1,3.069081986989329,0.01,0.06538554303604444,0.16859391129491508,Lazy SEP,Optimal,-2.409864628077326,-2.409864623776703,-2.409864628077326,-2.40986462533838,-2.7389459589244325e-09,-1.5616770099313726e-09,1.1365559405341616e-09,0.0,2.2301382499863394,2.651537176193403e-07,2.651537176193403e-07,-4.300622968855805e-09,1.7845911005743887e-09,,,,,4.445483575587094e-10,8.762279479184777e-09,4.445483575587094e-10,8.762279479184777e-09,coordinate,950,20,20,8550,,,,,,,,,
rectangular,10,20,9,correlated-top,3.0,0.1,2.959789250419552,0.01,0.02411217561266874,0.06336854015132465,Shor,Optimal,-2.6280722722519605,-2.6280722722519605,-0.39495273437584033,-2.564703736444295,2.1697510020684545,0.06336853580766544,0.8460045389400793,0.024112173959875836,0.0026465831324458122,1.8447558803962865,0.8391096383591718,-3.315494545574893e-10,1.2615690141328913e-10,0.06336853580766544,0.024112173959875836,1.0000000114561507,1.0000000054636133,,,,,,,,,,,,,,,,,,
rectangular,10,20,9,correlated-top,3.0,0.1,2.959789250419552,0.01,0.02411217561266874,0.06336854015132465,Full SEP,SolutionStatus.Optimal,-2.564703736444295,-2.5647037364420253,-2.564703736444295,-2.564703736444295,0.0,-2.26973995154367e-12,0.0,0.0,7.377834500279278,2.394225550746079e-11,2.394225550746079e-11,-2.26973995154367e-12,8.849910885576348e-13,,,,,,,,,,,,,,,,,,,,,,
rectangular,10,20,9,correlated-top,3.0,0.1,2.959789250419552,0.01,0.02411217561266874,0.06336854015132465,Dual LOP/TRS,OPTIMAL,-2.564703732100636,-2.5647041533733432,-2.564703732100636,-2.564703736444295,4.343659210093165e-09,4.169290481748078e-07,1.693630008164301e-09,1.6256418800836074e-07,0.04951500007882714,2.643322230103914e-09,2.643322230103914e-09,,,,,,,,,,,,,,,,23,1.609835903249035e-06,6.276887340520838e-07,-1.1885631954200448e-06,,,,0,2.0651833407750972e-08
rectangular,10,20,9,correlated-top,3.0,0.1,2.959789250419552,0.01,0.02411217561266874,0.06336854015132465,Lazy SEP,Optimal,-2.5647037382201248,-2.5647037364272474,-2.5647037382201248,-2.564703736444295,-1.7758297055081584e-09,-1.7047696587724204e-11,6.924112438579608e-10,0.0,1.7274580420344137,6.267555312858288e-08,6.267555312858288e-08,-1.7928774020958826e-09,6.990582870753404e-10,,,,,1.9787702032481036e-10,3.1323630778411932e-09,1.9787702032481036e-10,3.1323630778411932e-09,coordinate,800,17,17,8550,,,,,,,,,
rectangular,15,20,0,correlated-top,3.0,0.1,3.022216440639665,0.01,0.04694840018105959,0.1415099919600178,Shor,Optimal,-3.0141600440968213,-3.0141600440968213,-0.3016794477389171,-2.872650051304507,2.57097060356559,0.14150999279231424,0.8949821793984546,0.04694840045718841,0.004000416956841946,1.914411508601994,0.8657748831120706,-4.925193586302612e-10,1.6340186036068377e-10,0.14150999279231424,0.04694840045718841,1.000000012554948,1.000000008649949,,,,,,,,,,,,,,,,,,
rectangular,15,20,0,correlated-top,3.0,0.1,3.022216440639665,0.01,0.04694840018105959,0.1415099919600178,Full SEP,SolutionStatus.Optimal,-2.872650051304507,-2.872650056204047,-2.872650051304507,-2.872650051304507,0.0,4.899539884917203e-09,0.0,1.7055818805133238e-09,52.356824750080705,1.2859303347351953e-07,1.2859303347351953e-07,4.899539884917203e-09,1.7055818805133238e-09,,,,,,,,,,,,,,,,,,,,,,
rectangular,15,20,0,correlated-top,3.0,0.1,3.022216440639665,0.01,0.04694840018105959,0.1415099919600178,Dual LOP/TRS,OPTIMAL,-2.8726500521368035,-2.8726510710054476,-2.8726500521368035,-2.872650051304507,-8.322964539786426e-10,1.019700940574353e-06,2.8973123731501643e-10,3.5496860404192795e-07,0.05353037500753999,3.512752028970251e-09,3.512752028970251e-09,,,,,,,,,,,,,,,,23,1.8203859695198332e-06,6.336954696285775e-07,-8.01517325399459e-07,,,,0,1.1959267837945469e-08
rectangular,15,20,0,correlated-top,3.0,0.1,3.022216440639665,0.01,0.04694840018105959,0.1415099919600178,Lazy SEP,Optimal,-2.872650052364078,-2.872650056100077,-2.872650052364078,-2.872650051304507,-1.059571097528078e-09,4.7955701631963166e-09,3.6884795509849613e-10,1.6693889159986318e-09,8.528314708033577,1.5199711058347708e-06,1.5199711058347708e-06,3.7359990656682385e-09,1.3005409613798374e-09,,,,,1.6296862293896722e-09,5.258693895697386e-08,1.6296862293896722e-09,5.258693895697386e-08,coordinate,1400,29,29,19950,,,,,,,,,
rectangular,15,20,1,correlated-top,3.0,0.1,3.1380719729572344,0.01,0.041449574608079034,0.11223537207583201,Shor,Optimal,-2.7077569103436816,-2.7077569103436816,-0.40267155160329954,-2.595521560753867,2.1928500091505674,0.11223534958981451,0.8448590997308671,0.04144956630378207,0.004001792054623365,1.840520045436704,0.8226814169065595,-7.171729876631616e-11,2.648587046065869e-11,0.11223534958981451,0.04144956630378207,1.0000000020074435,1.000000001541727,,,,,,,,,,,,,,,,,,
rectangular,15,20,1,correlated-top,3.0,0.1,3.1380719729572344,0.01,0.041449574608079034,0.11223537207583201,Full SEP,SolutionStatus.Optimal,-2.595521560753867,-2.595521560775795,-2.595521560753867,-2.595521560753867,0.0,2.1927792914766542e-11,0.0,8.448318536877181e-12,58.96937441686168,1.822484427041289e-10,1.822484427041289e-10,2.1927792914766542e-11,8.448318536877181e-12,,,,,,,,,,,,,,,,,,,,,,
rectangular,15,20,1,correlated-top,3.0,0.1,3.1380719729572344,0.01,0.041449574608079034,0.11223537207583201,Dual LOP/TRS,OPTIMAL,-2.5955215382678496,-2.5955221664589265,-2.5955215382678496,-2.595521560753867,2.248601749244017e-08,6.057050594421298e-07,8.66339075446136e-09,2.333653964776166e-07,0.054639500100165606,1.2125442047714032e-08,1.2125442047714032e-08,,,,,,,,,,,,,,,,23,1.6374524101081533e-06,6.308759105464051e-07,-1.0092613338397172e-06,,,,0,1.241830769120661e-08
rectangular,15,20,1,correlated-top,3.0,0.1,3.1380719729572344,0.01,0.041449574608079034,0.11223537207583201,Gurobi,TIME_LIMIT,,-4.274823092020064,-2.5955214749011373,-2.595521560753867,8.585272981420644e-08,1.679301531266197,3.3077255497454076e-08,0.3928353279463185,176.91351962508634,,,,,,,,,,,,,,,,,,,,,,176.90812325058505,0.6469997005834409,3,,
rectangular,15,20,1,correlated-top,3.0,0.1,3.1380719729572344,0.01,0.041449574608079034,0.11223537207583201,Lazy SEP,Optimal,-2.595521558333151,-2.5955215608568807,-2.595521558333151,-2.595521560753867,2.420716072037976e-09,1.0301359765207962e-10,9.326511128402575e-10,3.96889778168789e-11,8.122938707994763,2.096411501713126e-07,2.096411501713126e-07,2.5237296696900557e-09,9.723400906201205e-10,,,,,4.4299630313333026e-10,1.27463310403477e-08,4.4299630313333026e-10,1.27463310403477e-08,coordinate,1350,28,28,19950,,,,,,,,,
rectangular,15,20,2,correlated-top,3.0,0.1,3.0179538215971737,0.01,0.036452505266957515,0.10106181000061909,Shor,Optimal,-2.772424261665957,-2.772424261665957,-0.3672244879230201,-2.6713624533357807,2.3041379654127607,0.1010618083301762,0.8625328856200476,0.036452504664436856,0.003722167108207941,1.8698263533002533,0.8548479767051694,-5.960019144879425e-10,2.1497500318721184e-10,0.1010618083301762,0.036452504664436856,1.0000000181537023,1.000000013345587,,,,,,,,,,,,,,,,,,
rectangular,15,20,2,correlated-top,3.0,0.1,3.0179538215971737,0.01,0.036452505266957515,0.10106181000061909,Full SEP,SolutionStatus.Optimal,-2.6713624533357807,-2.671362453336711,-2.6713624533357807,-2.6713624533357807,0.0,9.303668946358812e-13,0.0,3.4827430230360183e-13,58.27673174999654,3.217124535039738e-11,3.217124535039738e-11,9.303668946358812e-13,3.4827430230360183e-13,,,,,,,,,,,,,,,,,,,,,,
rectangular,15,20,2,correlated-top,3.0,0.1,3.0179538215971737,0.01,0.036452505266957515,0.10106181000061909,Dual LOP/TRS,OPTIMAL,-2.671362451665338,-2.6713628412130133,-2.671362451665338,-2.6713624533357807,1.67044289511864e-09,3.878772325549562e-07,6.253149560564971e-10,1.4519825857083076e-07,0.058808958157896996,9.91163165565841e-10,9.91163165565841e-10,,,,,,,,,,,,,,,,23,1.6926307466746948e-06,6.33620682507549e-07,-1.3030830703364416e-06,,,,0,6.9546595154081405e-09
rectangular,15,20,2,correlated-top,3.0,0.1,3.0179538215971737,0.01,0.036452505266957515,0.10106181000061909,Lazy SEP,Optimal,-2.6713624532241234,-2.671362453326972,-2.6713624532241234,-2.6713624533357807,1.1165735003260124e-10,-8.808509477375992e-12,4.1797903497959477e-11,0.0,13.894808583019767,9.914256819203625e-07,9.914256819203625e-07,1.0284884055522525e-10,3.850051887460464e-11,,,,,1.868078341321633e-09,4.712301499473009e-08,1.868078341321633e-09,4.712301499473009e-08,coordinate,1900,39,39,19950,,,,,,,,,
rectangular,15,20,3,correlated-top,3.0,0.1,3.0635393383528813,0.01,0.04646339636208673,0.12483576480460101,Shor,Optimal,-2.686755049754922,-2.686755049754922,-0.3691930790860348,-2.5619192896283387,2.192726210542304,0.12483576012658348,0.8558919944977681,0.04646339462094642,0.004184833262115717,1.8660051859020832,0.8381759424989236,-1.0945822026542373e-10,4.073993283288262e-11,0.12483576012658348,0.04646339462094642,1.000000007130979,1.0000000052925286,,,,,,,,,,,,,,,,,,
rectangular,15,20,3,correlated-top,3.0,0.1,3.0635393383528813,0.01,0.04646339636208673,0.12483576480460101,Full SEP,SolutionStatus.Optimal,-2.5619192896283387,-2.5619192900222982,-2.5619192896283387,-2.5619192896283387,0.0,3.9395953166376785e-10,0.0,1.537751533383938e-10,58.713192500174046,4.471219069882757e-09,4.471219069882757e-09,3.9395953166376785e-10,1.537751533383938e-10,,,,,,,,,,,,,,,,,,,,,,
rectangular,15,20,3,correlated-top,3.0,0.1,3.0635393383528813,0.01,0.04646339636208673,0.12483576480460101,Dual LOP/TRS,OPTIMAL,-2.561919284950321,-2.5619204070794783,-2.561919284950321,-2.5619192896283387,4.678017528902956e-09,1.1174511396205844e-06,1.8259816177041246e-09,4.3617714919350257e-07,0.05341195920482278,2.1829031439030206e-09,2.1829031439030206e-09,,,,,,,,,,,,,,,,23,1.6343789641659612e-06,6.379507183945305e-07,-5.122498067944292e-07,,,,0,5.187229914890607e-09
rectangular,15,20,3,correlated-top,3.0,0.1,3.0635393383528813,0.01,0.04646339636208673,0.12483576480460101,Lazy SEP,Optimal,-2.5619192835116014,-2.5619192901946484,-2.5619192835116014,-2.5619192896283387,6.116737338857092e-09,5.663096658281574e-10,2.38756051512632e-09,2.2104898776304955e-10,18.817840625008103,4.4576205045682156e-07,4.4576205045682156e-07,6.68304700468525e-09,2.608609502361602e-09,,,,,4.1496909272513427e-10,1.2916663089931995e-08,4.1496909272513427e-10,1.2916663089931995e-08,coordinate,2250,46,46,19950,,,,,,,,,
rectangular,15,20,4,correlated-top,3.0,0.1,3.005026960902401,0.01,0.040498403138010335,0.10781428447380437,Shor,Optimal,-2.662186064630627,-2.662186064630627,-0.3729937653770251,-2.554371786986581,2.181378021609556,0.10781427764404583,0.8539782786212771,0.04049840057254032,0.004404458217322826,1.8668856548865542,0.853156899019702,-9.873435402596442e-12,3.708769846620906e-12,0.10781427764404583,0.04049840057254032,1.0000000005037193,1.0000000003704055,,,,,,,,,,,,,,,,,,
rectangular,15,20,4,correlated-top,3.0,0.1,3.005026960902401,0.01,0.040498403138010335,0.10781428447380437,Full SEP,SolutionStatus.Optimal,-2.554371786986581,-2.554371786992289,-2.554371786986581,-2.554371786986581,0.0,5.707878614202855e-12,0.0,2.234552794260128e-12,60.94103820808232,8.111846802001951e-10,8.111846802001951e-10,5.707878614202855e-12,2.234552794260128e-12,,,,,,,,,,,,,,,,,,,,,,
rectangular,15,20,4,correlated-top,3.0,0.1,3.005026960902401,0.01,0.040498403138010335,0.10781428447380437,Dual LOP/TRS,OPTIMAL,-2.5543717801568224,-2.554372619399195,-2.5543717801568224,-2.554371786986581,6.829758536497366e-09,8.324126139491739e-07,2.6737527290631813e-09,3.2587751983693076e-07,0.07037920923903584,4.801439075354906e-09,4.801439075354906e-09,,,,,,,,,,,,,,,,23,1.633198967176952e-06,6.393738152271187e-07,-7.939565946912808e-07,,,,1,1.5016297025578148e-05
rectangular,15,20,4,correlated-top,3.0,0.1,3.005026960902401,0.01,0.040498403138010335,0.10781428447380437,Lazy SEP,Optimal,-2.554371786703121,-2.5543717871107168,-2.554371786703121,-2.554371786986581,2.834599222012457e-10,1.2413581274017815e-10,1.1097050305885438e-10,4.859739422685598e-11,19.08887604199117,1.2394751357690827e-06,1.2394751357690827e-06,4.0759573494142387e-10,1.595678972803175e-10,,,,,6.299340617275245e-10,1.7810449594316088e-08,6.299340617275245e-10,1.7810449594316088e-08,coordinate,2250,46,46,19950,,,,,,,,,
rectangular,15,20,5,correlated-top,3.0,0.1,3.1430803854329294,0.01,0.049361364220282984,0.12598641004418187,Shor,Optimal,-2.552328365195649,-2.552328365195649,-0.45086854734821175,-2.4263419592167907,1.975473411868579,0.12598640597885824,0.814177657178319,0.04936136262749278,0.00427016569301486,1.8067026513232822,0.8278883718813457,-1.453246412097542e-10,5.6938066116980335e-11,0.12598640597885824,0.04936136262749278,1.0000000051563325,1.0000000036710923,,,,,,,,,,,,,,,,,,
rectangular,15,20,5,correlated-top,3.0,0.1,3.1430803854329294,0.01,0.049361364220282984,0.12598641004418187,Full SEP,SolutionStatus.Optimal,-2.4263419592167907,-2.4263419591080915,-2.4263419592167907,-2.4263419592167907,0.0,-1.0869927180578998e-10,0.0,0.0,59.047431459184736,5.315671777962455e-10,5.315671777962455e-10,-1.0869927180578998e-10,4.4799650516235344e-11,,,,,,,,,,,,,,,,,,,,,,
rectangular,15,20,5,correlated-top,3.0,0.1,3.1430803854329294,0.01,0.049361364220282984,0.12598641004418187,Dual LOP/TRS,OPTIMAL,-2.426341955151467,-2.42634268478193,-2.426341955151467,-2.4263419592167907,4.065323633284379e-09,7.255651390813966e-07,1.6754949226516455e-09,2.990365473237378e-07,0.05838145921006799,3.2882593751907865e-09,3.2882593751907865e-09,,,,,,,,,,,,,,,,23,1.57001473288787e-06,6.47070482968063e-07,-8.403842697290997e-07,,,,0,4.127319284628124e-09
rectangular,15,20,5,correlated-top,3.0,0.1,3.1430803854329294,0.01,0.049361364220282984,0.12598641004418187,Lazy SEP,Optimal,-2.426341963130296,-2.4263419591347875,-2.426341963130296,-2.4263419592167907,-3.913505075558987e-09,-8.200329304486331e-11,1.6129239550842446e-09,0.0,16.535540124983527,9.227057519294005e-08,9.227057519294005e-08,-3.995508368603851e-09,1.6467210431662019e-09,,,,,1.9185102671012005e-10,6.574727941034933e-09,1.9185102671012005e-10,6.574727941034933e-09,coordinate,2100,43,43,19950,,,,,,,,,
rectangular,15,20,6,correlated-top,3.0,0.1,2.9577645963223347,0.01,0.046288762738321346,0.12353515770620449,Shor,Optimal,-2.6687936855122016,-2.6687936855122016,-0.40136495672415456,-2.5452585293247476,2.143893572600593,0.12353515618745403,0.8423087666341557,0.04628876216924384,0.0038877082988619804,1.8453296434831614,0.8384554202775797,-1.1686074330441443e-10,4.378785214413688e-11,0.12353515618745403,0.04628876216924384,1.0000000057239653,1.0000000042029662,,,,,,,,,,,,,,,,,,
rectangular,15,20,6,correlated-top,3.0,0.1,2.9577645963223347,0.01,0.046288762738321346,0.12353515770620449,Full SEP,SolutionStatus.Optimal,-2.5452585293247476,-2.5452585293258916,-2.5452585293247476,-2.5452585293247476,0.0,1.1439738045737613e-12,0.0,4.494528910887262e-13,60.55425266735256,1.7334115836752976e-11,1.7334115836752976e-11,1.1439738045737613e-12,4.494528910887262e-13,,,,,,,,,,,,,,,,,,,,,,
rectangular,15,20,6,correlated-top,3.0,0.1,2.9577645963223347,0.01,0.046288762738321346,0.12353515770620449,Dual LOP/TRS,OPTIMAL,-2.545258527805997,-2.545259409510284,-2.545258527805997,-2.5452585293247476,1.5187504587288458e-09,8.801855364559685e-07,5.966979154497785e-10,3.4581368530342417e-07,0.05565891694277525,7.917630206263811e-10,7.917630206263811e-10,,,,,,,,,,,,,,,,23,1.62780199275403e-06,6.395426677028665e-07,-7.460977053952433e-07,,,,0,6.90513575292831e-08
rectangular,15,20,6,correlated-top,3.0,0.1,2.9577645963223347,0.01,0.046288762738321346,0.12353515770620449,Lazy SEP,Optimal,-2.545258529297255,-2.545258529331062,-2.545258529297255,-2.5452585293247476,2.7492674803397676e-11,6.31450447485804e-12,1.0801525458669784e-11,2.4808892307366517e-12,26.74495395895792,4.46224067519187e-09,4.46224067519187e-09,3.380717927825572e-11,1.3282414689379639e-11,,,,,6.924403758712394e-12,1.7286558268687676e-10,6.924403758712394e-12,1.7286558268687676e-10,coordinate,2650,54,54,19950,,,,,,,,,
rectangular,15,20,7,correlated-top,3.0,0.1,2.9620947338473727,0.01,0.060264122958760255,0.16247607522681662,Shor,Optimal,-2.696066370002625,-2.696066370002625,-0.3316042464777168,-2.5335903094845564,2.2019860630068395,0.16247606051806862,0.8691168634343334,0.060264117503127504,0.003938417416065931,1.896453573035348,0.8612750675447343,-8.32701019248816e-10,3.088577597768876e-10,0.16247606051806862,0.060264117503127504,1.0000000247661518,1.000000017137857,,,,,,,,,,,,,,,,,,
rectangular,15,20,7,correlated-top,3.0,0.1,2.9620947338473727,0.01,0.060264122958760255,0.16247607522681662,Full SEP,SolutionStatus.Optimal,-2.5335903094845564,-2.5335903101403856,-2.5335903094845564,-2.5335903094845564,0.0,6.558291687497331e-10,0.0,2.5885367737824737e-10,59.30877008289099,1.5515437028466598e-08,1.5515437028466598e-08,6.558291687497331e-10,2.5885367737824737e-10,,,,,,,,,,,,,,,,,,,,,,
rectangular,15,20,7,correlated-top,3.0,0.1,2.9620947338473727,0.01,0.060264122958760255,0.16247607522681662,Dual LOP/TRS,OPTIMAL,-2.5335902947758084,-2.533590547078579,-2.5335902947758084,-2.5335903094845564,1.470874799736066e-08,2.3759402267842233e-07,5.805495838177983e-09,9.377759281285059e-08,0.05349279101938009,1.8373738078937415e-08,1.8373738078937415e-08,,,,,,,,,,,,,,,,23,1.652666846041484e-06,6.523022624737582e-07,-1.400364075365701e-06,,,,0,2.385669171659871e-08
rectangular,15,20,7,correlated-top,3.0,0.1,2.9620947338473727,0.01,0.060264122958760255,0.16247607522681662,Lazy SEP,Optimal,-2.533590309762706,-2.5335903100241133,-2.533590309762706,-2.5335903094845564,-2.7814950342985867e-10,5.3955684364837e-10,1.0978472026754394e-10,2.1296136218773066e-10,12.078072707983665,6.683426162627272e-08,6.683426162627272e-08,2.614073402185113e-10,1.0317664193151393e-10,,,,,6.904884867001138e-11,2.3158893557803867e-09,6.904884867001138e-11,2.3158893557803867e-09,coordinate,1750,36,36,19950,,,,,,,,,
rectangular,15,20,8,correlated-top,3.0,0.1,3.1604020987821686,0.01,0.05815364474342622,0.17096334644921818,Shor,Optimal,-2.9398560864672914,-2.9398560864672914,-0.3001089567240303,-2.768892803362557,2.4687838466385266,0.1709632831047343,0.8916140934168427,0.05815362319662869,0.0037647918798029423,1.9185021005203295,0.8710613903096641,-1.3287593247923724e-11,4.519810785667029e-12,0.1709632831047343,0.05815362319662869,1.0000000004304443,1.000000000317113,,,,,,,,,,,,,,,,,,
rectangular,15,20,8,correlated-top,3.0,0.1,3.1604020987821686,0.01,0.05815364474342622,0.17096334644921818,Full SEP,SolutionStatus.Optimal,-2.768892803362557,-2.768892803350356,-2.768892803362557,-2.768892803362557,0.0,-1.220090695142062e-11,0.0,0.0,81.26001945883036,3.11285529046319e-10,3.11285529046319e-10,-1.220090695142062e-11,4.406420839623614e-12,,,,,,,,,,,,,,,,,,,,,,
rectangular,15,20,8,correlated-top,3.0,0.1,3.1604020987821686,0.01,0.05815364474342622,0.17096334644921818,Dual LOP/TRS,OPTIMAL,-2.768892740018073,-2.768893872389869,-2.768892740018073,-2.768892803362557,6.334448388045644e-08,1.0690273120061988e-06,2.2877188962870136e-08,3.860846104164719e-07,0.05148658389225602,3.230402534772174e-08,3.230402534772174e-08,,,,,,,,,,,,,,,,23,1.7865449364329322e-06,6.452197226652611e-07,-6.54173140546277e-07,,,,0,3.723344346040885e-07
rectangular,15,20,8,correlated-top,3.0,0.1,3.1604020987821686,0.01,0.05815364474342622,0.17096334644921818,Gurobi,TIME_LIMIT,,-4.885873902674007,-2.7688925355529244,-2.768892803362557,2.678096326924617e-07,2.1169810993114497,9.672083815134785e-08,0.43328606948960346,243.80125420773402,,,,,,,,,,,,,,,,,,,,,,243.78005837649107,0.7645588768573639,4,,
rectangular,15,20,8,correlated-top,3.0,0.1,3.1604020987821686,0.01,0.05815364474342622,0.17096334644921818,Lazy SEP,Optimal,-2.768892806282547,-2.768892803330808,-2.768892806282547,-2.768892803362557,-2.9199900275500568e-09,-3.1749269879810527e-11,1.054569545243743e-09,0.0,6.043565707979724,1.8356405765699032e-07,1.8356405765699032e-07,-2.9517392974298673e-09,1.0660359587530606e-09,,,,,1.6715861941157817e-10,3.845624443122215e-09,1.6715861941157817e-10,3.845624443122215e-09,coordinate,1100,23,23,19950,,,,,,,,,
rectangular,15,20,9,correlated-top,3.0,0.1,3.1344053661086315,0.01,0.01927388189133063,0.04767862128552247,Shor,Optimal,-2.473742526510358,-2.473742526510358,-0.48499483996389203,-2.4260639068018834,1.9410690668379913,0.047678619708474645,0.8000898333287403,0.019273881253815687,0.004093999974429607,1.7773466822639339,0.8223423941482426,-1.2254153247681643e-10,4.953689851048584e-11,0.047678619708474645,0.019273881253815687,1.0000000074372624,1.0000000054697171,,,,,,,,,,,,,,,,,,
rectangular,15,20,9,correlated-top,3.0,0.1,3.1344053661086315,0.01,0.01927388189133063,0.04767862128552247,Full SEP,SolutionStatus.Optimal,-2.4260639068018834,-2.426063906013803,-2.4260639068018834,-2.4260639068018834,0.0,-7.880802677107113e-10,0.0,0.0,62.70782962534577,1.5189568301889795e-08,1.5189568301889795e-08,-7.880802677107113e-10,3.248390388650497e-10,,,,,,,,,,,,,,,,,,,,,,
rectangular,15,20,9,correlated-top,3.0,0.1,3.1344053661086315,0.01,0.01927388189133063,0.04767862128552247,Dual LOP/TRS,OPTIMAL,-2.4260639052248356,-2.4260642552181926,-2.4260639052248356,-2.4260639068018834,1.577047825662703e-09,3.4841630913717836e-07,6.50043810157342e-10,1.4361380098971982e-07,0.05265679210424423,5.000995045543492e-10,5.000995045543492e-10,,,,,,,,,,,,,,,,23,1.538716788651584e-06,6.342440375773133e-07,-1.1887234321328322e-06,,,,0,9.33863603749836e-09
rectangular,15,20,9,correlated-top,3.0,0.1,3.1344053661086315,0.01,0.01927388189133063,0.04767862128552247,Lazy SEP,Optimal,-2.426063908211687,-2.4260639062295963,-2.426063908211687,-2.4260639068018834,-1.4098033851439595e-09,-5.722871065927393e-10,5.811072743682013e-10,0.0,17.62204325001221,1.1566471141691646e-06,1.1566471141691646e-06,-1.982090491736699e-09,8.169984661276907e-10,,,,,1.3352715842740448e-09,4.1971757668133255e-08,1.3352715842740448e-09,4.1971757668133255e-08,coordinate,2200,45,45,19950,,,,,,,,,
rectangular,15,25,0,correlated-top,3.0,0.1,2.9691236271832064,0.01,0.04912199490985646,0.15649581602485574,Shor,Optimal,-3.185860352618831,-3.185860352618831,-0.29266571446797784,-3.0293654760637003,2.7366997615957223,0.1564948765551306,0.9033904239087512,0.04912170002256665,0.005042624659836292,1.9203864559711503,0.8716916847732004,-5.672866620898276e-10,1.7806388206046394e-10,0.1564948765551306,0.04912170002256665,1.0000000168313599,1.000000009781917,,,,,,,,,,,,,,,,,,
rectangular,15,25,0,correlated-top,3.0,0.1,2.9691236271832064,0.01,0.04912199490985646,0.15649581602485574,Full SEP,SolutionStatus.Optimal,-3.0293654760637003,-3.029365476974525,-3.0293654760637003,-3.0293654760637003,0.0,9.108247489564292e-10,0.0,3.0066519074023523e-10,249.79342729225755,8.413467602714695e-08,8.413467602714695e-08,9.108247489564292e-10,3.0066519074023523e-10,,,,,,,,,,,,,,,,,,,,,,
rectangular,15,25,0,correlated-top,3.0,0.1,2.9691236271832064,0.01,0.04912199490985646,0.15649581602485574,Dual LOP/TRS,OPTIMAL,-3.029364536593975,-3.029367084096513,-3.029364536593975,-3.0293654760637003,9.394697251252637e-07,1.608032812683291e-06,3.101209585137257e-07,5.308147768308096e-07,0.06211924972012639,4.891313012237294e-07,4.891313012237294e-07,,,,,,,,,,,,,,,,23,1.910836015195372e-06,6.307707062728797e-07,6.366665226131829e-07,,,,0,6.02805932424707e-07
rectangular,15,25,0,correlated-top,3.0,0.1,2.9691236271832064,0.01,0.04912199490985646,0.15649581602485574,Gurobi,TIME_LIMIT,,-5.54815734497618,-3.0293652760530083,-3.0293654760637003,2.0001069200858979e-07,2.5187918689124795,6.602395570589253e-08,0.45398710099547357,749.4465488754213,,,,,,,,,,,,,,,,,,,,,,749.3802818767726,0.8314586850367982,6,,
rectangular,15,25,0,correlated-top,3.0,0.1,2.9691236271832064,0.01,0.04912199490985646,0.15649581602485574,Lazy SEP,Optimal,-3.029365475881406,-3.029365476892026,-3.029365475881406,-3.0293654760637003,1.822941797513522e-10,8.283258523533732e-10,6.01756972513669e-11,2.7343212916098624e-10,24.113786083005834,8.067128706811945e-06,8.067128706811945e-06,1.0106200321047254e-09,3.3360782639589916e-10,,,,,9.808181298393004e-10,2.8159595862855277e-08,9.808181298393004e-10,2.8159595862855277e-08,coordinate,2200,45,45,31500,,,,,,,,,
rectangular,15,25,1,correlated-top,3.0,0.1,3.1246083953412462,0.01,0.04259123605351036,0.12220600509296853,Shor,Optimal,-2.8692758514787537,-2.8692758514787537,-0.3600784190837346,-2.7470698469737878,2.3869914278900533,0.12220600450496599,0.8689227288922405,0.04259123584857972,0.005179957952350378,1.8744200233658554,0.8441510274293189,-2.3323609710246274e-10,8.12874429561238e-11,0.12220600450496599,0.04259123584857972,1.000000007945292,1.000000004411116,,,,,,,,,,,,,,,,,,
rectangular,15,25,1,correlated-top,3.0,0.1,3.1246083953412462,0.01,0.04259123605351036,0.12220600509296853,Full SEP,SolutionStatus.Optimal,-2.7470698469737878,-2.7470698469824333,-2.7470698469737878,-2.7470698469737878,0.0,8.645528737361019e-12,0.0,3.1471819862381185e-12,248.01428841706365,3.274765611030422e-11,3.274765611030422e-11,8.645528737361019e-12,3.1471819862381185e-12,,,,,,,,,,,,,,,,,,,,,,
rectangular,15,25,1,correlated-top,3.0,0.1,3.1246083953412462,0.01,0.04259123605351036,0.12220600509296853,Dual LOP/TRS,OPTIMAL,-2.747069846385785,-2.7470712334449496,-2.747069846385785,-2.7470698469737878,5.880025355509133e-10,1.386471161879399e-06,2.1404717328125657e-10,5.04708849555642e-07,0.06566162500530481,5.334660216179832e-10,5.334660216179832e-10,,,,,,,,,,,,,,,,23,1.7287482307892788e-06,6.293059348961081e-07,-3.4168906637432883e-07,,,,0,8.270101125430202e-09
rectangular,15,25,1,correlated-top,3.0,0.1,3.1246083953412462,0.01,0.04259123605351036,0.12220600509296853,Gurobi,TIME_LIMIT,,-4.761552377745212,-2.7470702690551105,-2.7470698469737878,-4.2208132278176436e-07,2.0144825307714243,1.5364780709702944e-07,0.42307263912223586,744.0444659166969,,,,,,,,,,,,,,,,,,,,,,744.042865251191,0.7333201962041576,3,,
rectangular,15,25,1,correlated-top,3.0,0.1,3.1246083953412462,0.01,0.04259123605351036,0.12220600509296853,Lazy SEP,Optimal,-2.7470698379824654,-2.747069847416083,-2.7470698379824654,-2.7470698469737878,8.991322353324449e-09,4.4229508944226836e-10,3.2730592428253766e-09,1.6100613162722996e-10,20.883151791989803,6.053307047428539e-07,6.053307047428539e-07,9.433617442766717e-09,3.434065373925624e-09,,,,,5.182500401046397e-10,1.9245633072804075e-08,5.182500401046397e-10,1.9245633072804075e-08,coordinate,2000,41,41,31500,,,,,,,,,
rectangular,15,25,3,correlated-top,3.0,0.1,3.0130383487414925,,,,Shor,Optimal,-3.030394437589613,-3.030394437589613,-0.2983019763411193,-2.862721643297986,2.5644196669568666,0.16767279429162674,0.895797770964046,0.055330353109080514,0.010647875256836414,1.9183284879190627,0.8710636833527962,-3.7056580026728625e-11,1.2228302549355116e-11,0.16767279429162674,0.055330353109080514,1.000000001594386,1.0000000009266725,,,,,,,,,,,,,,,,,,
rectangular,15,25,3,correlated-top,3.0,0.1,3.0130383487414925,,,,Full SEP,SolutionStatus.Optimal,-2.862721643297986,-2.8627216433022245,-2.862721643297986,-2.862721643297986,0.0,4.238387418808998e-12,0.0,1.4805447217424557e-12,375.3030473329127,1.7047139033855732e-10,1.7047139033855732e-10,4.238387418808998e-12,1.4805447217424557e-12,,,,,,,,,,,,,,,,,,,,,,
rectangular,15,25,3,correlated-top,3.0,0.1,3.0130383487414925,,,,Dual LOP/TRS,OPTIMAL,-2.8627215001590685,-2.8627228155766162,-2.8627215001590685,-2.862721643297986,1.4313891760764363e-07,1.172278630168222e-06,5.000099047099147e-08,4.094977773571483e-07,0.07213108288124204,7.444248889760203e-08,7.444248889760203e-08,,,,,,,,,,,,,,,,23,1.8340312313291918e-06,6.406597318293902e-07,-5.186136839974154e-07,,,,0,9.453363894890069e-07
rectangular,15,25,3,correlated-top,3.0,0.1,3.0130383487414925,0.01,0.05533040034349853,0.16767293743054434,Lazy SEP,Optimal,-2.8627216425561293,-2.862721643317651,-2.8627216425561293,-2.862721643297986,7.418567982142577e-10,1.9665158390580473e-11,2.59143881470643e-10,6.869392431668705e-12,41.50014129199553,2.7106939205136495e-07,2.7106939205136495e-07,7.615219566048381e-10,2.6601327390053154e-10,,,,,6.521260983473331e-11,2.7781129432508884e-09,6.521260983473331e-11,2.7781129432508884e-09,coordinate,2950,60,60,31500,,,,,,,,,
rectangular,15,25,4,correlated-top,3.0,0.1,3.224438812027867,,,,Shor,Optimal,-2.5821450594338033,-2.5821450594338033,-0.5302493761391655,-2.538154205683227,2.0079048295440614,0.04399085375057643,0.7910885891204424,0.01703655400375627,0.005742750130593777,1.7407224230833422,0.7894254993356443,-1.7216361669625257e-10,6.667464946140692e-11,0.04399085375057643,0.01703655400375627,1.000000012127942,1.000000007097604,,,,,,,,,,,,,,,,,,
rectangular,15,25,4,correlated-top,3.0,0.1,3.224438812027867,,,,Full SEP,SolutionStatus.Optimal,-2.538154205683227,-2.538154205671212,-2.538154205683227,-2.538154205683227,0.0,-1.2014833572493444e-11,0.0,0.0,275.86425504181534,1.5875545457344855e-10,1.5875545457344855e-10,-1.2014833572493444e-11,4.733689365914338e-12,,,,,,,,,,,,,,,,,,,,,,
rectangular,15,25,4,correlated-top,3.0,0.1,3.224438812027867,,,,Dual LOP/TRS,OPTIMAL,-2.5381542037898273,-2.5381555055573988,-2.5381542037898273,-2.538154205683227,1.8933996592807034e-09,1.2998741718561746e-06,7.459750298233094e-10,5.12133385448624e-07,0.07347408309578896,1.2759479933467139e-09,1.2759479933467139e-09,,,,,,,,,,,,,,,,23,1.5745061285876716e-06,6.203347766282341e-07,-2.727385570722163e-07,,,,0,1.6830386822102567e-08
rectangular,15,25,4,correlated-top,3.0,0.1,3.224438812027867,0.01,0.017036554737022456,0.04399085564397609,Lazy SEP,Optimal,-2.538154206063879,-2.538154205667466,-2.538154206063879,-2.538154205683227,-3.8065195440140087e-10,-1.5760726057578722e-11,1.499719573743743e-10,0.0,27.85194062499795,9.883801334670986e-07,9.883801334670986e-07,-3.964126804589796e-10,1.5618148003455188e-10,,,,,1.0852357332008164e-09,3.3539233472455e-08,1.0852357332008164e-09,3.3539233472455e-08,coordinate,2400,49,49,31500,,,,,,,,,
rectangular,15,25,5,correlated-top,3.0,0.1,3.1893588096550944,,,,Shor,Optimal,-2.7847077145119616,-2.7847077145119616,-0.3383950188919884,-2.6421032659715133,2.303708247079525,0.1426044485404483,0.8719221071900235,0.05120984432128837,0.005600959062576294,1.8906553157229082,0.8553997864753216,-7.719114236692803e-11,2.7719656883435716e-11,0.1426044485404483,0.05120984432128837,1.0000000024100886,1.0000000013776362,,,,,,,,,,,,,,,,,,
rectangular,15,25,5,correlated-top,3.0,0.1,3.1893588096550944,,,,Full SEP,SolutionStatus.Optimal,-2.6421032659715133,-2.6421032658688444,-2.6421032659715133,-2.6421032659715133,0.0,-1.0266898442523598e-10,0.0,0.0,249.28113695792854,4.772309904758346e-10,4.772309904758346e-10,-1.0266898442523598e-10,3.885880833937962e-11,,,,,,,,,,,,,,,,,,,,,,
rectangular,15,25,5,correlated-top,3.0,0.1,3.1893588096550944,,,,Dual LOP/TRS,OPTIMAL,-2.6421032577175416,-2.642104077981279,-2.6421032577175416,-2.6421032659715133,8.25397172832254e-09,8.120097656494352e-07,3.1240155654126247e-09,3.0733451131488274e-07,0.06522775022312999,8.87400475709797e-09,8.87400475709797e-09,,,,,,,,,,,,,,,,23,1.6949212131578406e-06,6.415043325821059e-07,-8.746574757800829e-07,,,,0,1.7060560531742312e-08
rectangular,15,25,5,correlated-top,3.0,0.1,3.1893588096550944,0.01,0.05120984728532359,0.14260445679442002,Lazy SEP,Optimal,-2.642103268880337,-2.6421032658932493,-2.642103268880337,-2.6421032659715133,-2.9088238484575868e-09,-7.826406189792579e-11,1.1009500963564833e-09,0.0,25.784314208023716,1.135741223044833e-07,1.135741223044833e-07,-2.9870879103555126e-09,1.1305719748120867e-09,,,,,1.7212785320339097e-10,7.657449675099468e-09,1.7212785320339097e-10,7.657449675099468e-09,coordinate,2300,47,47,31500,,,,,,,,,
rectangular,15,25,6,correlated-top,3.0,0.1,3.168780976874686,,,,Shor,Optimal,-2.6333245862169936,-2.6333245862169936,-0.4286574138824799,-2.554519657863805,2.1258622439813255,0.07880492835318842,0.8321964708461314,0.029926021564397706,0.005349957849830389,1.8198303968963874,0.8317521395787586,-1.7215961989336392e-10,6.537728800864865e-11,0.07880492835318842,0.029926021564397706,1.0000000120011456,1.0000000069695898,,,,,,,,,,,,,,,,,,
rectangular,15,25,6,correlated-top,3.0,0.1,3.168780976874686,,,,Full SEP,SolutionStatus.Optimal,-2.554519657863805,-2.5545196579821576,-2.554519657863805,-2.554519657863805,0.0,1.183524389603008e-10,0.0,4.6330604108088424e-11,251.98787958314642,1.245748602803255e-09,1.245748602803255e-09,1.183524389603008e-10,4.6330604108088424e-11,,,,,,,,,,,,,,,,,,,,,,
rectangular,15,25,6,correlated-top,3.0,0.1,3.168780976874686,,,,Dual LOP/TRS,OPTIMAL,-2.554519656225675,-2.554519711626418,-2.554519656225675,-2.554519657863805,1.6381300760315298e-09,5.3762613028141004e-08,6.412673595948765e-10,2.104607483882412e-08,0.06450316589325666,1.1045798973389456e-09,1.1045798973389456e-09,,,,,,,,,,,,,,,,23,1.6094285864021174e-06,6.300317743007049e-07,-1.5540278424097664e-06,,,,0,1.1237070104445187e-08
rectangular,15,25,6,correlated-top,3.0,0.1,3.168780976874686,0.01,0.029926022186474485,0.0788049299913185,Lazy SEP,Optimal,-2.5545196561056214,-2.5545196580841205,-2.5545196561056214,-2.554519657863805,1.7581838207547662e-09,2.2031532154187516e-10,6.882639620103891e-10,8.62453028477028e-11,81.61751308303792,4.93760662030305e-07,4.93760662030305e-07,1.9784991422966414e-09,7.745092647987324e-10,,,,,3.889432582428187e-10,1.8609880843677007e-08,3.889432582428187e-10,1.8609880843677007e-08,coordinate,4050,82,82,31500,,,,,,,,,
rectangular,15,25,7,correlated-top,3.0,0.1,3.0278574271268512,,,,Shor,Optimal,-2.750365826838658,-2.750365826838658,-0.3381910188740074,-2.5991086892154835,2.260917670341476,0.1512571376231744,0.8698819251856347,0.05499527959050934,0.005038207862526178,1.8919646106294363,0.8584593676191784,-1.3601919590655598e-10,4.945494689442822e-11,0.1512571376231744,0.05499527959050934,1.000000007434938,1.0000000043198387,,,,,,,,,,,,,,,,,,
rectangular,15,25,7,correlated-top,3.0,0.1,3.0278574271268512,,,,Full SEP,SolutionStatus.Optimal,-2.5991086892154835,-2.5991086893441975,-2.5991086892154835,-2.5991086892154835,0.0,1.2871392840452245e-10,0.0,4.952233391863244e-11,246.57559629203752,1.0159141291198767e-08,1.0159141291198767e-08,1.2871392840452245e-10,4.952233391863244e-11,,,,,,,,,,,,,,,,,,,,,,
rectangular,15,25,7,correlated-top,3.0,0.1,3.0278574271268512,,,,Dual LOP/TRS,OPTIMAL,-2.5991086869050335,-2.5991093534132004,-2.5991086869050335,-2.5991086892154835,2.310450053499835e-09,6.641977168264646e-07,8.88939374904411e-10,2.5554819998405505e-07,0.06261012516915798,2.3690500919430183e-09,2.3690500919430183e-09,,,,,,,,,,,,,,,,23,1.6811688881013254e-06,6.468249925281451e-07,-1.0146607207772718e-06,,,,0,6.554647883088783e-08
rectangular,15,25,7,correlated-top,3.0,0.1,3.0278574271268512,0.01,0.05499528043056125,0.15125713993362444,Lazy SEP,Optimal,-2.599108688481972,-2.5991086898101567,-2.599108688481972,-2.5991086892154835,7.335114737827553e-10,5.946731995720711e-10,2.822165447818032e-10,2.2879889629221586e-10,34.97614262497518,7.008517578779466e-07,7.008517578779466e-07,1.3281846733548264e-09,5.110154410094482e-10,,,,,5.819393436102063e-10,2.3638323199539694e-08,5.819393436102063e-10,2.3638323199539694e-08,coordinate,2700,55,55,31500,,,,,,,,,
rectangular,15,25,8,correlated-top,3.0,0.1,3.1356444366829526,,,,Shor,Optimal,-3.034702383248312,-3.034702383248312,-0.29259962243235194,-2.8827520488879164,2.5901524264555644,0.15195033436039562,0.8984998995854574,0.050070918057456976,0.004641041159629822,1.9215230587863594,0.8709644522406014,-1.6368195687732623e-10,5.393674113839225e-11,0.15195033436039562,0.050070918057456976,1.0000000070699733,1.0000000041335542,,,,,,,,,,,,,,,,,,
rectangular,15,25,8,correlated-top,3.0,0.1,3.1356444366829526,,,,Full SEP,SolutionStatus.Optimal,-2.8827520488879164,-2.882752028792622,-2.8827520488879164,-2.8827520488879164,0.0,-2.0095294317457046e-08,0.0,0.0,243.02506158314645,8.363762400864365e-08,8.363762400864365e-08,-2.0095294317457046e-08,6.970871575725439e-09,,,,,,,,,,,,,,,,,,,,,,
rectangular,15,25,8,correlated-top,3.0,0.1,3.1356444366829526,,,,Dual LOP/TRS,OPTIMAL,-2.8827520255733696,-2.8827527272453364,-2.8827520255733696,-2.8827520488879164,2.3314546737651654e-08,6.783574200142084e-07,8.087600439533376e-09,2.3531585404566573e-07,0.06684316601604223,1.5145082726871724e-09,1.5145082726871724e-09,,,,,,,,,,,,,,,,23,1.832127383583071e-06,6.355478797287589e-07,-1.1304554163871217e-06,,,,0,8.745497725725443e-09
rectangular,15,25,8,correlated-top,3.0,0.1,3.1356444366829526,0.01,0.050070925740103835,0.15195035767494236,Lazy SEP,Optimal,-2.882752031640676,-2.8827520287712503,-2.882752031640676,-2.8827520488879164,1.7247240524653762e-08,-2.011666611068108e-08,5.982908079557954e-09,0.0,17.879250333993696,1.2210750335547108e-07,1.2210750335547108e-07,-2.8694255860273188e-09,9.953771793525465e-10,,,,,1.6212058854669226e-10,4.469317565493832e-09,1.6212058854669226e-10,4.469317565493832e-09,coordinate,1800,37,37,31500,,,,,,,,,
rectangular,15,25,10,correlated-top,3.0,0.1,3.0159345217018383,,,,Shor,Optimal,-2.873876701304316,-2.873876701304316,-0.32527199965549386,-2.7202943309654475,2.3950223313099537,0.15358237033886857,0.8804276449232414,0.05344083490748397,0.005077000241726637,1.8994057662778598,0.8640196128935695,-6.217470982505802e-11,2.1634438873748435e-11,0.15358237033886857,0.05344083490748397,1.0000000028729092,1.0000000016818267,,,,,,,,,,,,,,,,,,
rectangular,15,25,10,correlated-top,3.0,0.1,3.0159345217018383,,,,Full SEP,SolutionStatus.Optimal,-2.7202943309654475,-2.7202943297550823,-2.7202943309654475,-2.7202943309654475,0.0,-1.2103651414463457e-09,0.0,0.0,246.90799849992618,1.4239006169321977e-08,1.4239006169321977e-08,-1.2103651414463457e-09,4.449390375403901e-10,,,,,,,,,,,,,,,,,,,,,,
rectangular,15,25,10,correlated-top,3.0,0.1,3.0159345217018383,,,,Dual LOP/TRS,OPTIMAL,-2.7202943209354213,-2.7202953210746994,-2.7202943209354213,-2.7202943309654475,1.0030026142970883e-08,9.901092519193355e-07,3.6871106294630885e-09,3.639712365965383e-07,0.06477970816195011,4.212330358663151e-09,4.212330358663151e-09,,,,,,,,,,,,,,,,23,1.7407227019816673e-06,6.399021049280653e-07,-7.405834239193609e-07,,,,0,5.146849745671308e-09
rectangular,15,25,10,correlated-top,3.0,0.1,3.0159345217018383,0.01,0.05344083839755233,0.1535823803688947,Lazy SEP,Optimal,-2.720294331545173,-2.7202943297033335,-2.720294331545173,-2.7202943309654475,-5.797256008577278e-10,-1.2621139688917538e-09,2.1311135127368145e-10,0.0,20.135867959004827,2.4528517275319983e-06,2.4528517275319983e-06,-1.8418395697494816e-09,6.770736344192893e-10,,,,,2.342243221424567e-09,6.903384343609791e-08,2.342243221424567e-09,6.903384343609791e-08,coordinate,2000,41,41,31500,,,,,,,,,
rectangular,15,25,11,correlated-top,3.0,0.1,3.04652457492275,,,,Shor,Optimal,-2.95339837112268,-2.95339837112268,-0.337729442526771,-2.822797560897451,2.48506811837068,0.13060081022522896,0.8803564778412956,0.044220519487719316,0.004714292008429766,1.8886793604094645,0.856577867871201,-7.599165741112301e-11,2.5730242880250584e-11,0.13060081022522896,0.044220519487719316,1.0000000029918739,1.000000001752829,,,,,,,,,,,,,,,,,,
rectangular,15,25,11,correlated-top,3.0,0.1,3.04652457492275,,,,Full SEP,SolutionStatus.Optimal,-2.822797560897451,-2.8227975608963756,-2.822797560897451,-2.822797560897451,0.0,-1.0755840662568517e-12,0.0,0.0,261.81668816739693,1.1681210929412568e-11,1.1681210929412568e-11,-1.0755840662568517e-12,3.810347866089595e-13,,,,,,,,,,,,,,,,,,,,,,
rectangular,15,25,11,correlated-top,3.0,0.1,3.04652457492275,,,,Dual LOP/TRS,OPTIMAL,-2.8227975480128897,-2.822798475335226,-2.8227975480128897,-2.822797560897451,1.2884561417791929e-08,9.144377748349086e-07,4.564465265336117e-09,3.239472398844601e-07,0.06586895883083344,5.972035453666615e-09,5.972035453666615e-09,,,,,,,,,,,,,,,,23,1.7793763538165308e-06,6.303589750965903e-07,-8.520540177858749e-07,,,,0,8.738994616708704e-09
rectangular,15,25,11,correlated-top,3.0,0.1,3.04652457492275,0.01,0.04422052385034156,0.13060082310979038,Lazy SEP,Optimal,-2.8227975620498507,-2.8227975608895646,-2.8227975620498507,-2.822797560897451,-1.1523995091522465e-09,-7.886580277727262e-12,4.0824730921030005e-10,0.0,23.152975625009276,1.8701217083599774e-06,1.8701217083599774e-06,-1.1602860894299738e-09,4.110411972254223e-10,,,,,1.9623452247917797e-09,6.999268092146296e-08,1.9623452247917797e-09,6.999268092146296e-08,coordinate,2150,44,44,31500,,,,,,,,,
rectangular,15,25,3,correlated-top,3.0,0.1,3.0130383487414925,0.01,0.05533040034349853,0.16767293743054434,Gurobi,TIME_LIMIT,,-5.427016181388804,-2.8627216350613867,-2.862721643297986,8.236599402522415e-09,2.5642945380908175,2.8771918575476577e-09,0.47250541593826617,1126.481867833063,,,,,,,,,,,,,,,,,,,,,,1125.909141998738,0.8957540666619616,4,,
rectangular,15,25,4,correlated-top,3.0,0.1,3.224438812027867,0.01,0.017036554737022456,0.04399085564397609,Gurobi,TIME_LIMIT,,-4.958568377908035,-2.538154041018622,-2.538154205683227,1.6466460506237013e-07,2.4204141722248083,6.487572925776797e-08,0.4881276182473366,827.593343708897,,,,,,,,,,,,,,,,,,,,,,827.592765125446,0.9536120730946823,4,,
rectangular,15,25,5,correlated-top,3.0,0.1,3.1893588096550944,0.01,0.05120984728532359,0.14260445679442002,Gurobi,TIME_LIMIT,,-4.9459673274659535,-2.6421036492730883,-2.6421032659715133,-3.8330157492438843e-07,2.30386406149444,1.4507438988241235e-07,0.4658065670390944,747.872309083119,,,,,,,,,,,,,,,,,,,,,,747.8434108737856,0.8719808092414233,5,,
rectangular,15,25,6,correlated-top,3.0,0.1,3.168780976874686,0.01,0.029926022186474485,0.0788049299913185,Gurobi,TIME_LIMIT,,-5.276560551707482,-2.554519574956243,-2.554519657863805,8.290756214890393e-08,2.722040893843677,3.245524531145502e-08,0.5158740939612322,755.9899551670533,,,,,,,,,,,,,,,,,,,,,,755.9636387494393,1.065578437306696,2,,
rectangular,15,25,7,correlated-top,3.0,0.1,3.0278574271268512,0.01,0.05499528043056125,0.15125713993362444,Gurobi,TIME_LIMIT,,-4.875880736049444,-2.599108321522333,-2.5991086892154835,3.676931505935954e-07,2.2767720468339605,1.4146893976356955e-07,0.46694580324757,739.7503740000539,,,,,,,,,,,,,,,,,,,,,,739.7267888761126,0.875982118818955,5,,
rectangular,15,25,8,correlated-top,3.0,0.1,3.1356444366829526,0.01,0.050070925740103835,0.15195035767494236,Gurobi,TIME_LIMIT,,-5.385129487352846,-2.882751875858528,-2.8827520488879164,1.730293881507805e-07,2.5023774384649298,6.00222930090468e-08,0.4646828724066609,729.0810810839757,,,,,,,,,,,,,,,,,,,,,,729.0751847494394,0.8680516809130758,8,,
rectangular,15,25,10,correlated-top,3.0,0.1,3.0159345217018383,0.01,0.05344083839755233,0.1535823803688947,Gurobi,TIME_LIMIT,,-5.222062809792259,-2.7202943010042944,-2.7202943309654475,2.9961153114044237e-08,2.5017684788268117,1.1013938004058134e-08,0.4790766733283194,740.7452182921115,,,,,,,,,,,,,,,,,,,,,,740.7239954997785,0.9196683270131276,4,,
rectangular,15,25,11,correlated-top,3.0,0.1,3.04652457492275,0.01,0.04422052385034156,0.13060082310979038,Gurobi,TIME_LIMIT,,-25.42152563761813,-2.8227976760335873,-2.822797560897451,-1.15136136180638e-07,22.59872807672068,4.0787952022980215e-08,0.8889603401016835,785.4895269589033,,,,,,,,,,,,,,,,,,,,,,785.4500645021908,8.005790905049494,3,,
square,10,10,0,correlated-top,3.0,0.1,3.086880120477122,0.01,0.01917993298939783,0.039206840631892614,Gurobi,TIME_LIMIT,,-2.6495502992462443,-2.0049525858196904,-2.004952586662515,8.42824476876558e-10,0.6445977125837294,4.2037127585123643e-10,0.2432857050372312,5.538096917094663,,,,,,,,,,,,,,,,,,,,,,5.0,0.3215027218027808,1,,
square,10,10,2,correlated-top,3.0,0.1,3.171741148104509,0.01,0.06426974833626337,0.12418968072909453,Gurobi,TIME_LIMIT,,-2.721876647929532,-1.808129721749126,-1.8081297215913348,-1.5779111350866515e-10,0.9137469263381974,8.726758462662908e-11,0.3357047524667451,5.006562624825165,,,,,,,,,,,,,,,,,,,,,,5.0,0.5053547404201051,1,,
square,10,10,3,correlated-top,3.0,0.1,3.0522203065685,0.01,0.07271012777741823,0.15384735682215567,Gurobi,TIME_LIMIT,,-2.79782236575339,-1.9620526161925382,-1.962052599563899,-1.6628639132321155e-08,0.8357697661894907,8.475123956965978e-09,0.2987215258622886,5.0063605001196265,,,,,,,,,,,,,,,,,,,,,,5.0,0.42596704220027737,1,,
square,10,10,4,correlated-top,3.0,0.1,3.0902188043591208,0.01,0.07249171780986775,0.16823617886414155,Gurobi,TIME_LIMIT,,-2.662242291671367,-2.152527956107539,-2.152527958278324,2.17078488518041e-09,0.5097143333930432,1.0084816212639063e-09,0.19146053497371282,5.006793208187446,,,,,,,,,,,,,,,,,,,,,,5.0,0.23679800957640293,1,,
square,10,10,5,correlated-top,3.0,0.1,3.086482166045835,0.01,0.09303568882452588,0.17412897011470796,Gurobi,TIME_LIMIT,,-2.506374765332004,-1.6975073455717298,-1.697507347747191,2.1754611445601313e-09,0.8088674175848132,1.2815621372403754e-09,0.32272405099708523,5.006704207975417,,,,,,,,,,,,,,,,,,,,,,5.0,0.47650304540381433,1,,
square,10,10,6,correlated-top,3.0,0.1,3.190014011508121,0.01,0.10233201110696577,0.20080771495919225,Gurobi,TIME_LIMIT,,-2.5077334091567844,-1.7615080140554091,-1.7615080150454083,9.899991937345476e-10,0.7462253941113761,5.620179898579839e-10,0.29756966645122435,5.008118459023535,,,,,,,,,,,,,,,,,,,,,,5.0,0.4236287255846129,1,,
square,10,10,7,correlated-top,3.0,0.1,2.9798394632443266,0.01,0.11421738298512955,0.22559081233839096,Gurobi,TIME_LIMIT,,-2.53953609670608,-1.7495097097487144,-1.7495097091051703,-6.435441068930459e-10,0.7900263876009097,3.6784254657579433e-10,0.3110908282129236,5.006515458924696,,,,,,,,,,,,,,,,,,,,,,5.0,0.4515701642323772,2,,
square,10,10,8,correlated-top,3.0,0.1,3.017055995754987,0.01,0.046647920159588574,0.10483816277523639,Gurobi,TIME_LIMIT,,-2.8755149450027484,-2.1425967250978513,-2.1425967261001047,1.0022533913911502e-09,0.7329182189026437,4.677750970036364e-10,0.25488242381642123,5.006416291929781,,,,,,,,,,,,,,,,,,,,,,5.0,0.3420700738126187,1,,
square,10,10,9,correlated-top,3.0,0.1,3.069469560868408,0.01,0.1027473990021682,0.2342222867374728,Gurobi,TIME_LIMIT,,-2.6931279467244202,-2.045371138551783,-2.045371140580762,2.028978762780298e-09,0.6477568061436583,9.919856218388758e-10,0.24052210624879802,5.006176709197462,,,,,,,,,,,,,,,,,,,,,,5.0,0.3166940199573162,1,,
square,10,10,10,correlated-top,3.0,0.1,2.9013418032953173,0.01,0.1221617878218915,0.25795055345862394,Gurobi,TIME_LIMIT,,-2.4629537372893866,-1.8535980640407794,-1.853598066059485,2.0187056470888365e-09,0.6093556712299015,1.0890741008272355e-09,0.24740849249589653,5.006976832868531,,,,,,,,,,,,,,,,,,,,,,5.0,0.32874207470859834,1,,
square,15,15,0,correlated-top,3.0,0.1,3.234441625653159,0.01,0.05281610558124943,0.1313351329968544,Gurobi,TIME_LIMIT,,-3.7056301456531537,-2.3553140725361588,-2.355314187656784,1.1512062503271636e-07,1.35031595799637,4.887697175859399e-08,0.3643957720876009,32.82163816597313,,,,,,,,,,,,,,,,,,,,,,32.80462262732908,0.5733061628010397,2,,
square,15,15,1,correlated-top,3.0,0.1,3.065745797838398,0.01,0.05179377442191433,0.13649344560275978,Gurobi,TIME_LIMIT,,-3.5125243142605767,-2.498831884910509,-2.498831885920564,1.0100551506297961e-09,1.0136924283400126,4.042109260414268e-10,0.28859371142983975,31.767026084009558,,,,,,,,,,,,,,,,,,,,,,31.752527127508074,0.40566651781233026,1,,
square,15,15,2,correlated-top,3.0,0.1,3.090346653479735,0.01,0.05848734625643315,0.15166817876365446,Gurobi,TIME_LIMIT,,-3.8430028688991764,-2.4415111744325007,-2.4415111755698002,1.1372995878389247e-09,1.4014916933293762,4.658178914841549e-10,0.3646866112621019,35.5183558750432,,,,,,,,,,,,,,,,,,,,,,35.506452998612076,0.5740263280967515,1,,
square,15,15,3,correlated-top,3.0,0.1,3.0827780770111177,0.01,0.03409913218314595,0.08267261611393195,Gurobi,TIME_LIMIT,,-3.950057276938492,-2.341805978300351,-2.341805974235842,-4.064508729584304e-09,1.6082513027026497,1.735630008312758e-09,0.407146324710798,36.79002625006251,,,,,,,,,,,,,,,,,,,,,,36.77691825013608,0.6867568507128787,1,,
square,15,15,4,correlated-top,3.0,0.1,2.9573453837870183,0.01,0.06848769387074986,0.1748673217652783,Gurobi,TIME_LIMIT,,-4.118802430829916,-2.37839900278867,-2.3783989987977345,-3.9909355820100245e-09,1.7404034320321817,1.6779924551476255e-09,0.4225508412360289,35.91236712480895,,,,,,,,,,,,,,,,,,,,,,35.90033224783838,0.7317541867452119,1,,
square,15,15,5,correlated-top,3.0,0.1,3.0841910451492347,0.01,0.06226850229442167,0.15412278345848707,Gurobi,TIME_LIMIT,,-3.8635310397317477,-2.3210095533150534,-2.3210095543217406,1.0066871780622932e-09,1.542521485410007,4.3372814910987016e-10,0.3992517387713565,38.37830324983224,,,,,,,,,,,,,,,,,,,,,,38.36992187378928,0.6645907528530163,1,,
square,15,15,6,correlated-top,3.0,0.1,2.996821789436952,0.01,0.04549697578858254,0.1114029422698195,Gurobi,TIME_LIMIT,,-4.06470049835121,-2.337176117402631,-2.337176119137502,1.7348709135944773e-09,1.7275243792137083,7.422936163812525e-10,0.4250065607329383,36.2201330838725,,,,,,,,,,,,,,,,,,,,,,36.20467574894428,0.7391502797266408,1,,
square,15,15,8,correlated-top,3.0,0.1,2.975605802163299,0.01,0.048676586892051836,0.14772602148140557,Gurobi,TIME_LIMIT,,-4.3271150742888125,-2.8871215568735225,-2.8871215569948894,1.21366916516763e-10,1.439993517293923,4.203734207959359e-11,0.33278373525358457,39.07391666690819,,,,,,,,,,,,,,,,,,,,,,39.061542249284685,0.4987644229897496,1,,
square,15,15,9,correlated-top,3.0,0.1,3.207998302305495,0.01,0.06645907098417314,0.15772796791969368,Gurobi,TIME_LIMIT,,-3.7400615295876882,-2.215581907490199,-2.2155819113068658,3.816666982459083e-09,1.5244796182808225,1.7226476543166095e-09,0.4076081653257945,36.08315862505697,,,,,,,,,,,,,,,,,,,,,,36.07076675025746,0.6880718861910247,1,,
square,15,15,10,correlated-top,3.0,0.1,3.1169751716068985,0.01,0.058392120336017615,0.14579077407075003,Gurobi,TIME_LIMIT,,-3.766216921960567,-2.350963465637181,-2.3509634688443795,3.207198506771647e-09,1.4152534531161876,1.3642060156503202e-09,0.3757758733608615,31.867420208873227,,,,,,,,,,,,,,,,,,,,,,31.850864625535905,0.6019887067618936,1,,
rectangular,8,12,0,correlated-top,3.0,0.1,2.9836848303749823,0.01,0.09907403640939251,0.20485928695208688,Gurobi,TIME_LIMIT,,-2.883858856296483,-1.8628801044339025,-1.8628801038842568,-5.496456623177437e-10,1.0209787524122262,2.950515500216648e-10,0.35403215042340536,5.010260708164424,,,,,,,,,,,,,,,,,,,,,,5.0,0.5480646604322604,1,,
rectangular,8,12,1,correlated-top,3.0,0.1,3.0665383868798095,0.01,0.08001703493861453,0.15167626360431097,Gurobi,TIME_LIMIT,,-2.304458534206839,-1.743873404137928,-1.7438734039826551,-1.5527290564421037e-10,0.560585130224184,8.903909267483121e-11,0.24326110533255013,5.006253000115976,,,,,,,,,,,,,,,,,,,,,,5.0,0.32145976235358237,1,,
rectangular,8,12,2,correlated-top,3.0,0.1,2.9983413388328968,0.01,0.03899575856738251,0.08057557347288569,Gurobi,TIME_LIMIT,,-6.529295757336813,-1.9856894895562522,-1.9856894896507475,9.449530047334065e-11,4.543606267686066,4.7588155633517975e-11,0.6958799902088253,5.006628040922806,,,,,,,,,,,,,,,,,,,,,,5.0,2.2881756144038077,2,,
rectangular,8,12,3,correlated-top,3.0,0.1,3.1548329248912927,0.01,0.08452195849261186,0.19035809013941796,Gurobi,TIME_LIMIT,,-2.9532754895223667,-2.0618151175788357,-2.061815118464366,8.855303157417893e-10,0.8914603710580007,4.2949065016136353e-10,0.30185479621549854,5.006657375022769,,,,,,,,,,,,,,,,,,,,,,5.0,0.4323667841713965,1,,
rectangular,8,12,4,correlated-top,3.0,0.1,2.9561312054218,0.01,0.09061270466957616,0.20471527828536917,Gurobi,TIME_LIMIT,,-7.489365213848912,-2.054518448195999,-2.054518449995727,1.7997283663362396e-09,5.434846763853185,8.759854973996376e-10,0.725675221953841,5.006708208937198,,,,,,,,,,,,,,,,,,,,,,5.0,2.64531417102877,1,,
rectangular,8,12,5,correlated-top,3.0,0.1,3.1153045965115003,0.01,0.10291904765816799,0.19436776948624956,Gurobi,TIME_LIMIT,,-2.623811809616602,-1.6941824496576474,-1.6941824513364512,1.6788037626724872e-09,0.9296293582801509,9.909226490618925e-10,0.35430489140758564,5.006422790931538,,,,,,,,,,,,,,,,,,,,,,5.0,0.548718563426749,1,,
rectangular,8,12,6,correlated-top,3.0,0.1,3.063642681123785,0.01,0.10868312830090862,0.23551616509033013,Gurobi,TIME_LIMIT,,-2.6689100063542637,-1.9314822402201486,-1.9314822420493634,1.829214779647259e-09,0.7374277643049003,9.470523413699133e-10,0.27630297108152707,5.00735695916228,,,,,,,,,,,,,,,,,,,,,,5.0,0.38179370784691435,1,,
rectangular,8,12,7,correlated-top,3.0,0.1,2.9329794026038054,0.01,0.10860821529697572,0.20590636337987012,Gurobi,TIME_LIMIT,,-2.371367925266363,-1.689957248124963,-1.689957250125019,2.000056120721183e-09,0.6814106751413438,1.1834950976264185e-09,0.28734919954051613,5.007101000053808,,,,,,,,,,,,,,,,,,,,,,5.0,0.40321178414272724,1,,
rectangular,8,12,8,correlated-top,3.0,0.1,2.974212595760881,0.01,0.08455954916937314,0.21070768578223076,Gurobi,TIME_LIMIT,,-3.144765528800766,-2.2811183443995593,-2.2811183455526547,1.1530953969440816e-09,0.8636471832481112,5.054956483043483e-10,0.2746300718888435,5.006392915965989,,,,,,,,,,,,,,,,,,,,,,5.0,0.3786069173138571,1,,
rectangular,8,12,9,correlated-top,3.0,0.1,3.14925886989542,0.01,0.030823273425255624,0.060149849449391946,Gurobi,TIME_LIMIT,,-2.552650710313336,-1.891292779935721,-1.891292781935849,2.000127841128574e-09,0.6613579283774871,1.0575453257328703e-09,0.25908673117925557,5.007325416896492,,,,,,,,,,,,,,,,,,,,,,5.0,0.3496856422198642,1,,
rectangular,10,20,0,correlated-top,3.0,0.1,3.1218049844484046,0.01,0.026058237864810856,0.059669343457307455,Gurobi,TIME_LIMIT,,-3.9015756944419095,-2.2301768682805125,-2.230176357668154,-5.106123586173794e-07,1.6713993367737556,2.2895599262988787e-07,0.4283908522279321,24.95624183304608,,,,,,,,,,,,,,,,,,,,,,24.938384376000613,0.7494467591039365,4,,
rectangular,10,20,1,correlated-top,3.0,0.1,3.0337209414983137,0.01,0.07822157958842288,0.2009451943741678,Gurobi,TIME_LIMIT,,-3.71704350891409,-2.367977550010585,-2.3679775505520677,5.414828585514897e-10,1.3490659583620221,2.286689155584473e-10,0.3629405884345279,20.553290999960154,,,,,,,,,,,,,,,,,,,,,,20.541411875747144,0.5697123095180842,1,,
rectangular,10,20,2,correlated-top,3.0,0.1,2.9854316402190606,0.01,0.06851532668708395,0.17703345486602418,Gurobi,TIME_LIMIT,,-4.005893503739936,-2.40681895672265,-2.406818414987346,-5.417353037273642e-07,1.5990750887525902,2.250835287025667e-07,0.3991806290555852,27.894270416814834,,,,,,,,,,,,,,,,,,,,,,27.881839499808848,0.66439336558772,5,,
rectangular,10,20,3,correlated-top,3.0,0.1,3.147316347859476,0.01,0.020758192912156557,0.048280501600464376,Gurobi,TIME_LIMIT,,-4.002609284936637,-2.2775725863233127,-2.2775723281682394,-2.5815507331827803e-07,1.7250369567683972,1.1334658437166122e-07,0.4309781030240391,20.69697279203683,,,,,,,,,,,,,,,,,,,,,,20.6832006261684,0.7574014145463754,2,,
rectangular,10,20,4,correlated-top,3.0,0.1,3.0829011367393084,0.01,0.06003399329592131,0.1508777724326169,Gurobi,TIME_LIMIT,,-3.8782372240710226,-2.362327618504429,-2.3623278994776737,2.809732446706903e-07,1.5159093245933488,1.1893913826815292e-07,0.390875863700283,17.86532629095018,,,,,,,,,,,,,,,,,,,,,,17.85365525074303,0.6417016817194492,2,,
rectangular,10,20,5,correlated-top,3.0,0.1,2.974965495932298,0.01,0.0867983648689952,0.21144626798803712,Gurobi,TIME_LIMIT,,-3.9702961534996035,-2.224617238079015,-2.224616541658625,-6.964203898007781e-07,1.7456796118409783,3.1305178161891164e-07,0.43968498679934875,29.2597477089148,,,,,,,,,,,,,,,,,,,,,,29.24810825055465,0.7847097853687425,5,,
rectangular,10,20,6,correlated-top,3.0,0.1,3.2487389528408532,0.01,0.03602110901922671,0.08347572675706383,Gurobi,TIME_LIMIT,,-3.7927264350120953,-2.233935629179724,-2.233935630133165,9.534408818012707e-10,1.5587908048789303,4.2679872640038247e-10,0.41099479005106765,22.18568762484938,,,,,,,,,,,,,,,,,,,,,,22.17390525061637,0.6977778524463311,1,,
rectangular,10,20,7,correlated-top,3.0,0.1,3.119237030816103,0.01,0.0554980069646305,0.12477725551150254,Gurobi,TIME_LIMIT,,-3.446145442272792,-2.1235426112662656,-2.123542322219421,-2.890468446814509e-07,1.3226031200533712,1.3611539657736966e-07,0.3837920198693331,17.479409500025213,,,,,,,,,,,,,,,,,,,,,,17.468246748670936,0.6228284866946278,2,,
rectangular,10,20,8,correlated-top,3.0,0.1,3.069081986989329,0.01,0.06538554303604444,0.16859391129491508,Gurobi,TIME_LIMIT,,-4.140094373248167,-2.4098653206311815,-2.40986462533838,-6.952928015557802e-07,1.730229747909787,2.8851936064778597e-07,0.4179203641081041,17.633636958198622,,,,,,,,,,,,,,,,,,,,,,17.617608501110226,0.7179774893660079,2,,
rectangular,10,20,9,correlated-top,3.0,0.1,2.959789250419552,0.01,0.02411217561266874,0.06336854015132465,Gurobi,TIME_LIMIT,,-4.2080832624236235,-2.564703735410827,-2.564703736444295,1.0334679778623013e-09,1.6433795259793285,4.029580349483567e-10,0.3905292323120129,22.14537987485528,,,,,,,,,,,,,,,,,,,,,,22.133503500837833,0.6407677831644565,1,,
rectangular,15,20,0,correlated-top,3.0,0.1,3.022216440639665,0.01,0.04694840018105959,0.1415099919600178,Gurobi,TIME_LIMIT,,-4.989851453768959,-2.8726502131126685,-2.872650051304507,-1.6180816153621436e-07,2.117201402464452,5.6327136801276845e-08,0.4243014891485952,157.09156379196793,,,,,,,,,,,,,,,,,,,,,,157.0704742502421,0.7370202021088362,4,,
rectangular,15,20,2,correlated-top,3.0,0.1,3.0179538215971737,0.01,0.036452505266957515,0.10106181000061909,Gurobi,TIME_LIMIT,,-5.009477069477685,-2.671362065816222,-2.6713624533357807,3.8751955866445087e-07,2.3381146161419046,1.4506438771741659e-07,0.46673826104282157,174.8460746249184,,,,,,,,,,,,,,,,,,,,,,174.83019524998963,0.8752520048034235,2,,
rectangular,15,20,3,correlated-top,3.0,0.1,3.0635393383528813,0.01,0.04646339636208673,0.12483576480460101,Gurobi,TIME_LIMIT,,-4.749976086197204,-2.561919113390139,-2.5619192896283387,1.7623819958956233e-07,2.1880567965688655,6.879147219939526e-08,0.4606458552343171,176.1550862910226,,,,,,,,,,,,,,,,,,,,,,176.13957750052214,0.854069498670335,3,,
rectangular,15,20,4,correlated-top,3.0,0.1,3.005026960902401,0.01,0.040498403138010335,0.10781428447380437,Gurobi,TIME_LIMIT,,-4.850029424807451,-2.5543718712346077,-2.554371786986581,-8.424802677708954e-08,2.2956576378208697,3.2981895755205695e-08,0.47332860004493865,182.83737933286466,,,,,,,,,,,,,,,,,,,,,,182.82311462424695,0.8987170503342882,5,,
rectangular,15,20,5,correlated-top,3.0,0.1,3.1430803854329294,0.01,0.049361364220282984,0.12598641004418187,Gurobi,TIME_LIMIT,,-4.503252259940602,-2.4263415104746784,-2.4263419592167907,4.487421123577917e-07,2.0769103007238114,1.8494594739755607e-07,0.46120230021295894,177.15666416683234,,,,,,,,,,,,,,,,,,,,,,177.1422943775542,0.8559845102182695,2,,
rectangular,15,20,6,correlated-top,3.0,0.1,2.9577645963223347,0.01,0.046288762738321346,0.12353515770620449,Gurobi,TIME_LIMIT,,-5.023944615963543,-2.5452581247674098,-2.5452585293247476,4.045573378519407e-07,2.478686086638795,1.5894547967953143e-07,0.49337448481473906,181.67724645789713,,,,,,,,,,,,,,,,,,,,,,181.66275800205767,0.9738448399698713,2,,
rectangular,15,20,7,correlated-top,3.0,0.1,2.9620947338473727,0.01,0.060264122958760255,0.16247607522681662,Gurobi,TIME_LIMIT,,-4.50173489966792,-2.5335900573796173,-2.5335903094845564,2.521049391468466e-07,1.9681445901833632,9.950501397289282e-08,0.43719691053521337,177.94086625007913,,,,,,,,,,,,,,,,,,,,,,177.92631024867296,0.7768205580676574,6,,
rectangular,15,20,9,correlated-top,3.0,0.1,3.1344053661086315,0.01,0.01927388189133063,0.04767862128552247,Gurobi,TIME_LIMIT,,-4.7140291445390075,-2.426064080405346,-2.4260639068018834,-1.736034627164429e-07,2.287965237737124,7.155765757326462e-08,0.4853523742821212,188.13822141685523,,,,,,,,,,,,,,,,,,,,,,188.1234888760373,0.9430769296709544,4,,
