panel,n,m,seed,generator,condition,center_scale,prefiltered,screen_relative_gap,screen_absolute_gap,method,status,value,lower_bound,upper_bound,reference_upper_bound,max_distance_squared,bound_gap,relative_bound_gap,runtime,rank1_residual,relative_rank1_residual,rank1_eig_largest,rank1_eig_second,rank1_eig_ratio,sep_rank1_residual,relative_sep_rank1_residual,pd_gap,relative_pd_gap,x_trace,y_trace,x_ball,y_ball,primal_feasibility_violation,certification_gap,relative_certification_gap,max_skew_violation,fro_skew_violation,relative_max_skew_violation,relative_fro_skew_violation,lazy_cut_strategy,max_kron_violation,fro_kron_violation,relative_max_kron_violation,relative_fro_kron_violation,n_cuts,n_iters,n_rounds,full_constraint_count,gurobi_time_limit,gurobi_mip_gap,gurobi_sol_count
square,2,2,62,ellipsoids,5.0,1.0,True,0.013222900729182365,0.24434615866876186,Gurobi,OPTIMAL,-18.23466715869666,-18.234670534765932,-18.23466715869666,-18.23466715869666,19.639696387720527,3.376069273031135e-06,1.8514561404300533e-07,0.7174019999802113,,,,,,,,,,,,,,,,,,,,,,,,,,,,,,5.0,1.8513767731549293e-07,3
square,2,2,66,ellipsoids,5.0,1.0,True,0.015486894638404839,0.46363422085564565,Gurobi,OPTIMAL,-29.473563111520622,-29.473587154961578,-29.473563111520622,-29.473563111520622,30.812277962806863,2.4043440955523465e-05,8.157622901179844e-07,0.044698874931782484,,,,,,,,,,,,,,,,,,,,,,,,,,,,,,5.0,8.15762955225024e-07,1
square,2,2,401,ellipsoids,5.0,1.0,True,0.028215772613891132,1.3485614096655425,Gurobi,OPTIMAL,-46.446033057743136,-46.44605246309694,-46.446033057743136,-46.446033057743136,50.71381109693818,1.9405353803847447e-05,4.178041571835561e-07,0.038541791029274464,,,,,,,,,,,,,,,,,,,,,,,,,,,,,,5.0,4.178043317439428e-07,1
square,2,2,439,ellipsoids,5.0,1.0,True,0.015647404420285796,1.141126668955394,Gurobi,OPTIMAL,-71.78641059569158,-71.78643646015814,-71.78641059569158,-71.78641059569158,75.35139954131125,2.5864466564939903e-05,3.6029740213243235e-07,0.08252179156988859,,,,,,,,,,,,,,,,,,,,,,,,,,,,,,5.0,3.6029753194669713e-07,2
square,2,2,655,ellipsoids,5.0,1.0,True,0.03905921830848681,2.0115207907294277,Gurobi,OPTIMAL,-49.48773797176258,-49.48776680770578,-49.48773797176258,-49.48773797176258,52.66739871724745,2.8835943204796877e-05,5.826883099583877e-07,0.051685040816664696,,,,,,,,,,,,,,,,,,,,,,,,,,,,,,5.0,5.826886493406725e-07,1
square,2,2,952,ellipsoids,5.0,1.0,True,0.023013389197469532,0.9748775562332312,Gurobi,OPTIMAL,-41.38644297192371,-41.386472443080116,-41.38644297192371,-41.38644297192371,45.07520499065542,2.94711564094996e-05,7.120963607138067e-07,0.04226891603320837,,,,,,,,,,,,,,,,,,,,,,,,,,,,,,5.0,7.120968676237097e-07,1
square,2,2,3786,ellipsoids,5.0,1.0,True,0.01661543932337431,0.5931132902047551,Gurobi,OPTIMAL,-35.10340238184093,-35.10343689502838,-35.10340238184093,-35.10340238184093,36.018814402394376,3.451318745106846e-05,9.83185422962288e-07,0.08022812474519014,,,,,,,,,,,,,,,,,,,,,,,,,,,,,,5.0,9.831863894143999e-07,2
square,2,2,4077,ellipsoids,5.0,1.0,True,0.022752961811145687,0.4827971436580363,Gurobi,OPTIMAL,-20.736292822094683,-20.736304852353797,-20.736292822094683,-20.736292822094683,21.83142673603818,1.2030259114226283e-05,5.801544296288023e-07,0.04086370812729001,,,,,,,,,,,,,,,,,,,,,,,,,,,,,,5.0,5.801547663794882e-07,1
square,2,2,4109,ellipsoids,5.0,1.0,True,0.012695749150966598,0.5714037899762943,Gurobi,OPTIMAL,-44.43608518776474,-44.4361137383511,-44.43608518776474,-44.43608518776474,45.616558475718485,2.8550586357312113e-05,6.425086254262421e-07,0.058164041955024004,,,,,,,,,,,,,,,,,,,,,,,,,,,,,,5.0,6.425090380839388e-07,2
square,2,2,4420,ellipsoids,5.0,1.0,True,0.015230497875171174,0.4830789702132279,Gurobi,OPTIMAL,-31.234792249265773,-31.234792459005636,-31.234792249265773,-31.234792249265773,31.376054347151126,2.0973986281092039e-07,6.714943378804108e-09,0.06639333395287395,,,,,,,,,,,,,,,,,,,,,,,,,,,,,,5.0,5.499885077867003e-09,2
square,4,4,205,ellipsoids,5.0,1.0,True,0.03152195869608021,2.16853688682653,Gurobi,TIME_LIMIT,,-66.62642581373694,-66.62594722929504,-66.62594722929504,72.80721588690871,0.0004785844419075147,7.18310244114642e-06,5.001886249985546,,,,,,,,,,,,,,,,,,,,,,,,,,,,,,5.0,7.183154038477729e-06,1
square,4,4,397,ellipsoids,5.0,1.0,True,0.010752948489641393,0.4484902899678076,Gurobi,TIME_LIMIT,,-41.26558883161514,-41.26009693146736,-41.26009693146736,44.65745575403613,0.005491900147781337,0.00013308667835060147,5.002498417161405,,,,,,,,,,,,,,,,,,,,,,,,,,,,,,5.0,0.00013310439277245385,2
square,4,4,467,ellipsoids,5.0,1.0,True,0.03891133993154901,2.6076883050830304,Gurobi,TIME_LIMIT,,-64.4085851403093,-64.40846456115989,-64.40846456115989,70.28386391422255,0.00012057914941010495,1.8720974719042853e-06,5.002612041309476,,,,,,,,,,,,,,,,,,,,,,,,,,,,,,5.0,1.8721009766597908e-06,3
square,4,4,2062,ellipsoids,5.0,1.0,True,0.027890157711712948,1.208891489415464,Gurobi,TIME_LIMIT,,-42.13629587261441,-42.13584330596253,-42.13584330596253,53.30697075136512,0.00045256665188020406,1.0740541913043194e-05,5.00294016674161,,,,,,,,,,,,,,,,,,,,,,,,,,,,,,5.0,1.0740657273522815e-05,2
square,4,4,2170,ellipsoids,5.0,1.0,True,0.017957023460367177,1.3096634665324984,Gurobi,TIME_LIMIT,,-71.62374516403192,-71.62355229848822,-71.62355229848822,84.51157115108377,0.00019286554369557507,2.6927598278179466e-06,5.002081624697894,,,,,,,,,,,,,,,,,,,,,,,,,,,,,,5.0,2.6927670791897836e-06,1
square,4,4,2362,ellipsoids,5.0,1.0,True,0.012333055561321797,0.7195146704497262,Gurobi,OPTIMAL,-57.620826607686226,-57.62088192252934,-57.620826607686226,-57.620826607686226,67.09321200394247,5.531484311660506e-05,9.599791129711495e-07,2.940856209024787,,,,,,,,,,,,,,,,,,,,,,,,,,,,,,5.0,9.599800342853043e-07,1
square,4,4,2366,ellipsoids,5.0,1.0,True,0.015421007395172515,1.2632357641945902,Gurobi,OPTIMAL,-80.65331688528025,-80.65339523208985,-80.65331688528025,-80.65331688528025,100.6514206752685,7.834680960172591e-05,9.714012581401383e-07,3.375988957937807,,,,,,,,,,,,,,,,,,,,,,,,,,,,,,5.0,9.714022021138532e-07,2
square,4,4,2525,ellipsoids,5.0,1.0,True,0.0161905673315976,1.021664341981392,Gurobi,OPTIMAL,-62.080778028120505,-62.08083791236815,-62.080778028120505,-62.080778028120505,66.67848160351005,5.98842476478012e-05,9.646172581035777e-07,2.585372416768223,,,,,,,,,,,,,,,,,,,,,,,,,,,,,,5.0,9.646181887053846e-07,2
square,4,4,2915,ellipsoids,5.0,1.0,True,0.010424723037924188,0.6857028385460211,Gurobi,OPTIMAL,-65.0908972736581,-65.09095940333029,-65.0908972736581,-65.0908972736581,82.34727997204483,6.21296721874387e-05,9.54505399166999e-07,4.863121333997697,,,,,,,,,,,,,,,,,,,,,,,,,,,,,,5.0,9.545063102484256e-07,1
square,4,4,2988,ellipsoids,5.0,1.0,True,0.0211548893082596,0.8644710750936753,Gurobi,OPTIMAL,-39.999419181999556,-39.99945579981721,-39.999419181999556,-39.999419181999556,44.8253726407305,3.661781765629257e-05,9.154578962161757e-07,1.9791005002334714,,,,,,,,,,,,,,,,,,,,,,,,,,,,,,5.0,9.154587342801027e-07,1
square,6,6,27,ellipsoids,5.0,1.0,True,0.013428991240797578,1.0767769922887283,Gurobi,TIME_LIMIT,,-89.88270825505492,-79.10623697956163,-79.10623697956163,96.9343420942453,10.776471275493293,0.11989482164815872,5.002335374709219,,,,,,,,,,,,,,,,,,,,,,,,,,,,,,5.0,0.13622783344222955,1
square,6,6,99,ellipsoids,5.0,1.0,True,0.011859576068839235,0.9472003722912063,Gurobi,TIME_LIMIT,,-95.53586868624396,-78.92077861727434,-78.92077861727434,103.21712747080967,16.61509006896962,0.17391468039649488,5.002098666969687,,,,,,,,,,,,,,,,,,,,,,,,,,,,,,5.0,0.21052871449158378,1
square,6,6,534,ellipsoids,5.0,1.0,True,0.013261644789571906,0.8541367022102548,Gurobi,TIME_LIMIT,,-69.0342163743083,-63.5524068120522,-63.5524068120522,85.47280012502344,5.481809562256103,0.07940713823031396,5.002900875173509,,,,,,,,,,,,,,,,,,,,,,,,,,,,,,5.0,0.08625652177844033,1
square,6,6,632,ellipsoids,5.0,1.0,True,0.01130966934465458,0.49360640481415174,Gurobi,TIME_LIMIT,,-63.976319388202604,-43.151029859238136,-43.151029859238136,70.82915423394684,20.82528952896447,0.3255155927711075,5.0020286669023335,,,,,,,,,,,,,,,,,,,,,,,,,,,,,,5.0,0.48261396302470927,1
square,6,6,966,ellipsoids,5.0,1.0,True,0.033883403543391435,1.7271226420163543,Gurobi,TIME_LIMIT,,-56.450801609455645,-49.24540258864955,-49.24540258864955,62.26799254008958,7.205399020806098,0.12764033132169333,5.004054291639477,,,,,,,,,,,,,,,,,,,,,,,,,,,,,,5.0,0.14631617657780782,1
square,6,6,988,ellipsoids,5.0,1.0,True,0.01592212698650066,1.024522245016115,Gurobi,TIME_LIMIT,,-65.25085603512682,-63.32129322830231,-63.32129322830231,85.55139946989955,1.9295628068245065,0.02957145582558726,5.002591124735773,,,,,,,,,,,,,,,,,,,,,,,,,,,,,,5.0,0.030472574207660807,1
square,6,6,1394,ellipsoids,5.0,1.0,True,0.02372317563931983,0.8535969237911161,Gurobi,TIME_LIMIT,,-39.92465541414548,-35.12796544243473,-35.12796544243473,47.45553065708906,4.796689971710748,0.12014355344971268,5.002307708840817,,,,,,,,,,,,,,,,,,,,,,,,,,,,,,5.0,0.13654904038126586,1
square,6,6,1450,ellipsoids,5.0,1.0,True,0.014562658431833653,0.9845285153004255,Gurobi,TIME_LIMIT,,-70.60792159077354,-66.6218443120858,-66.6218443120858,80.52214983395366,3.9860772786877448,0.056453683791885076,5.003428833093494,,,,,,,,,,,,,,,,,,,,,,,,,,,,,,5.0,0.05983138593424754,1
square,6,6,2231,ellipsoids,5.0,1.0,True,0.03438081762057944,2.1273130509741307,Gurobi,TIME_LIMIT,,-60.78123883437626,-59.74768580596921,-59.74768580596921,66.09609399529366,1.0335530284070487,0.017004474542274356,5.002298458013684,,,,,,,,,,,,,,,,,,,,,,,,,,,,,,5.0,0.01729862863247184,3
square,6,6,2486,ellipsoids,5.0,1.0,True,0.023134373912648908,1.6688332468787195,Gurobi,TIME_LIMIT,,-81.28941957416022,-70.46768763671741,-70.46768763671741,91.73507053298843,10.821731937442806,0.1331259590009762,5.0032716249115765,,,,,,,,,,,,,,,,,,,,,,,,,,,,,,5.0,0.15357012980519774,1
square,8,8,65,ellipsoids,5.0,1.0,True,0.014657486758843916,1.0044141289340018,Gurobi,TIME_LIMIT,,-144.7796510181169,-67.52125779964315,-67.52125779964315,163.0050409022328,77.25839321847376,0.533627430893628,5.0021500419825315,,,,,,,,,,,,,,,,,,,,,,,,,,,,,,5.0,1.144208442439325,1
square,8,8,1386,ellipsoids,5.0,1.0,True,0.011050200406702355,0.7592175437504523,Gurobi,TIME_LIMIT,,-210.56207624085502,-67.94700639857359,-67.94700639857359,239.38930980245684,142.61506984228143,0.6773065330109528,5.0029342086054385,,,,,,,,,,,,,,,,,,,,,,,,,,,,,,5.0,2.0989161613053087,1
square,8,8,1421,ellipsoids,5.0,1.0,True,0.021865251561066244,1.8908539643921358,Gurobi,TIME_LIMIT,,-226.50349397754078,-84.58672252618487,-84.58672252775455,258.0136900985707,141.91677144978624,0.6265544471638842,5.003090291284025,,,,,,,,,,,,,,,,,,,,,,,,,,,,,,5.0,1.6777665242606354,1
square,8,8,1516,ellipsoids,5.0,1.0,True,0.014876764251167313,1.1066869196526596,Gurobi,TIME_LIMIT,,-185.8493439413517,-73.2836106590579,-73.2836106590579,196.24030825236915,112.56573328229379,0.6056827045771873,5.0028041251935065,,,,,,,,,,,,,,,,,,,,,,,,,,,,,,5.0,1.5360287555424994,2
square,8,8,1659,ellipsoids,5.0,1.0,True,0.01011262262218571,0.7122438110281024,Gurobi,TIME_LIMIT,,-181.96183922504827,-69.71892302254255,-69.71892302254255,190.84252855052145,112.24291620250571,0.6168486572818436,5.002463917247951,,,,,,,,,,,,,,,,,,,,,,,,,,,,,,5.0,1.609934739901442,1
square,8,8,2276,ellipsoids,5.0,1.0,True,0.02392809966491364,1.6152526491898556,Gurobi,TIME_LIMIT,,-140.9607702826594,-65.88917402111277,-65.88917402111277,152.40290718068772,75.07159626154665,0.5325708430154751,5.002104084007442,,,,,,,,,,,,,,,,,,,,,,,,,,,,,,5.0,1.1393616231627313,1
square,8,8,2404,ellipsoids,5.0,1.0,True,0.011890555507646455,0.94170708307729,Gurobi,TIME_LIMIT,,-208.1918527980779,-78.25619771386064,-78.25619771386064,219.1500773918131,129.93565508421725,0.6241149849905023,5.002362541854382,,,,,,,,,,,,,,,,,,,,,,,,,,,,,,5.0,1.6603880443989845,2
square,8,8,2796,ellipsoids,5.0,1.0,True,0.012032005724520511,0.7000243578488465,Gurobi,TIME_LIMIT,,-125.86635678186478,-57.48016387313234,-57.48016387313234,134.92834622948044,68.38619290873244,0.5433238448877209,5.003862082958221,,,,,,,,,,,,,,,,,,,,,,,,,,,,,,5.0,1.189735524409279,1
square,8,8,2958,ellipsoids,5.0,1.0,True,0.03198438804842131,2.336952095856134,Gurobi,TIME_LIMIT,,-160.05647635350314,-70.72844757095041,-70.72844757095041,182.74337896868897,89.32802878255274,0.5581031821871519,5.002896833233535,,,,,,,,,,,,,,,,,,,,,,,,,,,,,,5.0,1.26297171577171,2
square,8,8,3555,ellipsoids,5.0,1.0,True,0.015004274645833008,1.1445739605743768,Gurobi,TIME_LIMIT,,-152.40833629023209,-75.13861783585466,-75.13861783585466,165.1682205127835,77.26971845437743,0.50699141749853,5.002603457774967,,,,,,,,,,,,,,,,,,,,,,,,,,,,,,5.0,1.0283622547220432,1
square,10,10,273,ellipsoids,5.0,1.0,True,0.012917699591899933,1.195654369005311,Gurobi,TIME_LIMIT,,-323.65644460889064,-91.36373366282724,-91.36373366282724,342.23960803133383,232.29271094606338,0.7177138438468852,12.313242542091757,,,,,,,,,,,,,,,,,,,,,,,,,,,,,,12.310662501957268,2.5425045763051526,2
square,10,10,1289,ellipsoids,5.0,1.0,True,0.014310994173908262,1.0464046382392382,Gurobi,TIME_LIMIT,,-242.4064156511106,-72.07252934518998,-72.07252934518998,253.31404730858685,170.3338863059206,0.7026789528173126,13.597087500151247,,,,,,,,,,,,,,,,,,,,,,,,,,,,,,13.593803001567721,2.363367677719618,2
square,10,10,2626,ellipsoids,5.0,1.0,True,0.025643945843120835,1.8125853209665763,Gurobi,TIME_LIMIT,,-229.58317602718873,-68.87019228491481,-68.87019228491481,248.62026923184214,160.71298374227393,0.700020735505642,12.378068916965276,,,,,,,,,,,,,,,,,,,,,,,,,,,,,,12.37525962665677,2.3335637437660557,2
square,10,10,3432,ellipsoids,5.0,1.0,True,0.016548903826177797,1.0105469560675218,Gurobi,TIME_LIMIT,,-194.98288570141477,-60.05373661714374,-60.05373661714374,202.16616561161499,134.92914908427105,0.6920050885434814,16.135345791932195,,,,,,,,,,,,,,,,,,,,,,,,,,,,,,16.132347623817623,2.2468068880455343,1
square,10,10,3782,ellipsoids,5.0,1.0,True,0.014348078136100862,0.8693553151849471,Gurobi,TIME_LIMIT,,-193.8636133060241,-59.72101134845781,-59.72101134845781,201.7410509241205,134.14260195756628,0.6919431639077881,14.96453595906496,,,,,,,,,,,,,,,,,,,,,,,,,,,,,,14.961208250373602,2.2461542249322664,1
square,10,10,4627,ellipsoids,5.0,1.0,True,0.015715846301657524,1.006764693897992,Gurobi,TIME_LIMIT,,-203.6532824181469,-63.05371760999233,-63.05371760999233,226.10589698429374,140.59956480815455,0.6903869318416946,13.58261683396995,,,,,,,,,,,,,,,,,,,,,,,,,,,,,,13.579719000030309,2.2298378293538272,2
square,10,10,4911,ellipsoids,5.0,1.0,True,0.01846068641175169,1.3689685146703852,Gurobi,TIME_LIMIT,,-263.4485655834872,-72.78691519065751,-72.78691519065751,270.8469518861354,190.6616503928297,0.7237148927744257,12.531054916791618,,,,,,,,,,,,,,,,,,,,,,,,,,,,,,12.52888437313959,2.6194495245939753,1
square,10,10,5823,ellipsoids,5.0,1.0,True,0.02753153053940417,1.6603323085477157,Gurobi,TIME_LIMIT,,-202.9638286916675,-58.646242590053916,-58.646242590053916,215.8326541971984,144.31758610161359,0.7110507671830218,19.48167870938778,,,,,,,,,,,,,,,,,,,,,,,,,,,,,,19.479162000585347,2.4608155565978067,1
square,10,10,5903,ellipsoids,5.0,1.0,True,0.010088404001196738,0.7956602354249753,Gurobi,TIME_LIMIT,,-272.41770989958803,-78.0731316300267,-78.0731316300267,285.0092008831514,194.34457826956134,0.7134065488664297,14.029967207927257,,,,,,,,,,,,,,,,,,,,,,,,,,,,,,14.028072374872863,2.489263261406271,1
square,10,10,6260,ellipsoids,5.0,1.0,True,0.011754362878062896,0.8526352580115173,Gurobi,TIME_LIMIT,,-239.07205430216433,-71.6851336416356,-71.6851336416356,254.09930486862498,167.38692066052874,0.7001526010604635,17.178971624933183,,,,,,,,,,,,,,,,,,,,,,,,,,,,,,17.17673662584275,2.3350297635953403,1
square,15,15,278,ellipsoids,5.0,1.0,True,0.0222043792481665,1.6123779737084476,Gurobi,TIME_LIMIT,,-378.25095686248557,-71.00293613562823,-71.00293613562823,397.6962374214004,307.24802072685736,0.8122861691492256,2787.0131197921,,,,,,,,,,,,,,,,,,,,,,,,,,,,,,2786.953685750719,4.327257962120875,1
square,15,15,729,ellipsoids,5.0,1.0,True,0.0232694674173046,1.8477668737976245,Gurobi,TIME_LIMIT,,-432.1715191073474,-77.55958872487466,-77.55958872487466,455.3155458632188,354.6119303824728,0.8205351688027143,1493.272335417103,,,,,,,,,,,,,,,,,,,,,,,,,,,,,,1493.1994948745705,4.572122366976183,1
square,15,15,2620,ellipsoids,5.0,1.0,True,0.010927267371397445,0.9003004877519061,Gurobi,TIME_LIMIT,,-342.84923376509107,-81.48996755936098,-81.48996755936098,362.6875804593869,261.3592662057301,0.7623154450005415,1762.5797656248324,,,,,,,,,,,,,,,,,,,,,,,,,,,,,,1762.5463933744468,3.207256967127203,1
square,15,15,3869,ellipsoids,5.0,1.0,True,0.013088807596048432,1.3231845993744429,Gurobi,TIME_LIMIT,,-495.10725988906137,-99.76964525787848,-99.76964526038437,533.3462221314795,395.337614628677,0.7984888258702978,1392.6808322919533,,,,,,,,,,,,,,,,,,,,,,,,,,,,,,1392.7222562497482,3.962503962095262,2
square,15,15,4966,ellipsoids,5.0,1.0,True,0.02304534982123591,1.8414273564834218,Gurobi,TIME_LIMIT,,-387.6665703554273,-78.06308139390919,-78.06308139549816,417.9763173214877,309.60348895992917,0.79863344594318,1498.1489175418392,,,,,,,,,,,,,,,,,,,,,,,,,,,,,,1498.1607206244953,3.966067998254482,1
square,15,15,5317,ellipsoids,5.0,1.0,True,0.010028389759091427,0.8586013577717893,Gurobi,TIME_LIMIT,,-473.8038822759642,-84.75846961749698,-84.75846961749698,508.12295264229255,389.0454126584672,0.8211106477001597,1903.1852252078243,,,,,,,,,,,,,,,,,,,,,,,,,,,,,,1903.1870782510377,4.590047630805208,1
square,15,15,11664,ellipsoids,5.0,1.0,True,0.012737650054702884,1.0511974781400113,Gurobi,TIME_LIMIT,,-449.90923474957555,-81.47560092074498,-81.47560092074498,474.6241574418049,368.4336338288306,0.8189065824219074,1854.5484109581448,,,,,,,,,,,,,,,,,,,,,,,,,,,,,,1854.528591751121,4.522011862020171,1
square,15,15,14508,ellipsoids,5.0,1.0,True,0.012935707312071894,1.0213161587772106,Gurobi,TIME_LIMIT,,-466.46035313041125,-77.93193580790074,-77.93193580790074,486.1366707761524,388.5284173225105,0.8329291325942275,1178.3560350830667,,,,,,,,,,,,,,,,,,,,,,,,,,,,,,1178.335944999475,4.985483977713808,2
square,15,15,15664,ellipsoids,5.0,1.0,True,0.01002419413339861,0.8301400025205794,Gurobi,TIME_LIMIT,,-421.16445535285055,-81.98349982269555,-81.98349982461714,446.23444156147366,339.1809555282334,0.805340885768882,1252.3678897498176,,,,,,,,,,,,,,,,,,,,,,,,,,,,,,1252.3487872495316,4.137185607636858,1
square,15,15,16969,ellipsoids,5.0,1.0,True,0.01931815105298259,1.6568817727881537,Gurobi,TIME_LIMIT,,-409.802286726938,-84.1112524675921,-84.1112524675921,451.65474552198543,325.6910342593459,0.7947516273289181,1589.2969040418975,,,,,,,,,,,,,,,,,,,,,,,,,,,,,,1589.2751400000416,3.872145815268108,1
square,2,2,62,ellipsoids,5.0,1.0,True,0.013222900729182365,0.24434615866876186,Shor,Optimal,-18.47901331736542,-18.47901331736542,-7.815541752776543,,19.884039170320015,10.663471564588878,0.577058492325887,0.007076875073835254,1.2813376572572304,0.8204226818088333,1.9339064882460022,1.0660935092166557,1.8140120651020548,,,-4.859594682216084e-08,2.629791211660279e-09,1.0000000046900763,1.0000000044394384,0.5384504421782015,0.18021189579535818,0.0,10.663471564588878,0.577058492325887,,,,,,,,,,,,,,,,
square,2,2,62,ellipsoids,5.0,1.0,True,0.013222900729182365,0.24434615866876186,KRON,Optimal,-18.234667157216034,-18.234667157216034,-18.234666415779554,,19.639693010170628,7.414364802116324e-07,4.066081787065812e-08,0.0034990839194506407,8.548847477166373e-08,4.274423811422506e-08,2.9999999470877823,5.139256991925144e-08,58374195.95481243,,,-2.9125445166755526e-08,1.5972567481293272e-09,1.0000000027913205,1.000000002650172,0.9999999695186985,0.9999999398991557,0.0,7.414364802116324e-07,4.066081787065812e-08,,,,,,,,,,,,,,,,
square,2,2,62,ellipsoids,5.0,1.0,True,0.013222900729182365,0.24434615866876186,Lazy KRON,Optimal,-18.234667562050134,-18.234667562050134,-18.234644354119148,,19.63969341500473,2.320793098675722e-05,1.2727367201943076e-06,0.004454375011846423,2.7874031796755295e-06,1.3937021132042531e-06,2.9999985697023233,1.431821083452022e-06,2095232.8502312128,,,-4.9429715431870136e-08,2.7107549541919217e-09,1.0000000047452717,1.0000000047818856,0.9999992030241909,0.9999980085651898,0.0,2.320793098675722e-05,1.2727367201943076e-06,,,,,,3.0115220809312877e-07,3.0115220809312877e-07,6.02304661127321e-08,6.02304661127321e-08,4,5,5,,,,
square,2,2,62,ellipsoids,5.0,1.0,True,0.013222900729182365,0.24434615866876186,Full SEP,Optimal,-18.23466717703332,-18.23466717703332,-18.23466688012241,,19.639693029987914,2.9691090830397115e-07,1.6282770912206852e-08,0.0033246250823140144,3.529914608365015e-08,1.7649573135510173e-08,2.9999999817309644,2.0957709943108448e-08,143145409.96486396,1.554830607057286e-08,1.554830607057286e-08,-3.2893396451072476e-08,1.8038934372491274e-09,1.0000000029445957,1.0000000031527265,0.9999999898577747,0.999999976534455,0.0,2.9691090830397115e-07,1.6282770912206852e-08,,,,,,,,,,,,,1,,,
square,2,2,62,ellipsoids,5.0,1.0,True,0.013222900729182365,0.24434615866876186,Lazy SEP,Optimal,-18.2346671629805,-18.2346671629805,-18.234666317937865,,19.639693015935094,8.450426349781992e-07,4.634264104879197e-08,0.0029810420237481594,1.0198421941177613e-07,5.099211085253627e-08,2.9999999357027374,6.588806055808619e-08,45531768.73460967,4.458995709805127e-08,4.458995709805127e-08,-4.156898114615615e-08,2.279667666791764e-09,1.0000000035649261,1.0000000037679386,0.9999999712327008,0.9999999259640167,0.0,8.450426349781992e-07,4.634264104879197e-08,2.1174445669069897e-09,2.1174445669069897e-09,2.1174445669069897e-09,2.1174445669069897e-09,coordinate,,,,,0,1,1,1,,,
square,2,2,66,ellipsoids,5.0,1.0,True,0.015486894638404839,0.46363422085564565,Shor,Optimal,-29.937197332376268,-29.937197332376268,-12.695696424665691,,31.275888140221554,17.241500907710577,0.5759223455785676,0.0011684999335557222,1.314654351222555,0.7933611243325429,2.055234145788222,0.9447658540172763,2.1753899519643722,,,-5.702183614175738e-09,1.9047152446728807e-10,1.0000000003319829,1.00000000030782,0.545484868020133,0.1398607804282304,0.0,17.241500907710577,0.5759223455785676,,,,,,,,,,,,,,,,
square,2,2,66,ellipsoids,5.0,1.0,True,0.015486894638404839,0.46363422085564565,KRON,Optimal,-29.47356317260451,-29.47356317260451,-29.47356242680212,,30.812253980449796,7.45802392287942e-07,2.530411365332172e-08,0.003035791916772723,5.216275128043727e-08,2.6081375849362583e-08,2.9999999713894145,3.0730202104166076e-08,97623828.22020902,,,-1.2829537254788193e-07,4.352896587241669e-09,1.0000000076407778,1.0000000072725137,0.9999999832112619,0.9999999630411341,0.0,7.45802392287942e-07,2.530411365332172e-08,,,,,,,,,,,,,,,,
square,2,2,66,ellipsoids,5.0,1.0,True,0.015486894638404839,0.46363422085564565,Lazy KRON,Optimal,-29.473563282526968,-29.473563282526968,-29.473561888527094,,30.812254090372253,1.393999873755547e-06,4.7296618342104644e-08,0.0040218341164290905,1.0400998968470253e-07,5.200499503756713e-08,2.9999999631294765,4.715623191310811e-08,63618313.877525076,,,-1.7349737646554786e-07,5.88654228205938e-09,1.0000000104672855,1.0000000100495934,0.9999999761592755,0.9999999285759182,0.0,1.393999873755547e-06,4.7296618342104644e-08,,,,,,1.7206059400887966e-08,1.7206059400887966e-08,3.4412119243427704e-09,3.4412119243427704e-09,4,5,5,,,,
square,2,2,66,ellipsoids,5.0,1.0,True,0.015486894638404839,0.46363422085564565,Full SEP,Optimal,-29.473563131046962,-29.473563131046962,-29.473562704180498,,30.812253938892248,4.2686646395395655e-07,1.448302880978454e-08,0.0031150830909609795,3.0899488766825996e-08,1.5449744435940145e-08,2.999999984725208,1.4763669901651871e-08,203201507.80325598,1.200008436448531e-08,1.200008436448531e-08,-9.347612106580527e-08,3.171524279239217e-09,1.0000000052940747,1.0000000051939537,0.9999999922448428,0.9999999755421035,0.0,4.2686646395395655e-07,1.448302880978454e-08,,,,,,,,,,,,,1,,,
square,2,2,66,ellipsoids,5.0,1.0,True,0.015486894638404839,0.46363422085564565,Lazy SEP,Optimal,-29.47356313183805,-29.47356313183805,-29.473562577389778,,30.812253939683334,5.544482704067377e-07,1.8811715024974685e-08,0.0027788749430328608,4.105883801461687e-08,2.0529419137838574e-08,2.9999999769944536,2.233348604919336e-08,134327438.6446628,1.5836234055486295e-08,1.5836234055486295e-08,-9.087756680514758e-08,3.083358683123706e-09,1.0000000051754145,1.0000000050215219,0.9999999908815154,0.9999999655303333,0.0,5.544482704067377e-07,1.8811715024974685e-08,5.745612097207697e-09,5.745612097207697e-09,5.745612097207697e-09,5.745612097207697e-09,coordinate,,,,,0,1,1,1,,,
square,2,2,401,ellipsoids,5.0,1.0,True,0.028215772613891132,1.3485614096655425,Shor,Optimal,-47.79459446740868,-47.79459446740868,-12.83694007365783,,52.06235310124992,34.95765439375085,0.7314143949393401,0.0013262920547276735,1.619100590295326,0.9262609275593074,1.8983023766214737,1.101697622875713,1.723070230165713,,,-8.484395408459022e-08,1.7751788676111824e-09,1.0000000031237586,1.000000002785101,0.29909838505003394,0.0818010235680036,0.0,34.95765439375085,0.7314143949393401,,,,,,,,,,,,,,,,
square,2,2,401,ellipsoids,5.0,1.0,True,0.028215772613891132,1.3485614096655425,KRON,Optimal,-46.446033123261174,-46.446033123261174,-46.446030411969815,,50.71379175710241,2.7112913585369824e-06,5.837508988855088e-08,0.002813916187733412,1.2067865452119415e-07,6.033932748449646e-08,2.9999999539035502,4.3016424401208024e-08,69740802.3949871,,,-1.820503285898667e-07,3.9196098428197516e-09,1.0000000082280986,1.0000000076079518,0.9999999459056104,0.9999999304672911,0.0,2.7112913585369824e-06,5.837508988855088e-08,,,,,,,,,,,,,,,,
square,2,2,401,ellipsoids,5.0,1.0,True,0.028215772613891132,1.3485614096655425,Lazy KRON,Optimal,-46.44603392896423,-46.44603392896423,-46.44600524646103,,50.71379256280547,2.868250320631205e-05,6.175447240593204e-07,0.0033335001207888126,1.3942707804900999e-06,6.971354341764227e-07,2.9999994512083505,5.49018866956861e-07,5464292.088606992,,,-3.279760818486466e-08,7.061444306531354e-10,1.0000000014807138,1.0000000011036703,0.9999995373181396,0.9999990684734275,0.0,2.868250320631205e-05,6.175447240593204e-07,,,,,,1.9342732155773864e-07,1.9342732155773864e-07,3.8685471282535304e-08,3.8685471282535304e-08,3,4,4,,,,
square,2,2,401,ellipsoids,5.0,1.0,True,0.028215772613891132,1.3485614096655425,Full SEP,Optimal,-46.446033079572686,-46.446033079572686,-46.44603250738923,,50.713791713413926,5.721834526184466e-07,1.2319318027401079e-08,0.0029789998661726713,2.4971445385449098e-08,1.2485722699124726e-08,2.9999999912007764,9.431692655371638e-09,318076521.44943297,1.1707308174159208e-08,1.1707308174159208e-08,-6.874486757624254e-08,1.4801020241807702e-09,1.000000003057244,1.0000000026135645,0.9999999884858242,0.9999999869526206,0.0,5.721834526184466e-07,1.2319318027401079e-08,,,,,,,,,,,,,1,,,
square,2,2,401,ellipsoids,5.0,1.0,True,0.028215772613891132,1.3485614096655425,Lazy SEP,Optimal,-46.44603307580994,-46.44603307580994,-46.446032484386194,,50.71379170965118,5.914237490856067e-07,1.2733568615435372e-08,0.002994250040501356,2.6217108194596397e-08,1.310855411190056e-08,2.999999989655171,1.0259044542512415e-08,292424891.7356273,1.2633796064168153e-08,1.2633796064168153e-08,-8.386515304437125e-08,1.8056472747088054e-09,1.0000000031132958,1.0000000026043052,0.9999999889807304,0.9999999844313521,0.0,5.914237490856067e-07,1.2733568615435372e-08,5.377947184803666e-10,5.377947184803666e-10,5.377947184803666e-10,5.377947184803666e-10,coordinate,,,,,0,1,1,1,,,
square,2,2,439,ellipsoids,5.0,1.0,True,0.015647404420285796,1.141126668955394,Shor,Optimal,-72.92753726464697,-72.92753726464697,-15.40869299790325,,76.49250034580008,57.51884426674372,0.7887122810415688,0.0011426671408116817,1.6821832110128925,0.976139034311516,1.729571770029305,1.2704282248721823,1.3614084890181946,,,-4.3437074737084913e-07,5.956196570776273e-09,1.0000000112375838,1.0000000105600757,0.1016471987375914,0.21616958091097258,0.0,57.51884426674372,0.7887122810415688,,,,,,,,,,,,,,,,
square,2,2,439,ellipsoids,5.0,1.0,True,0.015647404420285796,1.141126668955394,KRON,Optimal,-71.78641065687172,-71.78641065687172,-71.78631543502685,,75.35137373802483,9.52218448730946e-05,1.3264605933320825e-06,0.002838833024725318,2.788041511288251e-06,1.3940209701796974e-06,2.9999988646218405,1.1342121471813625e-06,2645006.8200002583,,,-1.20392982694284e-07,1.6770999078048965e-09,1.0000000034213612,1.0000000033566872,0.9999984948932976,0.9999987145712517,0.0,9.52218448730946e-05,1.3264605933320825e-06,,,,,,,,,,,,,,,,
square,2,2,439,ellipsoids,5.0,1.0,True,0.015647404420285796,1.141126668955394,Lazy KRON,Optimal,-71.78641360152314,-71.78641360152314,-71.78518020725929,,75.35137668267625,0.0012333942638491635,1.7181444259014965e-05,0.0046038751024752855,3.616122050802361e-05,1.808064820550911e-05,2.9999851490009948,1.4856158965988642e-05,201935.4501973958,,,-2.434721153576902e-07,3.3916183180451334e-09,1.0000000053693245,1.000000006512369,0.9999808536433273,0.9999829887953489,0.0,0.0012333942638491635,1.7181444259014965e-05,,,,,,4.138990141168328e-07,4.138990141168328e-07,8.278019091528523e-08,8.278019091528523e-08,4,5,5,,,,
square,2,2,439,ellipsoids,5.0,1.0,True,0.015647404420285796,1.141126668955394,Full SEP,Optimal,-71.78641063567315,-71.78641063567315,-71.78622034413667,,75.35137371682626,0.0001902915364837554,2.650801660073431e-06,0.003091291058808565,5.579464193188799e-06,2.789732960479907e-06,2.99999772736449,2.27316296344695e-06,1319745.9995632656,2.7806455596854084e-06,2.7806455596854084e-06,-5.3810651934327325e-08,7.495938501149541e-10,1.0000000012865076,1.0000000012393266,0.9999969880332301,0.9999974327284347,0.0,0.0001902915364837554,2.650801660073431e-06,,,,,,,,,,,,,1,,,
square,2,2,439,ellipsoids,5.0,1.0,True,0.015647404420285796,1.141126668955394,Lazy SEP,Optimal,-71.7864106471592,-71.7864106471592,-71.78629777766446,,75.35137372831231,0.00011286949474254016,1.572296117399021e-06,0.00296512502245605,3.308897112429898e-06,1.6544488632343506e-06,2.99999864969508,1.3509037057547386e-06,2220734.636314441,1.6490518942781273e-06,1.6490518942781273e-06,-5.591093099610589e-08,7.788511849536031e-10,1.0000000013350976,1.0000000012868226,0.9999982143612931,0.9999984770124222,0.0,0.00011286949474254016,1.572296117399021e-06,4.061304487157358e-10,4.061304487157358e-10,4.061304487157358e-10,4.061304487157358e-10,coordinate,,,,,0,1,1,1,,,
square,2,2,655,ellipsoids,5.0,1.0,True,0.03905921830848681,2.0115207907294277,Shor,Optimal,-51.499258762492005,-51.499258762492005,-13.199516573580906,,54.678890672033674,38.2997421889111,0.743695018321421,0.0011117500253021717,1.6227786854147728,0.9576237508687805,1.751072247566354,1.2489277521811748,1.4020604830889658,,,-1.4815874749274371e-08,2.8769102906127817e-10,1.0000000004763843,1.0000000005234502,0.13519508287113066,0.24202623129052647,0.0,38.2997421889111,0.743695018321421,,,,,,,,,,,,,,,,
square,2,2,655,ellipsoids,5.0,1.0,True,0.03905921830848681,2.0115207907294277,KRON,Optimal,-49.487737995158035,-49.487737995158035,-49.48773551530803,,52.667369904699704,2.4798500035672078e-06,5.011039307979363e-08,0.0027289590798318386,1.0298173864723857e-07,5.1490869460947715e-08,2.9999999619027666,3.758574460977196e-08,79817494.45301114,,,-5.701184591089259e-08,1.1520398430106206e-09,1.0000000021946016,1.000000001588376,0.9999999475165992,0.9999999493311102,0.0,2.4798500035672078e-06,5.011039307979363e-08,,,,,,,,,,,,,,,,
square,2,2,655,ellipsoids,5.0,1.0,True,0.03905921830848681,2.0115207907294277,Lazy KRON,Optimal,-49.48773917056051,-49.48773917056051,-49.48770085858543,,52.66737108010218,3.831197508219475e-05,7.74171051745802e-07,0.003912667045369744,1.7157491323739776e-06,8.578746329180136e-07,2.999999324207947,6.754521215980802e-07,4441468.504251825,,,-1.697665652500291e-08,3.4304772878171934e-10,1.000000000256557,1.0000000007470944,0.9999988879445425,0.9999993956242379,0.0,3.831197508219475e-05,7.74171051745802e-07,,,,,,2.1922937323655247e-07,2.1922937323655247e-07,4.384588433185389e-08,4.384588433185389e-08,4,5,5,,,,
square,2,2,655,ellipsoids,5.0,1.0,True,0.03905921830848681,2.0115207907294277,Full SEP,Optimal,-49.48773797664137,-49.48773797664137,-49.48773717819456,,52.66736988618304,7.984468126664979e-07,1.613423537449563e-08,0.0031392499804496765,3.244528915376607e-08,1.6222644610271143e-08,2.999999985676213,1.220321687118713e-08,245836816.41842136,1.5643568486930186e-08,1.5643568486930186e-08,-4.1912116444109415e-08,8.469192199468137e-10,1.000000001361048,1.0000000014886399,0.9999999800890036,0.9999999851566435,0.0,7.984468126664979e-07,1.613423537449563e-08,,,,,,,,,,,,,1,,,
square,2,2,655,ellipsoids,5.0,1.0,True,0.03905921830848681,2.0115207907294277,Lazy SEP,Optimal,-49.48773797764828,-49.48773797764828,-49.4877370375476,,52.66736988718995,9.401006764164777e-07,1.8996638659077228e-08,0.0027819168753921986,3.837683299770198e-08,1.9188416549291562e-08,2.9999999826758232,1.4484683200379299e-08,207115332.87778533,1.8313834182230203e-08,1.8313834182230203e-08,-4.948893206346838e-08,1.0000241289230202e-09,1.000000001546703,1.0000000016753168,0.9999999755601838,0.9999999829862596,0.0,9.401006764164777e-07,1.8996638659077228e-08,5.577118766808553e-10,5.577118766808553e-10,5.577118766808553e-10,5.577118766808553e-10,coordinate,,,,,0,1,1,1,,,
square,2,2,952,ellipsoids,5.0,1.0,True,0.023013389197469532,0.9748775562332312,Shor,Optimal,-42.36132052815694,-42.36132052815694,-24.001503397348436,,46.050053075732244,18.3598171308085,0.4334099339184907,0.001192708034068346,1.068609417537743,0.752830129416792,1.9345325904378714,1.0654674083284956,1.8156656649617884,,,-8.186931665932207e-08,1.9326431668933635e-09,1.0000000035534071,1.0000000038221928,0.2197870372844276,0.7116035387236925,0.0,18.3598171308085,0.4334099339184907,,,,,,,,,,,,,,,,
square,2,2,952,ellipsoids,5.0,1.0,True,0.023013389197469532,0.9748775562332312,KRON,Optimal,-41.38644298905299,-41.38644298905299,-41.38644264623817,,45.075175536628294,3.4281481475773035e-07,8.283263551989895e-09,0.0025222499389201403,2.0802033170682592e-08,1.0401016640609398e-08,2.999999985885169,1.4791371160982715e-08,202820952.38058063,,,-2.548610922303851e-08,6.158081579946305e-10,1.0000000011902024,1.0000000012809076,0.9999999811602528,0.9999999977486467,0.0,3.4281481475773035e-07,8.283263551989895e-09,,,,,,,,,,,,,,,,
square,2,2,952,ellipsoids,5.0,1.0,True,0.023013389197469532,0.9748775562332312,Lazy KRON,Optimal,-41.38644299934429,-41.38644299934429,-41.38644235666635,,45.075175546919596,6.426779393109427e-07,1.5528706811578976e-08,0.003821041900664568,4.1141802679930183e-08,2.057090152736026e-08,2.999999974622966,2.7472530862002762e-08,109199985.6035202,,,-4.125912766994588e-08,9.969237431349095e-10,1.000000001886028,1.0000000019358057,0.9999999647539684,0.99999999570057,0.0,6.426779393109427e-07,1.5528706811578976e-08,,,,,,6.2635839256546e-10,6.2635839256546e-10,1.2527167941318206e-10,1.2527167941318206e-10,3,4,4,,,,
square,2,2,952,ellipsoids,5.0,1.0,True,0.023013389197469532,0.9748775562332312,Full SEP,Optimal,-41.386443059217726,-41.386443059217726,-41.38644139193995,,45.07517560679303,1.667277778949483e-06,4.028560213700562e-08,0.0028401250019669533,9.721490789381293e-08,4.8607455253902383e-08,2.9999999313718617,7.239186727973517e-08,41441118.23748548,3.234579980601354e-08,3.234579980601354e-08,-2.0215253471178585e-07,4.8845109598458655e-09,1.000000007983924,1.0000000086175789,0.9999999210614043,0.9999999806085186,0.0,1.667277778949483e-06,4.028560213700562e-08,,,,,,,,,,,,,1,,,
square,2,2,952,ellipsoids,5.0,1.0,True,0.023013389197469532,0.9748775562332312,Lazy SEP,Optimal,-41.38644301717502,-41.38644301717502,-41.38643826721451,,45.075175564750324,4.749960510253004e-06,1.1477092893152985e-07,0.002700332785025239,2.920287355782627e-07,1.4601437976185002e-07,2.9999997902738835,2.0820091659081142e-07,14409157.459042057,9.406249797648415e-08,9.406249797648415e-08,-1.0704771113978495e-07,2.5865405030183694e-09,1.0000000045204616,1.0000000049168647,0.9999997436061396,0.9999999550169948,0.0,4.749960510253004e-06,1.1477092893152985e-07,1.0820952189849464e-08,1.0820952189849464e-08,1.0820952189849464e-08,1.0820952189849464e-08,coordinate,,,,,0,1,1,1,,,
square,2,2,3786,ellipsoids,5.0,1.0,True,0.01661543932337431,0.5931132902047551,Shor,Optimal,-35.696515672045685,-35.696515672045685,-9.479956001557092,,36.61189317941168,26.216559670488593,0.7344290941824065,0.0011015001218765974,1.5519621788394733,0.9067466631651425,1.903456487205347,1.0965435124535148,1.7358695442430419,,,-8.789953653831617e-09,2.462412223811279e-10,1.0000000004420933,1.0000000003915992,0.2950424571168617,0.15299536348767578,0.0,26.216559670488593,0.7344290941824065,,,,,,,,,,,,,,,,
square,2,2,3786,ellipsoids,5.0,1.0,True,0.01661543932337431,0.5931132902047551,KRON,Optimal,-35.10340248253374,-35.10340248253374,-35.10339465018012,,36.018779989899734,7.832353617232002e-06,2.2312234892697695e-07,0.0027685000095516443,4.4668426758453965e-07,2.2334213902778323e-07,2.9999998159750443,1.7508720548495946e-07,17134317.768483397,,,-2.5818137316946377e-07,7.354881718315655e-09,1.0000000124290593,1.000000012469707,0.9999997828405403,0.9999997588290098,0.0,7.832353617232002e-06,2.2312234892697695e-07,,,,,,,,,,,,,,,,
square,2,2,3786,ellipsoids,5.0,1.0,True,0.01661543932337431,0.5931132902047551,Lazy KRON,Optimal,-35.10340307531007,-35.10340307531007,-35.103361703484154,,36.018780582676065,4.137182591534838e-05,1.1785702322532712e-06,0.004027916118502617,2.4613654883515238e-06,1.230682928922071e-06,2.9999989793465827,1.0207761536133313e-06,2938939.128551565,,,-1.609657118706309e-08,4.585473138467476e-10,1.0000000004422582,1.0000000010917434,0.99999907629556,0.9999984623511595,0.0,4.137182591534838e-05,1.1785702322532712e-06,,,,,,2.711822405696665e-07,2.711822405696665e-07,5.423646555569563e-08,5.423646555569563e-08,4,5,5,,,,
square,2,2,3786,ellipsoids,5.0,1.0,True,0.01661543932337431,0.5931132902047551,Full SEP,Optimal,-35.1034023882965,-35.1034023882965,-35.10340066698968,,36.0187798956625,1.7213068232990736e-06,4.903532723861999e-08,0.0029131670016795397,9.85567434856199e-08,4.927837194921441e-08,2.999999960497985,3.677652383587785e-08,81573777.17062245,4.858338078164342e-08,4.858338078164342e-08,-4.90961440391402e-08,1.3986149688871437e-09,1.000000002434628,1.00000000244819,0.9999999526353621,0.9999999456170194,0.0,1.7213068232990736e-06,4.903532723861999e-08,,,,,,,,,,,,,1,,,
square,2,2,3786,ellipsoids,5.0,1.0,True,0.01661543932337431,0.5931132902047551,Lazy SEP,Optimal,-35.10340239788503,-35.10340239788503,-35.10339462514278,,36.01877990525102,7.772742243616904e-06,2.2142418434303137e-07,0.002871457953006029,4.5184981040592996e-07,2.259249088588158e-07,2.9999998253356805,1.68373294672996e-07,17817551.359092254,2.2365960095328064e-07,2.2365960095328064e-07,-1.2662771098348458e-07,3.607277424228082e-09,1.000000005860262,1.0000000058193597,0.999999782489893,0.9999997582410965,0.0,7.772742243616904e-06,2.2142418434303137e-07,5.345281786639511e-09,5.345281786639511e-09,5.345281786639511e-09,5.345281786639511e-09,coordinate,,,,,0,1,1,1,,,
square,2,2,4077,ellipsoids,5.0,1.0,True,0.022752961811145687,0.4827971436580363,Shor,Optimal,-21.21908996575272,-21.21908996575272,-7.763260107862152,,22.3142118494371,13.455829857890567,0.6341379333236282,0.0010802499018609524,1.390658439840225,0.880938490924569,1.8245713372695438,1.175428657627934,1.552260382141446,,,-9.175988679999136e-08,4.3244025520458415e-09,1.000000007648666,1.0000000068823574,0.3281610390758883,0.28118051126026566,0.0,13.455829857890567,0.6341379333236282,,,,,,,,,,,,,,,,
square,2,2,4077,ellipsoids,5.0,1.0,True,0.022752961811145687,0.4827971436580363,KRON,Optimal,-20.73629282507156,-20.73629282507156,-20.73629038874199,,21.83141470875594,2.4363295700879917e-06,1.1749108631135393e-07,0.002918875077739358,2.2851604750818313e-07,1.1425802808101452e-07,2.999999864025158,1.1877141722320151e-07,25258601.22042158,,,-7.65268914904027e-08,3.6904808461171324e-09,1.000000006471602,1.000000007223478,0.9999998913829432,0.9999998521696092,0.0,2.4363295700879917e-06,1.1749108631135393e-07,,,,,,,,,,,,,,,,
square,2,2,4077,ellipsoids,5.0,1.0,True,0.022752961811145687,0.4827971436580363,Lazy KRON,Optimal,-20.736293171459174,-20.736293171459174,-20.736280475090208,,21.831415055143555,1.2696368965947613e-05,6.122776554597773e-07,0.003839125158265233,1.2834174919207457e-06,6.417088384555744e-07,2.999999376259038,6.215560501013451e-07,4826595.084658715,,,-1.8169816939916927e-07,8.762326414696592e-09,1.0000000144127816,1.000000015779371,0.9999994612882649,0.9999992456767611,0.0,1.2696368965947613e-05,6.122776554597773e-07,,,,,,1.0618446830779861e-07,1.0618446830779861e-07,2.1236897463615513e-08,2.1236897463615513e-08,4,5,5,,,,
square,2,2,4077,ellipsoids,5.0,1.0,True,0.022752961811145687,0.4827971436580363,Full SEP,Optimal,-20.736292825708784,-20.736292825708784,-20.736291687126567,,21.831414709393165,1.1385822169529547e-06,5.4907703441636605e-08,0.003025125013664365,1.1168454912803295e-07,5.584227529204838e-08,2.999999943020449,5.227177177776293e-08,57392352.33454793,5.4661060029259325e-08,5.4661060029259325e-08,-3.4341319121722336e-08,1.6560973270567479e-09,1.0000000025589606,1.0000000024123537,0.9999999456949167,0.9999999355743484,0.0,1.1385822169529547e-06,5.4907703441636605e-08,,,,,,,,,,,,,1,,,
square,2,2,4077,ellipsoids,5.0,1.0,True,0.022752961811145687,0.4827971436580363,Lazy SEP,Optimal,-20.73629283938748,-20.73629283938748,-20.736287076144574,,21.831414723071862,5.763242906908772e-06,2.779302429584617e-07,0.002784790936857462,5.748652599199063e-07,2.8743264912104143e-07,2.999999710915033,2.7211587109223213e-07,11024714.21043354,2.8275310958497304e-07,2.8275310958497304e-07,-1.0977915820831186e-07,5.294059022921985e-09,1.000000007872029,1.000000008662956,0.9999997198450529,0.9999996795567958,0.0,5.763242906908772e-06,2.779302429584617e-07,1.4583040083664123e-08,1.4583040083664123e-08,1.4583040083664123e-08,1.4583040083664123e-08,coordinate,,,,,0,1,1,1,,,
square,2,2,4109,ellipsoids,5.0,1.0,True,0.012695749150966598,0.5714037899762943,Shor,Optimal,-45.00748897774103,-45.00748897774103,-25.071730377890663,,46.18793371510842,19.93575859985037,0.4429431424114735,0.0011595410760492086,1.005567120768828,0.7087755088886406,2.000841665878424,0.999158330232725,2.002527132423933,,,-9.816083945679566e-08,2.180989023967594e-09,1.0000000035722174,1.0000000034769194,0.7494904597745942,0.24494240799481581,0.0,19.93575859985037,0.4429431424114735,,,,,,,,,,,,,,,,
square,2,2,4109,ellipsoids,5.0,1.0,True,0.012695749150966598,0.5714037899762943,KRON,Optimal,-44.43608520981908,-44.43608520981908,-44.43608449080548,,45.61652994718647,7.19013605987584e-07,1.6180849473857408e-08,0.002739582909271121,3.5948993552169946e-08,1.7974496950578032e-08,2.999999974712711,2.5652827248256366e-08,116946173.05453621,,,-3.483093280465255e-08,7.838434155526357e-10,1.00000000140477,1.0000000012922525,0.9999999961999851,0.9999999667099329,0.0,7.19013605987584e-07,1.6180849473857408e-08,,,,,,,,,,,,,,,,
square,2,2,4109,ellipsoids,5.0,1.0,True,0.012695749150966598,0.5714037899762943,Lazy KRON,Optimal,-44.43608638257568,-44.43608638257568,-44.436044135355395,,45.61653111994307,4.224722028567385e-05,9.507412493967935e-07,0.0026740001048892736,2.1757971616766702e-06,1.087899479153748e-06,2.9999981729656877,1.8269593817837687e-06,1642071.6316290577,,,-2.9131605572274566e-08,6.555844122154213e-10,1.0000000014728319,1.000000000939275,0.9999996966468527,0.999998125605354,0.0,4.224722028567385e-05,9.507412493967935e-07,,,,,,4.0642056548673197e-07,4.0642056548673197e-07,8.128415128531036e-08,8.128415128531036e-08,2,3,3,,,,
square,2,2,4109,ellipsoids,5.0,1.0,True,0.012695749150966598,0.5714037899762943,Full SEP,Optimal,-44.43608524143227,-44.43608524143227,-44.43608115107196,,45.616529978799655,4.090360306463481e-06,9.205041992874798e-08,0.002922582905739546,1.9744040815428125e-07,9.872021012160039e-08,2.99999984741433,1.48681516344352e-07,20177355.74115492,5.4910565009763264e-08,5.4910565009763264e-08,-1.6693044102567e-07,3.7566414799750145e-09,1.0000000061640364,1.0000000060987924,0.999999966324164,0.9999998208378875,0.0,4.090360306463481e-06,9.205041992874798e-08,,,,,,,,,,,,,1,,,
square,2,2,4109,ellipsoids,5.0,1.0,True,0.012695749150966598,0.5714037899762943,Lazy SEP,Optimal,-44.43608523297936,-44.43608523297936,-44.43608410684485,,45.61652997034675,1.1261345065349815e-06,2.5342792926753872e-08,0.0027325840201228857,5.412131292120629e-08,2.7060656921527092e-08,2.99999995816087,4.1694308009494354e-08,71952266.42153959,1.558124624816707e-08,1.558124624816707e-08,-5.2471960998445866e-08,1.1808412177475635e-09,1.000000001820482,1.0000000018221988,0.9999999907270141,0.9999999518868532,0.0,1.1261345065349815e-06,2.5342792926753872e-08,4.154223853802819e-09,4.154223853802819e-09,4.154223853802819e-09,4.154223853802819e-09,coordinate,,,,,0,1,1,1,,,
square,2,2,4420,ellipsoids,5.0,1.0,True,0.015230497875171174,0.4830789702132279,Shor,Optimal,-31.717871219479,-31.717871219479,-3.7774151703647045,,31.85913310762449,27.940456049114296,0.8809057788202107,0.0010064169764518738,1.797633361545902,0.9930247450693297,1.801476327509515,1.1985236601862819,1.5030794863319747,,,-6.10265047384928e-08,1.924041633065664e-09,1.000000003007595,1.000000002915082,0.09153403658516594,0.11083258626949002,0.0,27.940456049114296,0.8809057788202107,,,,,,,,,,,,,,,,
square,2,2,4420,ellipsoids,5.0,1.0,True,0.015230497875171174,0.4830789702132279,KRON,Optimal,-31.23479227769399,-31.23479227769399,-31.2347813886046,,31.37605416583948,1.0889089391952211e-05,3.4862051571024996e-07,0.0026483749970793724,6.962409243639961e-07,3.481204632512691e-07,2.9999997630773434,2.3470057013437347e-07,12782243.184836531,,,-3.965089945268119e-08,1.2694465549878963e-09,1.0000000019256536,1.0000000019402544,0.9999996487078825,0.9999996527984627,0.0,1.0889089391952211e-05,3.4862051571024996e-07,,,,,,,,,,,,,,,,
square,2,2,4420,ellipsoids,5.0,1.0,True,0.015230497875171174,0.4830789702132279,Lazy KRON,Optimal,-31.234792524010675,-31.234792524010675,-31.23475743162377,,31.376054412156165,3.50923869056885e-05,1.1235031216779312e-06,0.0037640000227838755,2.268067754821761e-06,1.1340338936948932e-06,2.999999225568317,7.768090080202743e-07,3861952.158888995,,,-1.3822513977856943e-07,4.425358025743683e-09,1.000000006768841,1.0000000071264414,0.9999987793028807,0.9999989548120425,0.0,3.50923869056885e-05,1.1235031216779312e-06,,,,,,7.948742445722427e-08,7.948742445722427e-08,1.589748926279956e-08,1.589748926279956e-08,4,5,5,,,,
square,2,2,4420,ellipsoids,5.0,1.0,True,0.015230497875171174,0.4830789702132279,Full SEP,Optimal,-31.234792256204905,-31.234792256204905,-31.234782574669016,,31.376054144350395,9.68153588942755e-06,3.099599898092576e-07,0.002874291967600584,6.204577936275124e-07,3.1022889762488073e-07,2.9999997889837617,2.0889389815527852e-07,14361356.724521227,3.094273481081581e-07,3.094273481081581e-07,-1.9010940377484076e-08,6.086462884576248e-10,1.000000000961952,1.0000000009733645,0.9999996857399763,0.9999996915469105,0.0,9.68153588942755e-06,3.099599898092576e-07,,,,,,,,,,,,,1,,,
square,2,2,4420,ellipsoids,5.0,1.0,True,0.015230497875171174,0.4830789702132279,Lazy SEP,Optimal,-31.234792256498842,-31.234792256498842,-31.234778729117718,,31.376054144644332,1.352738112458951e-05,4.330869567981502e-07,0.002672625007107854,8.665108847990905e-07,4.3325544416426366e-07,2.9999997043856292,2.915934831785455e-07,10288294.757769674,4.318562924393145e-07,4.318562924393145e-07,-2.5839714368203204e-08,8.272734505806384e-10,1.0000000012790498,1.0000000012806705,0.9999995595544827,0.999999569900839,0.0,1.352738112458951e-05,4.330869567981502e-07,1.2397763649030225e-09,1.2397763649030225e-09,1.2397763649030225e-09,1.2397763649030225e-09,coordinate,,,,,0,1,1,1,,,
square,4,4,205,ellipsoids,5.0,1.0,True,0.03152195869608021,2.16853688682653,Shor,Optimal,-68.79448411612157,-68.79448411612157,-19.980943503566518,,74.97527418929333,48.813540612555045,0.7095560238544748,0.0014447909779846668,1.5567691514939876,0.932518370613616,1.7944828909555328,1.205517108682952,1.4885586260289878,,,-1.6347786413462018e-07,2.3763222623877508e-09,1.000000007039789,1.0000000068444477,0.2474967596887534,0.19573408727317462,0.0,48.813540612555045,0.7095560238544748,,,,,,,,,,,,,,,,
square,4,4,205,ellipsoids,5.0,1.0,True,0.03152195869608021,2.16853688682653,KRON,Optimal,-66.625947348321,-66.625947348321,-66.62594438852632,,72.80673742149277,2.9597946848980428e-06,4.442405403144531e-08,0.010562333045527339,9.004584018148423e-08,4.502292034142066e-08,2.9999999619009636,3.677696746428846e-08,81572793.21124162,,,-8.955998964665923e-08,1.3442208810696359e-09,1.0000000050992057,1.0000000051248854,0.9999999565778633,0.9999999514096899,0.0,2.9597946848980428e-06,4.442405403144531e-08,,,,,,,,,,,,,,,,
square,4,4,205,ellipsoids,5.0,1.0,True,0.03152195869608021,2.16853688682653,Lazy KRON,Optimal,-66.62594936433072,-66.62594936433072,-66.62587120933908,,72.80673943750249,7.815499164109951e-05,1.173041320788159e-06,0.006642790976911783,2.495761879979565e-06,1.2478811720059157e-06,2.9999989202375015,1.0804159523626132e-06,2776707.3539382825,,,-6.072693281566899e-08,9.114606755334301e-10,1.0000000025513387,1.0000000026260814,0.9999990211358452,0.9999984835982746,0.0,7.815499164109951e-05,1.173041320788159e-06,,,,,,2.900095942288968e-07,2.900095942288968e-07,4.1429953227906175e-08,4.1429953227906175e-08,4,5,5,,,,
square,4,4,205,ellipsoids,5.0,1.0,True,0.03152195869608021,2.16853688682653,Full SEP,Optimal,-66.62594725242816,-66.62594725242816,-66.62594645474063,,72.80673732559993,7.97687533804492e-07,1.1972625781698294e-08,0.00782095780596137,2.5022547714173053e-08,1.2511273878880163e-08,2.999999989198115,1.0470296797912948e-08,286524828.006414,1.0947699422089501e-08,1.0947699422089501e-08,-1.6874693642421335e-08,2.5327510284375494e-10,1.000000000628405,1.0000000006672112,0.999999989135439,0.9999999854110728,0.0,7.97687533804492e-07,1.1972625781698294e-08,,,,,,,,,,,,,36,,,
square,4,4,205,ellipsoids,5.0,1.0,True,0.03152195869608021,2.16853688682653,Lazy SEP,Optimal,-66.62594724808561,-66.62594724808561,-66.6259466028556,,72.80673732125737,6.452300027603997e-07,9.684365167190015e-09,0.0068972918670624495,2.0351670164282288e-08,1.0175835098794795e-08,2.999999991070442,8.977435963977083e-09,334171137.8514156,8.42839786663345e-09,8.42839786663345e-09,-1.3646641150444339e-08,2.0482472241077897e-10,1.0000000003623792,1.0000000004153722,0.9999999915615165,0.9999999877221297,0.0,6.452300027603997e-07,9.684365167190015e-09,7.789389896983856e-10,1.8061771730156522e-09,7.789389896983856e-10,1.8061771730156522e-09,coordinate,,,,,0,1,1,36,,,
square,4,4,397,ellipsoids,5.0,1.0,True,0.010752948489641393,0.4484902899678076,Shor,Optimal,-41.70858722143517,-41.70858722143517,-13.425897044782083,,45.100454143856155,28.282690176653084,0.678102330018933,0.0013914171140640974,1.4084441321163337,0.8050885901956506,2.1097574789620963,0.8902425204267249,2.369868244386726,,,-1.1219717777066762e-07,2.6900258494731864e-09,1.000000007152367,1.0000000068587087,0.10068855733294706,0.49086730925075583,0.0,28.282690176653084,0.678102330018933,,,,,,,,,,,,,,,,
square,4,4,397,ellipsoids,5.0,1.0,True,0.010752948489641393,0.4484902899678076,KRON,Optimal,-41.26009696879199,-41.26009696879199,-41.26009599445376,,44.65196389121298,9.743382278770696e-07,2.3614540426650776e-08,0.009896165924146771,4.8745869580882437e-08,2.4372934852546792e-08,2.9999999807398297,2.0641790919898953e-08,145336225.5427067,,,-3.0835195730105625e-08,7.473369670805311e-10,1.0000000028048561,1.000000002785815,0.9999999732834891,0.9999999790856374,0.0,9.743382278770696e-07,2.3614540426650776e-08,,,,,,,,,,,,,,,,
square,4,4,397,ellipsoids,5.0,1.0,True,0.010752948489641393,0.4484902899678076,Lazy KRON,Optimal,-41.26009721475292,-41.26009721475292,-41.2600941453073,,44.651964137173906,3.0694456185642593e-06,7.439259298368186e-08,0.0064260829240083694,1.4762976618428467e-07,7.381488335754628e-08,2.999999951436047,6.431394315691583e-08,46646182.836535506,,,-2.691437259727536e-07,6.52309965659797e-09,1.0000000152691055,1.0000000132497826,0.9999999027049021,0.9999999607177926,0.0,3.0694456185642593e-06,7.439259298368186e-08,,,,,,2.2940731953725866e-08,2.2940731953725866e-08,3.2772474699255853e-09,3.2772474699255853e-09,4,5,5,,,,
square,4,4,397,ellipsoids,5.0,1.0,True,0.010752948489641393,0.4484902899678076,Full SEP,Optimal,-41.26009694958628,-41.26009694958628,-41.26009620629424,,44.651963872007265,7.432920341443605e-07,1.8014791265579265e-08,0.007107792189344764,3.486672104590258e-08,1.7433360575706192e-08,2.9999999838119167,1.5196110926641175e-08,197418931.6131172,2.361949015286566e-08,2.361949015286566e-08,-3.9238734927948826e-08,9.510092760056465e-10,1.0000000021733044,1.0000000027908837,0.9999999745076289,0.9999999892534774,0.0,7.432920341443605e-07,1.8014791265579265e-08,,,,,,,,,,,,,36,,,
square,4,4,397,ellipsoids,5.0,1.0,True,0.010752948489641393,0.4484902899678076,Lazy SEP,Optimal,-41.26009694776365,-41.26009694776365,-41.26009630399564,,44.65196387018464,6.437680113435817e-07,1.5602678107097245e-08,0.0065200000535696745,3.020111817795088e-08,1.51005591335174e-08,2.9999999856635986,1.379344407182697e-08,217494627.88565484,1.9731402949337486e-08,1.9731402949337486e-08,-3.10386809587726e-08,7.522687355308054e-10,1.0000000021969677,1.000000001818579,0.9999999776333831,0.9999999910226295,0.0,6.437680113435817e-07,1.5602678107097245e-08,8.897444725430859e-10,1.3190723486344741e-09,8.897444725430859e-10,1.3190723486344741e-09,coordinate,,,,,0,1,1,36,,,
square,4,4,467,ellipsoids,5.0,1.0,True,0.03891133993154901,2.6076883050830304,Shor,Optimal,-67.01615286624292,-67.01615286624292,-15.742146874783709,,72.89143164015617,51.27400599145921,0.7650992156144303,0.0013357079587876797,1.6353810412436878,0.9752770240868873,1.643216192021852,1.3567837880894071,1.2111113107680869,,,-3.65339843710899e-07,5.451519194783954e-09,1.0000000171331391,1.0000000170603063,0.19080291449468248,0.17381601393462004,0.0,51.27400599145921,0.7650992156144303,,,,,,,,,,,,,,,,
square,4,4,467,ellipsoids,5.0,1.0,True,0.03891133993154901,2.6076883050830304,KRON,Optimal,-64.40846503046305,-64.40846503046305,-64.40705044000731,,70.2837438043763,0.0014145904557381073,2.196280341518857e-05,0.009617500007152557,4.514283938976157e-05,2.2571438650148215e-05,2.999983833967184,1.6170486446323407e-05,185522.17609070588,,,-2.848578333214391e-07,4.422676944508938e-09,1.0000000162716227,1.000000016235734,0.9999777178509612,0.9999771434704835,0.0,0.0014145904557381073,2.196280341518857e-05,,,,,,,,,,,,,,,,
square,4,4,467,ellipsoids,5.0,1.0,True,0.03891133993154901,2.6076883050830304,Lazy KRON,Optimal,-64.40846773221031,-64.40846773221031,-64.40793819346477,,70.28374650612356,0.000529538745539071,8.221570302537281e-06,0.011532292002812028,1.6901721432554815e-05,8.450863816447512e-06,2.99999388207658,6.1335918561572365e-06,489108.82113308884,,,-3.801029606620432e-07,5.9014439257022696e-09,1.0000000183308715,1.000000017321128,0.9999912041238315,0.9999919086828815,0.0,0.000529538745539071,8.221570302537281e-06,,,,,,4.268106456281409e-07,4.268106456281409e-07,6.097305629118018e-08,6.097305629118018e-08,8,9,9,,,,
square,4,4,467,ellipsoids,5.0,1.0,True,0.03891133993154901,2.6076883050830304,Full SEP,Optimal,-64.4084646018691,-64.4084646018691,-64.40841733372173,,70.28374337578235,4.7268147369550206e-05,7.338809838385514e-07,0.00714554195292294,1.4939390207853212e-06,7.469695411406088e-07,2.999999440546943,5.39914546140401e-07,5556433.813447979,7.4131651466328e-07,7.4131651466328e-07,-5.759108034908422e-08,8.941539082646128e-10,1.0000000024739573,1.0000000024763356,0.9999992310126437,0.9999992552861547,0.0,4.7268147369550206e-05,7.338809838385514e-07,,,,,,,,,,,,,36,,,
square,4,4,467,ellipsoids,5.0,1.0,True,0.03891133993154901,2.6076883050830304,Lazy SEP,Optimal,-64.40846465728225,-64.40846465728225,-64.4082013639624,,70.2837434311955,0.00026329331984698,4.087868283275576e-06,0.0065202920231968164,8.35801453756497e-06,4.179008070688501e-06,2.9999969381738403,3.002674285436134e-06,999108.3457585527,4.16291404519524e-06,4.16291404519524e-06,-1.3351008476547577e-07,2.0728655072882668e-09,1.0000000057952334,1.0000000057896363,0.9999957864909681,0.999995795597139,0.0,0.00026329331984698,4.087868283275576e-06,5.868781433049364e-08,9.102760569026064e-08,5.868781433049364e-08,9.102760569026064e-08,coordinate,,,,,0,1,1,36,,,
square,4,4,2062,ellipsoids,5.0,1.0,True,0.027890157711712948,1.208891489415464,Shor,Optimal,-43.344734795377995,-43.344734795377995,-20.991526926001214,,54.515409674128705,22.35320786937678,0.5157075703635493,0.0012779999524354935,1.1527192410411649,0.7892852010445407,1.9046628831869794,1.0953371159058785,1.738882811080279,,,-5.988884765883995e-08,1.3816867940607659e-09,1.000000004246113,1.000000003980211,0.24678027459781585,0.6005004815189777,0.0,22.35320786937678,0.5157075703635493,,,,,,,,,,,,,,,,
square,4,4,2062,ellipsoids,5.0,1.0,True,0.027890157711712948,1.208891489415464,KRON,Optimal,-42.13584366147332,-42.13584366147332,-42.1358201944993,,53.306518540224026,2.3466974013786057e-05,5.569361373732968e-07,0.010316458996385336,1.165902811697068e-06,5.829515776782295e-07,2.9999992093730405,7.890631751778673e-07,3801975.9427967137,,,-3.1306194614444394e-07,7.429825035891959e-09,1.0000000299339742,1.0000000283459292,0.9999990540475268,0.9999997531055286,0.0,2.3466974013786057e-05,5.569361373732968e-07,,,,,,,,,,,,,,,,
square,4,4,2062,ellipsoids,5.0,1.0,True,0.027890157711712948,1.208891489415464,Lazy KRON,Optimal,-42.13584410164505,-42.13584410164505,-42.13582107938714,,53.30651898039576,2.3022257906291088e-05,5.463817895935367e-07,0.011476209154352546,1.1462796665103196e-06,5.731399667522269e-07,2.9999993098100397,7.035512811064929e-07,4264080.516052596,,,-2.4978918133911066e-07,5.928187429603636e-09,1.0000000196743848,1.000000017450898,0.9999990893557991,0.9999997736148468,0.0,2.3022257906291088e-05,5.463817895935367e-07,,,,,,1.0299894045965294e-07,1.0299894045965294e-07,1.4714136419679825e-08,1.4714136419679825e-08,8,9,9,,,,
square,4,4,2062,ellipsoids,5.0,1.0,True,0.027890157711712948,1.208891489415464,Full SEP,Optimal,-42.13584336858071,-42.13584336858071,-42.135839626285076,,53.30651824733142,3.7422956324917322e-06,8.881501670101226e-08,0.006955541903153062,1.8503375132872272e-07,9.25168795223141e-08,2.999999880923842,1.1652386791700163e-07,25745797.273574043,8.802527922378605e-08,8.802527922378605e-08,-7.274330471318535e-08,1.726399637402953e-09,1.000000005604099,1.0000000048933564,0.9999998546557847,0.9999999549050375,0.0,3.7422956324917322e-06,8.881501670101226e-08,,,,,,,,,,,,,36,,,
square,4,4,2062,ellipsoids,5.0,1.0,True,0.027890157711712948,1.208891489415464,Lazy SEP,Optimal,-42.13584331236179,-42.13584331236179,-42.13584203616511,,53.3065181911125,1.2761966843299888e-06,3.028767396131784e-08,0.006187792168930173,6.309776127922378e-08,3.1548881139093926e-08,2.9999999570279994,4.1472805315745525e-08,72336557.27381003,2.593356283457427e-08,2.593356283457427e-08,-1.2054783837811556e-08,2.860933326632845e-10,1.0000000008945036,1.0000000006961778,0.9999999480306809,0.9999999863632653,0.0,1.2761966843299888e-06,3.028767396131784e-08,1.9916045097823076e-09,3.4417062686090336e-09,1.9916045097823076e-09,3.4417062686090336e-09,coordinate,,,,,0,1,1,36,,,
square,4,4,2170,ellipsoids,5.0,1.0,True,0.017957023460367177,1.3096634665324984,Shor,Optimal,-72.93321576502072,-72.93321576502072,-46.550833073773106,,85.82104175207257,26.382382691247614,0.3617334353697974,0.001425167080014944,0.9738630568353063,0.6875826239528383,2.028367052867948,0.9716329465347769,2.087585708267611,,,-5.255226653844147e-08,7.205532621481625e-10,1.0000000023367437,1.0000000020944628,0.7046093420729137,0.3215275999309211,0.0,26.382382691247614,0.3617334353697974,,,,,,,,,,,,,,,,
square,4,4,2170,ellipsoids,5.0,1.0,True,0.017957023460367177,1.3096634665324984,KRON,Optimal,-71.62355234562997,-71.62355234562997,-71.62355108145528,,84.51137833268183,1.26417469914486e-06,1.7650265279281306e-08,0.01034912490285933,4.9108210721321624e-08,2.4554105699321637e-08,2.9999999649105,3.6045536420318284e-08,83228057.14217222,,,-2.8251776029719622e-08,3.9444812641219644e-10,1.000000001651308,1.0000000017284276,0.9999999888543577,0.9999999609721342,0.0,1.26417469914486e-06,1.7650265279281306e-08,,,,,,,,,,,,,,,,
square,4,4,2170,ellipsoids,5.0,1.0,True,0.017957023460367177,1.3096634665324984,Lazy KRON,Optimal,-71.62355283732664,-71.62355283732664,-71.62354351644609,,84.5113788243785,9.320880550944821e-06,1.3013708733654498e-07,0.00539529207162559,3.5916505308027914e-07,1.7958254887924924e-07,2.999999716358912,2.909669769608727e-07,10310447.4181011,,,-2.0804596090329142e-07,2.904714338533458e-09,1.0000000106670521,1.00000000841548,0.9999999167084095,0.9999997283466435,0.0,9.320880550944821e-06,1.3013708733654498e-07,,,,,,3.7916413815931164e-08,3.7916413815931164e-08,5.416630812074689e-09,5.416630812074689e-09,3,4,4,,,,
square,4,4,2170,ellipsoids,5.0,1.0,True,0.017957023460367177,1.3096634665324984,Full SEP,Optimal,-71.62355238119521,-71.62355238119521,-71.62354819138284,,84.51137836824707,4.189812372601409e-06,5.8497690121573e-08,0.0069757080636918545,1.5824358678581632e-07,7.912179761011159e-08,2.9999998729567694,1.2313617753708359e-07,24363269.454692077,6.69759254386841e-08,6.69759254386841e-08,-1.2700208174010186e-07,1.773188811749671e-09,1.000000005444109,1.0000000050376467,0.9999999605674523,0.9999998713803244,0.0,4.189812372601409e-06,5.8497690121573e-08,,,,,,,,,,,,,36,,,
square,4,4,2170,ellipsoids,5.0,1.0,True,0.017957023460367177,1.3096634665324984,Lazy SEP,Optimal,-71.62355239706854,-71.62355239706854,-71.62354746625859,,84.51137838412039,4.930809950565163e-06,6.884341512732583e-08,0.006745666963979602,1.952966158902111e-07,9.764831411507876e-08,2.9999998491251705,1.4976468342247934e-07,20031423.834832326,8.02295446733873e-08,8.02295446733873e-08,-8.753363545110915e-08,1.2221347939548974e-09,1.0000000037795886,1.0000000034019858,0.9999999580756873,0.9999998419820965,0.0,4.930809950565163e-06,6.884341512732583e-08,8.384554075341333e-09,1.7799302789059478e-08,8.384554075341333e-09,1.7799302789059478e-08,coordinate,,,,,0,1,1,36,,,
square,4,4,2362,ellipsoids,5.0,1.0,True,0.012333055561321797,0.7195146704497262,Shor,Optimal,-58.34034127813595,-58.34034127813595,-15.478210638448221,,67.81267135954907,42.862130639687734,0.7346911193978747,0.0012750420719385147,1.5881784059833595,0.9070152738247614,1.9413748835317917,1.0586251158683022,1.8338643722234411,,,-3.3742360017186e-08,5.783709741484068e-10,1.0000000015256032,1.0000000017151072,0.19575895694894846,0.21606263619560995,0.0,42.862130639687734,0.7346911193978747,,,,,,,,,,,,,,,,
square,4,4,2362,ellipsoids,5.0,1.0,True,0.012333055561321797,0.7195146704497262,KRON,Optimal,-57.620826973385206,-57.620826973385206,-57.62081733758131,,67.09315705479833,9.635803898788708e-06,1.672277960057644e-07,0.009812541073188186,3.3951453174275274e-07,1.697572688665744e-07,2.999999862503882,1.3658698482272355e-07,21964024.364382785,,,-2.463670725205702e-07,4.275660129528617e-09,1.0000000164002394,1.0000000167827983,0.9999998327046584,0.9999998253822421,0.0,9.635803898788708e-06,1.672277960057644e-07,,,,,,,,,,,,,,,,
square,4,4,2362,ellipsoids,5.0,1.0,True,0.012333055561321797,0.7195146704497262,Lazy KRON,Optimal,-57.620828174067114,-57.620828174067114,-57.62071623517724,,67.09315825548023,0.00011193888987293121,1.9426810308032075e-06,0.005093791056424379,4.249347935837513e-06,2.124674565170224e-06,2.9999982089687283,1.792188999560071e-06,1673929.5965465351,,,-8.1215880243235e-08,1.4094882495942172e-09,1.0000000038857242,1.0000000042709538,0.9999976442240712,0.9999981072878604,0.0,0.00011193888987293121,1.9426810308032075e-06,,,,,,3.5702998423998477e-07,3.5702998423998477e-07,5.100430674722403e-08,5.100430674722403e-08,3,4,4,,,,
square,4,4,2362,ellipsoids,5.0,1.0,True,0.012333055561321797,0.7195146704497262,Full SEP,Optimal,-57.62082665762515,-57.62082665762515,-57.62082204179415,,67.09315673903828,4.615831002752202e-06,8.010699031061842e-08,0.007109666941687465,1.664119137104554e-07,8.320595767366734e-08,2.9999999305151306,6.717507742784446e-08,44659419.01946529,8.983261194962436e-08,8.983261194962436e-08,-9.673958345501887e-08,1.6788996108964537e-09,1.0000000046860102,1.0000000050221487,0.9999999160816744,0.9999999147739058,0.0,4.615831002752202e-06,8.010699031061842e-08,,,,,,,,,,,,,36,,,
square,4,4,2362,ellipsoids,5.0,1.0,True,0.012333055561321797,0.7195146704497262,Lazy SEP,Optimal,-57.620826637591534,-57.620826637591534,-57.620823412405,,67.09315671900465,3.2251865320631623e-06,5.5972583530397795e-08,0.006192083936184645,1.1631948238792449e-07,5.81597415866071e-08,2.9999999516207856,4.68265273153817e-08,64066248.846844085,6.214165210655702e-08,6.214165210655702e-08,-5.880600895125099e-08,1.0205686447560655e-09,1.0000000026170925,1.0000000032040801,0.9999999418010648,0.9999999400562928,0.0,3.2251865320631623e-06,5.5972583530397795e-08,1.1966278280761689e-09,2.4494559593258517e-09,1.1966278280761689e-09,2.4494559593258517e-09,coordinate,,,,,0,1,1,36,,,
square,4,4,2366,ellipsoids,5.0,1.0,True,0.015421007395172515,1.2632357641945902,Shor,Optimal,-81.91655264947484,-81.91655264947484,-37.89502361113148,,101.91457809265349,44.02152903834336,0.5373947952462521,0.0013012499548494816,1.2913620710180482,0.8723261434447082,1.7331948928856922,1.2668051066349153,1.3681622246453315,,,-4.1765687797123974e-08,5.098565118559311e-10,1.0000000016130108,1.0000000016214685,0.42313508331810495,0.28550284498575834,0.0,44.02152903834336,0.5373947952462521,,,,,,,,,,,,,,,,
square,4,4,2366,ellipsoids,5.0,1.0,True,0.015421007395172515,1.2632357641945902,KRON,Optimal,-80.65331784314354,-80.65331784314354,-80.65318808394018,,100.65134328632219,0.00012975920336089075,1.60885140042533e-06,0.010306082898750901,3.82968748675768e-06,1.9148449458718164e-06,2.9999978889649186,2.1302414334893625e-06,1408290.0847773314,,,-6.987685736703497e-07,8.663854040441724e-09,1.0000000378831682,1.0000000376332092,0.9999983657684918,0.9999978130692645,0.0,0.00012975920336089075,1.60885140042533e-06,,,,,,,,,,,,,,,,
square,4,4,2366,ellipsoids,5.0,1.0,True,0.015421007395172515,1.2632357641945902,Lazy KRON,Optimal,-80.65331831870232,-80.65331831870232,-80.6532095416658,,100.65134376188097,0.00010877703651601678,1.348698835752589e-06,0.00975645799189806,3.212946757126952e-06,1.6064743150994625e-06,2.9999981527636437,1.8504994637539662e-06,1621182.9354858487,,,-6.904072336055833e-08,8.560183858492131e-10,1.0000000033344683,1.0000000036108514,0.9999984765502423,0.9999983131527621,0.0,0.00010877703651601678,1.348698835752589e-06,,,,,,1.6429474581780105e-07,1.6429474581780105e-07,2.3470686814109628e-08,2.3470686814109628e-08,6,7,7,,,,
square,4,4,2366,ellipsoids,5.0,1.0,True,0.015421007395172515,1.2632357641945902,Full SEP,Optimal,-80.65331692258542,-80.65331692258542,-80.65330673093949,,100.65134236576407,1.0191645927193349e-05,1.2636363036346958e-07,0.007106916978955269,3.0029608678940675e-07,1.5014805110433434e-07,2.9999998308144096,1.6820668217689664e-07,17835200.07641208,1.4384222719315845e-07,1.4384222719315845e-07,-8.464246548101073e-08,1.0494604401980675e-09,1.0000000029810616,1.0000000033748544,0.9999998687337289,0.9999998297208028,0.0,1.0191645927193349e-05,1.2636363036346958e-07,,,,,,,,,,,,,36,,,
square,4,4,2366,ellipsoids,5.0,1.0,True,0.015421007395172515,1.2632357641945902,Lazy SEP,Optimal,-80.65331689474017,-80.65331689474017,-80.65331550398126,,100.65134233791882,1.3907589107020613e-06,1.7243666649409184e-08,0.006727375090122223,4.0977003656509675e-08,2.0488501971552325e-08,2.9999999769631396,2.2989105361425076e-08,130496595.22623424,1.9674114479195792e-08,1.9674114479195792e-08,-1.141033578733186e-08,1.4147385658327447e-10,1.0000000004392218,1.0000000004558713,0.999999981866184,0.9999999769921215,0.0,1.3907589107020613e-06,1.7243666649409184e-08,4.501929523614834e-10,9.660604635779599e-10,4.501929523614834e-10,9.660604635779599e-10,coordinate,,,,,0,1,1,36,,,
square,4,4,2525,ellipsoids,5.0,1.0,True,0.0161905673315976,1.021664341981392,Shor,Optimal,-63.1024423701019,-63.1024423701019,-24.684428916666814,,67.7000860612438,38.41801345343508,0.6088197542039615,0.0014016248751431704,1.316050000187956,0.8062696626088126,2.01585182977861,0.9841481632352934,2.0483214876423577,,,-2.2483585127019978e-07,3.563029303232288e-09,1.000000011452677,1.0000000114714813,0.14195770378242564,0.5419922818403485,0.0,38.41801345343508,0.6088197542039615,,,,,,,,,,,,,,,,
square,4,4,2525,ellipsoids,5.0,1.0,True,0.0161905673315976,1.021664341981392,KRON,Optimal,-62.08077816558959,-62.08077816558959,-62.080776227781854,,66.67842185673149,1.937807738272568e-06,3.121429523811389e-08,0.010744916973635554,5.936379381045049e-08,2.9681897048897688e-08,2.9999999728025313,2.5712745594438744e-08,116673653.60824724,,,-7.31282554511381e-08,1.1779532668885255e-09,1.0000000049319488,1.0000000049313127,0.9999999621062778,0.9999999756663995,0.0,1.937807738272568e-06,3.121429523811389e-08,,,,,,,,,,,,,,,,
square,4,4,2525,ellipsoids,5.0,1.0,True,0.0161905673315976,1.021664341981392,Lazy KRON,Optimal,-62.08077861600611,-62.08077861600611,-62.08076247443597,,66.678422307148,1.6141570135630445e-05,2.600091444643819e-07,0.006472083041444421,5.545403562048335e-07,2.7727019305794347e-07,2.9999997458217273,2.617317766652668e-07,11462115.08608096,,,-1.545251606671627e-07,2.4890983024385254e-09,1.0000000039245798,1.0000000068652448,0.9999995748930588,0.9999998760231701,0.0,1.6141570135630445e-05,2.600091444643819e-07,,,,,,9.761675716979706e-08,9.761675716979706e-08,1.3945251889465831e-08,1.3945251889465831e-08,4,5,5,,,,
square,4,4,2525,ellipsoids,5.0,1.0,True,0.0161905673315976,1.021664341981392,Full SEP,Optimal,-62.08077814617394,-62.08077814617394,-62.08077601726185,,66.67842183731584,2.1289120937240114e-06,3.429261290364829e-08,0.00709041696973145,6.796320288770596e-08,3.398160170810528e-08,2.999999966001726,3.3202548692331906e-08,90354508.43852155,4.32814841908528e-08,4.32814841908528e-08,-1.1904444363608491e-07,1.9175733164263125e-09,1.0000000055983995,1.0000000057647662,0.9999999447250281,0.9999999840724123,0.0,2.1289120937240114e-06,3.429261290364829e-08,,,,,,,,,,,,,36,,,
square,4,4,2525,ellipsoids,5.0,1.0,True,0.0161905673315976,1.021664341981392,Lazy SEP,Optimal,-62.080778095178914,-62.080778095178914,-62.08077578525745,,66.67842178632081,2.309921462995135e-06,3.720832009311622e-08,0.0065524999517947435,7.338596280344053e-08,3.669298178938507e-08,2.9999999593253017,3.7352490071650504e-08,80315929.50217308,3.66291287764869e-08,3.66291287764869e-08,-8.072139223713748e-08,1.3002638612773148e-09,1.000000003711188,1.0000000044607305,0.9999999385458204,0.9999999819704721,0.0,2.309921462995135e-06,3.720832009311622e-08,1.8129353539231285e-09,3.5531408019515633e-09,1.8129353539231285e-09,3.5531408019515633e-09,coordinate,,,,,0,1,1,36,,,
square,4,4,2915,ellipsoids,5.0,1.0,True,0.010424723037924188,0.6857028385460211,Shor,Optimal,-65.77660011220412,-65.77660011220412,-28.634863534203454,,83.03292068091866,37.14173657800067,0.5646648886479834,0.0014187500346451998,1.3125531525903624,0.8097338047713483,2.0012151334408816,0.9987848655103874,2.0036498374634903,,,-8.483596047881292e-09,1.2897589771149109e-10,1.0000000003242144,1.0000000003618557,0.30962777294233734,0.3778190733628488,0.0,37.14173657800067,0.5646648886479834,,,,,,,,,,,,,,,,
square,4,4,2915,ellipsoids,5.0,1.0,True,0.010424723037924188,0.6857028385460211,KRON,Optimal,-65.09089789094077,-65.09089789094077,-65.0908778316231,,82.34721845965531,2.005931766291269e-05,3.081739277359778e-07,0.009682416915893555,5.862350113059361e-07,2.931175480821016e-07,2.9999995649205164,2.669986061328383e-07,11236012.084002955,,,-4.566318096976829e-07,7.0152943728440425e-09,1.0000000273451788,1.000000027576546,0.9999995740196945,0.9999996997470021,0.0,2.005931766291269e-05,3.081739277359778e-07,,,,,,,,,,,,,,,,
square,4,4,2915,ellipsoids,5.0,1.0,True,0.010424723037924188,0.6857028385460211,Lazy KRON,Optimal,-65.09089840279177,-65.09089840279177,-65.09083830140861,,82.34721897150631,6.010138315559743e-05,9.233454235595505e-07,0.009093083208426833,2.075425696893917e-06,1.0377131399298206e-06,2.9999989092326866,1.017104479120514e-06,2949548.419870074,,,-5.619230165621047e-07,8.632896923389272e-09,1.0000000244290725,1.0000000299529297,0.9999987994146909,0.9999990499207618,0.0,6.010138315559743e-05,9.233454235595505e-07,,,,,,1.71450312471598e-07,1.71450312471598e-07,2.4492907731272448e-08,2.4492907731272448e-08,6,7,7,,,,
square,4,4,2915,ellipsoids,5.0,1.0,True,0.010424723037924188,0.6857028385460211,Full SEP,Optimal,-65.09089728669008,-65.09089728669008,-65.09089655300416,,82.34721785540462,7.336859226825254e-07,1.1271713146786672e-08,0.007250125054270029,2.154922477669515e-08,1.0774612473381523e-08,2.999999979232391,1.1822386179818655e-08,253755877.50242215,1.0954241997497518e-08,1.0954241997497518e-08,-2.911239960212697e-08,4.4725761689691647e-10,0.9999999986505541,1.0000000025837963,0.9999999776139953,0.9999999921449363,0.0,7.336859226825254e-07,1.1271713146786672e-08,,,,,,,,,,,,,36,,,
square,4,4,2915,ellipsoids,5.0,1.0,True,0.010424723037924188,0.6857028385460211,Lazy SEP,Optimal,-65.09089728576905,-65.09089728576905,-65.09089641368826,,82.34721785448359,8.720807898043859e-07,1.3397891658731991e-08,0.007334457943215966,2.5107566530764403e-08,1.2553783372763664e-08,2.999999977350753,1.3639565993006362e-08,219948345.7823359,1.1734408069664405e-08,1.1734408069664405e-08,-1.9869631273650157e-08,3.052597537012951e-10,1.0000000008753176,1.0000000008839394,0.9999999780575981,0.9999999882459617,0.0,8.720807898043859e-07,1.3397891658731991e-08,2.757400786868036e-09,5.578874003701626e-09,2.757400786868036e-09,5.578874003701626e-09,coordinate,,,,,0,1,1,36,,,
square,4,4,2988,ellipsoids,5.0,1.0,True,0.0211548893082596,0.8644710750936753,Shor,Optimal,-40.86389025709323,-40.86389025709323,-14.881870141751014,,45.68980709800652,25.982020115342216,0.635818566266637,0.0015663751401007175,1.4697782371754022,0.9114748094055779,1.7834507107346522,1.2165492877439124,1.4659913319599711,,,-1.3866497283743229e-08,3.393337539941209e-10,1.0000000009144836,1.0000000009657928,0.1466277722410786,0.3835939888620663,0.0,25.982020115342216,0.635818566266637,,,,,,,,,,,,,,,,
square,4,4,2988,ellipsoids,5.0,1.0,True,0.0211548893082596,0.8644710750936753,KRON,Optimal,-39.99941922941068,-39.99941922941068,-39.99941815764988,,44.825336070323964,1.0717607992205558e-06,2.6794409015631758e-08,0.010862624971196055,5.5582925821907854e-08,2.779146305253921e-08,2.9999999741502825,2.4396606567338708e-08,122967920.38965672,,,-3.3320908698897256e-08,8.330348125254063e-10,1.000000002930036,1.0000000029009097,0.999999969451754,0.999999973377031,0.0,1.0717607992205558e-06,2.6794409015631758e-08,,,,,,,,,,,,,,,,
square,4,4,2988,ellipsoids,5.0,1.0,True,0.0211548893082596,0.8644710750936753,Lazy KRON,Optimal,-39.999420473621264,-39.999420473621264,-39.99937081706107,,44.82533731453455,4.965656019351172e-05,1.2414319909024464e-06,0.012678290950134397,2.909519898038202e-06,1.4547604027846203e-06,2.9999986160864016,1.3909185201421312e-06,2156847.1284571337,,,-1.9782252991262794e-07,4.945634900962816e-09,1.000000013612387,1.0000000135094176,0.9999980718683676,0.9999990242498283,0.0,4.965656019351172e-05,1.2414319909024464e-06,,,,,,3.3172139600209227e-07,3.3172139600209227e-07,4.738878624136483e-08,4.738878624136483e-08,8,9,9,,,,
square,4,4,2988,ellipsoids,5.0,1.0,True,0.0211548893082596,0.8644710750936753,Full SEP,Optimal,-39.99941919431846,-39.99941919431846,-39.999418827674745,,44.82533603523175,3.666437180527282e-07,9.166226046222353e-09,0.00720562506467104,1.9773839571276812e-08,9.886919813408062e-09,2.999999988818076,9.40279070083178e-09,319054213.18722886,1.4682229532893028e-08,1.4682229532893028e-08,-2.187051251212324e-08,5.467707519920625e-10,1.0000000016308765,1.0000000015396417,0.9999999855171818,0.9999999928930103,0.0,3.666437180527282e-07,9.166226046222353e-09,,,,,,,,,,,,,36,,,
square,4,4,2988,ellipsoids,5.0,1.0,True,0.0211548893082596,0.8644710750936753,Lazy SEP,Optimal,-39.99941919174893,-39.99941919174893,-39.99941886645291,,44.825336032662214,3.252960141253425e-07,8.132518438978846e-09,0.006544583011418581,1.6993576538701646e-08,8.496788293823502e-09,2.99999998986482,8.407074275951938e-09,356842331.99249667,1.2534744380161212e-08,1.2534744380161212e-08,-2.0632135999676393e-08,5.158108896724277e-10,1.000000001428577,1.0000000014423165,0.9999999875508845,0.9999999933844606,0.0,3.252960141253425e-07,8.132518438978846e-09,4.4670422569281776e-10,9.469331000705818e-10,4.4670422569281776e-10,9.469331000705818e-10,coordinate,,,,,0,1,1,36,,,
square,6,6,27,ellipsoids,5.0,1.0,True,0.013428991240797578,1.0767769922887283,Shor,Optimal,-80.18301397185036,-80.18301397185036,-21.692746666237852,,87.23464781104073,58.490267305612505,0.7294595751432658,0.0014886250719428062,1.5807455365401164,0.9459007363438933,1.7561871291678872,1.2438128699555315,1.4119383804339265,,,-2.9505656584660755e-08,3.679788913275227e-10,1.000000001441794,1.0000000014630246,0.22093877437629983,0.19831568777765193,0.0,58.490267305612505,0.7294595751432658,,,,,,,,,,,,,,,,
square,6,6,27,ellipsoids,5.0,1.0,True,0.013428991240797578,1.0767769922887283,KRON,Optimal,-79.10623698198336,-79.10623698198336,-79.1062368453226,,86.15787082117373,1.366607591535285e-07,1.7275598532724205e-09,0.07298316690139472,3.6923582787732126e-09,1.8461791398279028e-09,2.9999999984563304,1.562318297519795e-09,1920223300.987307,,,-2.878834948205622e-10,3.6392009758488245e-12,1.0000000000193683,1.0000000000193918,0.9999999982846517,0.9999999980370644,0.0,1.366607591535285e-07,1.7275598532724205e-09,,,,,,,,,,,,,,,,
square,6,6,27,ellipsoids,5.0,1.0,True,0.013428991240797578,1.0767769922887283,Lazy KRON,Optimal,-79.10623903835993,-79.10623903835993,-79.10608472537825,,86.1578728775503,0.00015431298167811747,1.9507055771326526e-06,0.010799207957461476,4.159356453299808e-06,2.079678885532153e-06,2.9999981930289006,1.8167584026925356e-06,1651291.7670190702,,,-7.739605365486568e-07,9.783811567294339e-09,1.0000000364357406,1.000000035659821,0.9999978527112527,0.9999979965894354,0.0,0.00015431298167811747,1.9507055771326526e-06,,,,,,1.8435672206375205e-07,1.8435672206375205e-07,2.0484087901093715e-08,2.0484087901093715e-08,4,5,5,,,,
square,6,6,27,ellipsoids,5.0,1.0,True,0.013428991240797578,1.0767769922887283,Full SEP,Optimal,-79.10623698729147,-79.10623698729147,-79.10623663910582,,86.15787082648184,3.481856509779391e-07,4.401494297268566e-09,0.020256000105291605,8.930795715881395e-09,4.465397861756163e-09,2.9999999957295573,3.925249922402262e-09,764282543.7962306,5.130939696163237e-09,5.130939696163237e-09,-1.005432181955257e-08,1.270989773052637e-10,1.000000000475921,1.0000000004725293,0.9999999950485563,0.9999999955796043,0.0,3.481856509779391e-07,4.401494297268566e-09,,,,,,,,,,,,,225,,,
square,6,6,27,ellipsoids,5.0,1.0,True,0.013428991240797578,1.0767769922887283,Lazy SEP,Optimal,-79.10623700949104,-79.10623700949104,-79.10623204580605,,86.15787084868141,4.963684986591943e-06,6.274707499986895e-08,0.013961083022877574,1.3157421323049107e-07,6.578710730351739e-08,2.999999941434487,5.677398220168907e-08,52841104.764802545,6.697452680431378e-08,6.697452680431378e-08,-5.8528996760287555e-08,7.398784087437422e-10,1.0000000028162996,1.0000000026870446,0.9999999343963826,0.9999999316875394,0.0,4.963684986591943e-06,6.274707499986895e-08,1.8433484565150149e-09,4.94136191457137e-09,1.8433484565150149e-09,4.94136191457137e-09,coordinate,,,,,0,1,1,225,,,
square,6,6,99,ellipsoids,5.0,1.0,True,0.011859576068839235,0.9472003722912063,Shor,Optimal,-79.86797898956554,-79.86797898956554,-39.15478449275329,,87.54923777413126,40.71319449681225,0.5097561627561814,0.0016437501180917025,1.1851665001699805,0.8235323467512857,1.8168197814794795,1.1831802138760372,1.5355393541679268,,,-1.842345938030121e-07,2.3067391479516675e-09,1.0000000086014271,1.0000000082914533,0.2276324487175459,0.5872010427987626,0.0,40.71319449681225,0.5097561627561814,,,,,,,,,,,,,,,,
square,6,6,99,ellipsoids,5.0,1.0,True,0.011859576068839235,0.9472003722912063,KRON,Optimal,-78.9207790502244,-78.9207790502244,-78.92064183072034,,86.60203783479011,0.00013721950405454209,1.738699309686451e-06,0.06822954211384058,4.0746241266059415e-06,2.0373138418053493e-06,2.9999974789351107,2.5306706417888476e-06,1185455.5189428015,,,-1.950262173977535e-07,2.471164371979156e-09,1.0000000106208657,1.0000000106202656,0.9999971308401783,0.9999987978274613,0.0,0.00013721950405454209,1.738699309686451e-06,,,,,,,,,,,,,,,,
square,6,6,99,ellipsoids,5.0,1.0,True,0.011859576068839235,0.9472003722912063,Lazy KRON,Optimal,-78.92077979046897,-78.92077979046897,-78.92065941187403,,86.60203857503468,0.0001203785949428493,1.5253092438068772e-06,0.010586166987195611,3.5526971804923098e-06,1.7763500813255081e-06,2.999997698199671,2.3070093624254523e-06,1300383.8419821807,,,-2.040419957438644e-07,2.5854026821020584e-09,1.0000000081600424,1.00000000882162,0.9999975575120579,0.9999988940418869,0.0,0.0001203785949428493,1.5253092438068772e-06,,,,,,1.2311042953266823e-07,1.2311042953266823e-07,1.3678941499363813e-08,1.3678941499363813e-08,4,5,5,,,,
square,6,6,99,ellipsoids,5.0,1.0,True,0.011859576068839235,0.9472003722912063,Full SEP,Optimal,-78.92077865489047,-78.92077865489047,-78.92077632574279,,86.60203743945618,2.329147676505272e-06,2.951247714737217e-08,0.0203853331040591,6.726906471835883e-08,3.363453288095763e-08,2.9999999565675686,4.311412555884408e-08,69582762.43995799,3.1454668791320056e-08,3.1454668791320056e-08,-3.637285317381611e-08,4.6087803229703944e-10,1.000000001609693,1.0000000015956296,0.9999999526594373,0.9999999790969312,0.0,2.329147676505272e-06,2.951247714737217e-08,,,,,,,,,,,,,225,,,
square,6,6,99,ellipsoids,5.0,1.0,True,0.011859576068839235,0.9472003722912063,Lazy SEP,Optimal,-78.92077865348104,-78.92077865348104,-78.92076902662002,,86.60203743804675,9.62686101502186e-06,1.2198132328737786e-07,0.014850208070129156,2.8318336009678615e-07,1.4159168903552302e-07,2.999999820135236,1.7883572982900303e-07,16775170.280590681,1.2841101016168965e-07,1.2841101016168965e-07,-3.887859634232882e-08,4.926281393273349e-10,1.0000000016528634,1.0000000017337753,0.9999997993164477,0.99999991515238,0.0,9.62686101502186e-06,1.2198132328737786e-07,1.9789869881714495e-09,3.6264831262233623e-09,1.9789869881714495e-09,3.6264831262233623e-09,coordinate,,,,,0,1,1,225,,,
square,6,6,534,ellipsoids,5.0,1.0,True,0.013261644789571906,0.8541367022102548,Shor,Optimal,-64.40654351426245,-64.40654351426245,-41.1637311363601,,80.84512726497759,23.242812377902354,0.36087656796479645,0.00172354094684124,0.8779715196745936,0.6157678562756416,2.1233007145793223,0.8766992837093357,2.4219259146597976,,,-2.9082529806601087e-07,4.515461973232724e-09,1.0000000165574545,1.000000017165246,0.7898291673443383,0.3321993080305883,0.0,23.242812377902354,0.36087656796479645,,,,,,,,,,,,,,,,
square,6,6,534,ellipsoids,5.0,1.0,True,0.013261644789571906,0.8541367022102548,KRON,Optimal,-63.55240682093669,-63.55240682093669,-63.55240620122519,,79.99099057165182,6.197114998940378e-07,9.75118852131152e-09,0.07217933284118772,2.3863242418361108e-08,1.1931621293472685e-08,2.9999999827080153,1.7654342018228434e-08,169929866.52294716,,,-4.386627949770627e-09,6.902378948652969e-11,1.000000000345793,1.0000000003468694,0.9999999970368489,0.9999999793467087,0.0,6.197114998940378e-07,9.75118852131152e-09,,,,,,,,,,,,,,,,
square,6,6,534,ellipsoids,5.0,1.0,True,0.013261644789571906,0.8541367022102548,Lazy KRON,Optimal,-63.552406939970375,-63.552406939970375,-63.552400868233825,,79.9909906906855,6.0717365499840525e-06,9.55390494606951e-08,0.008464291924610734,2.3056883581437068e-07,1.1528442531826684e-07,2.9999998376809422,1.6598306356820873e-07,18074132.222822413,,,-2.3027294560051814e-07,3.6233552226908855e-09,1.0000000141555276,1.0000000147182313,0.9999999672479911,0.99999980287721,0.0,6.0717365499840525e-06,9.55390494606951e-08,,,,,,1.32150265402628e-09,1.32150265402628e-09,1.4683363178771935e-10,1.4683363178771935e-10,3,4,4,,,,
square,6,6,534,ellipsoids,5.0,1.0,True,0.013261644789571906,0.8541367022102548,Full SEP,Optimal,-63.552406831429586,-63.552406831429586,-63.55240598639637,,79.99099058214472,8.45033213181523e-07,1.3296635883876789e-08,0.021127833053469658,3.068207129546734e-08,1.5341035811706587e-08,2.9999999749026953,2.39623075020755e-08,125196622.84789768,1.5495211438909453e-08,1.5495211438909453e-08,-2.887065875256667e-08,4.5428112312323633e-10,1.000000001794805,1.00000000186827,0.9999999935806192,0.9999999738835583,0.0,8.45033213181523e-07,1.3296635883876789e-08,,,,,,,,,,,,,225,,,
square,6,6,534,ellipsoids,5.0,1.0,True,0.013261644789571906,0.8541367022102548,Lazy SEP,Optimal,-63.55240682552097,-63.55240682552097,-63.552406221571545,,79.9909905762361,6.039494238052612e-07,9.503171539409441e-09,0.01413254113867879,2.3029808098685625e-08,1.151490413649436e-08,2.9999999824687658,1.783056075113321e-08,168250456.30032152,8.83728292856914e-09,8.83728292856914e-09,-1.0491149282643164e-08,1.6507870915803294e-10,1.0000000010545187,1.0000000000785267,0.9999999975924567,0.9999999797258117,0.0,6.039494238052612e-07,9.503171539409441e-09,1.0147991756810637e-09,2.9925388498505323e-09,1.0147991756810637e-09,2.9925388498505323e-09,coordinate,,,,,0,1,1,225,,,
square,6,6,632,ellipsoids,5.0,1.0,True,0.01130966934465458,0.49360640481415174,Shor,Optimal,-43.64463626405229,-43.64463626405229,-24.188186145659277,,50.49747110979652,19.45645011839301,0.4457924680751259,0.0016175000928342342,0.9801766694635692,0.6928618194247943,2.020077741205376,0.9799222562210375,2.0614673545589053,,,-2.800654641532674e-08,6.416950354651989e-10,1.000000001901638,1.0000000019379693,0.6074515803235429,0.41237174685315947,0.0,19.45645011839301,0.4457924680751259,,,,,,,,,,,,,,,,
square,6,6,632,ellipsoids,5.0,1.0,True,0.01130966934465458,0.49360640481415174,KRON,Optimal,-43.15103017985796,-43.15103017985796,-43.15101000303946,,50.003865025602195,2.0176818502193328e-05,4.675860209615914e-07,0.07540150010026991,8.829908519039176e-07,4.4149556960603195e-07,2.999999227891464,7.073060736762512e-07,4241444.177481539,,,-1.7929401963101554e-07,4.155034512124033e-09,1.0000000151953765,1.0000000148754167,0.999999688133544,0.9999992969905515,0.0,2.0176818502193328e-05,4.675860209615914e-07,,,,,,,,,,,,,,,,
square,6,6,632,ellipsoids,5.0,1.0,True,0.01130966934465458,0.49360640481415174,Lazy KRON,Optimal,-43.15103058849997,-43.15103058849997,-43.15101649207098,,50.003865434244204,1.4096428991194898e-05,3.266765312194348e-07,0.008520417148247361,6.8844706911686e-07,3.4422364126072317e-07,2.9999993538671186,6.46061746446582e-07,4643518.007941932,,,-2.818272477611572e-07,6.53118231285688e-09,1.0000000184881461,1.000000018771877,0.9999997342363597,0.9999995678806088,0.0,1.4096428991194898e-05,3.266765312194348e-07,,,,,,1.2135190721737578e-07,1.2135190721737578e-07,1.3483546303189687e-08,1.3483546303189687e-08,3,4,4,,,,
square,6,6,632,ellipsoids,5.0,1.0,True,0.01130966934465458,0.49360640481415174,Full SEP,Optimal,-43.151029870491186,-43.151029870491186,-43.151029444279345,,50.00386471623542,4.262118409315008e-07,9.877211325214871e-09,0.025054208002984524,1.7632250210291873e-08,8.816125162327827e-09,2.999999984208465,1.3625442737004904e-08,220176330.5687573,8.323128349709365e-09,8.323128349709365e-09,-1.1003436384271481e-08,2.5499823335146346e-10,1.0000000007768186,1.0000000007791146,0.9999999930219965,0.9999999855581698,0.0,4.262118409315008e-07,9.877211325214871e-09,,,,,,,,,,,,,225,,,
square,6,6,632,ellipsoids,5.0,1.0,True,0.01130966934465458,0.49360640481415174,Lazy SEP,Optimal,-43.15102987384437,-43.15102987384437,-43.151029078940155,,50.003864719588606,7.949042171162546e-07,1.8421442534285353e-08,0.027930125128477812,3.332403633428433e-08,1.6662018375008508e-08,2.9999999698970665,2.606204215542161e-08,115109934.67075585,1.5336389577269528e-08,1.5336389577269528e-08,-1.6681639181115315e-08,3.8658727798352613e-10,1.0000000009325052,1.0000000012468857,0.9999999859889084,0.9999999735714042,0.0,7.949042171162546e-07,1.8421442534285353e-08,4.731229227838973e-10,1.4107730720584236e-09,4.731229227838973e-10,1.4107730720584236e-09,coordinate,,,,,50,2,2,225,,,
square,6,6,966,ellipsoids,5.0,1.0,True,0.033883403543391435,1.7271226420163543,Shor,Optimal,-50.9725252306659,-50.9725252306659,-12.301834020363636,,56.789716161299836,38.670691210302266,0.7586575519911136,0.0016091251745820045,1.6384149821933502,0.9677801408402636,1.7112939854763989,1.288706013819906,1.3279165047145878,,,-1.5653462526188378e-08,3.070960768639926e-10,1.0000000012717893,1.0000000013651593,0.1616687110412856,0.19991630567121488,0.0,38.670691210302266,0.7586575519911136,,,,,,,,,,,,,,,,
square,6,6,966,ellipsoids,5.0,1.0,True,0.033883403543391435,1.7271226420163543,KRON,Optimal,-49.24540274854059,-49.24540274854059,-49.24538272513719,,55.062593679174526,2.002340340112596e-05,4.0660452110363463e-07,0.08748800004832447,8.372174839807374e-07,4.1860874961695416e-07,2.999999701462392,3.1230733629744594e-07,9605921.324259734,,,-6.330095914108824e-08,1.285418650433602e-09,1.0000000062366556,1.0000000080541767,0.9999995956274543,0.9999995734710804,0.0,2.002340340112596e-05,4.0660452110363463e-07,,,,,,,,,,,,,,,,
square,6,6,966,ellipsoids,5.0,1.0,True,0.033883403543391435,1.7271226420163543,Lazy KRON,Optimal,-49.24540607848189,-49.24540607848189,-49.24524680734757,,55.06259700911583,0.00015927113432212536,3.2342333428685026e-06,0.010440916055813432,7.041502757020497e-06,3.52075246509101e-06,2.999997241178386,2.7585611382495427e-06,1087522.476693066,,,-2.2730077375854307e-08,4.6156746762590643e-10,1.0000000017645132,1.0000000019164061,0.999995762694162,0.9999971955517404,0.0,0.00015927113432212536,3.2342333428685026e-06,,,,,,6.887306268138918e-07,6.887306268138918e-07,7.652567303052763e-08,7.652567303052763e-08,4,5,5,,,,
square,6,6,966,ellipsoids,5.0,1.0,True,0.033883403543391435,1.7271226420163543,Full SEP,Optimal,-49.245402609208234,-49.245402609208234,-49.24540100242069,,55.06259353984217,1.6067875421299505e-06,3.262817353491395e-08,0.020402667112648487,6.742660169579295e-08,3.371330098723902e-08,2.999999970858317,2.5899796398932747e-08,115831025.25786412,4.273213173418511e-08,4.273213173418511e-08,-2.4200836890031496e-08,4.914334254119036e-10,1.0000000020019941,1.0000000021564195,0.9999999588728414,0.9999999702185636,0.0,1.6067875421299505e-06,3.262817353491395e-08,,,,,,,,,,,,,225,,,
square,6,6,966,ellipsoids,5.0,1.0,True,0.033883403543391435,1.7271226420163543,Lazy SEP,Optimal,-49.24540260626722,-49.24540260626722,-49.24540051683963,,55.062593536901154,2.0894275891691905e-06,4.242888632416784e-08,0.013701374875381589,8.760543917689309e-08,4.38027197628559e-08,2.999999964633603,3.291043007442765e-08,91156510.49983358,4.8085623236751096e-08,4.8085623236751096e-08,-1.5504610928473994e-08,3.1484382516756596e-10,1.0000000011736738,1.0000000013357049,0.9999999511964144,0.9999999586564274,0.0,2.0894275891691905e-06,4.242888632416784e-08,4.2534589739240403e-10,9.817898631426769e-10,4.2534589739240403e-10,9.817898631426769e-10,coordinate,,,,,0,1,1,225,,,
square,6,6,988,ellipsoids,5.0,1.0,True,0.01592212698650066,1.024522245016115,Shor,Optimal,-64.34581547331842,-64.34581547331842,-37.81937022674492,,84.64635890809116,26.526445246573502,0.41224817886678167,0.0015972498804330826,1.0181413638428745,0.7162015451514282,1.992250516961073,1.007749484819128,1.9769303254157895,,,-1.364671646797433e-07,2.1208397729659767e-09,1.0000000089286085,1.0000000086487066,0.282446887910136,0.6994117485153921,0.0,26.526445246573502,0.41224817886678167,,,,,,,,,,,,,,,,
square,6,6,988,ellipsoids,5.0,1.0,True,0.01592212698650066,1.024522245016115,KRON,Optimal,-63.32129333760155,-63.32129333760155,-63.32128695843247,,83.62183677237428,6.379169086301317e-06,1.0074287415909789e-07,0.06612624996341765,2.496070284504336e-07,1.2480352147735348e-07,2.999999839913383,1.6574458856589593e-07,18100137.481837954,,,-8.214955471430585e-08,1.2973448643305533e-09,1.0000000075552837,1.000000007259027,0.9999998024559917,0.9999999497185019,0.0,6.379169086301317e-06,1.0074287415909789e-07,,,,,,,,,,,,,,,,
square,6,6,988,ellipsoids,5.0,1.0,True,0.01592212698650066,1.024522245016115,Lazy KRON,Optimal,-63.32129380305172,-63.32129380305172,-63.321283404626364,,83.62183723782445,1.0398425352775575e-05,1.642168807402737e-07,0.008692333940416574,4.0075547532751576e-07,2.0037776197422937e-07,2.999999708665678,3.0002069338711405e-07,9999309.29695841,,,-2.0427105340559137e-07,3.2259456675180363e-09,1.0000000157082427,1.0000000131533358,0.9999997113995754,0.9999998956476153,0.0,1.0398425352775575e-05,1.642168807402737e-07,,,,,,5.399592168815089e-08,5.399592168815089e-08,5.999547108138537e-09,5.999547108138537e-09,3,4,4,,,,
square,6,6,988,ellipsoids,5.0,1.0,True,0.01592212698650066,1.024522245016115,Full SEP,Optimal,-63.321293239910176,-63.321293239910176,-63.32129255055424,,83.62183667468291,6.893559358900347e-07,1.0886637031846771e-08,0.020201915875077248,2.615487193017514e-08,1.307743606761623e-08,2.999999980444068,1.8649416439408602e-08,160862941.2180793,1.2116915707584836e-08,1.2116915707584836e-08,-2.0172670645024482e-08,3.1857641581315717e-10,1.0000000014814983,1.0000000013762231,0.9999999801138412,0.9999999925784737,0.0,6.893559358900347e-07,1.0886637031846771e-08,,,,,,,,,,,,,225,,,
square,6,6,988,ellipsoids,5.0,1.0,True,0.01592212698650066,1.024522245016115,Lazy SEP,Optimal,-63.32129324532409,-63.32129324532409,-63.32129250555472,,83.62183668009682,7.397693693178553e-07,1.1682789965324705e-08,0.015673666959628463,2.8464336862184544e-08,1.4232168519776936e-08,2.999999981600339,1.8476438594198506e-08,162368952.56114572,1.1361917143893662e-08,1.1361917143893662e-08,-1.554351314325686e-08,2.4547055732164247e-10,1.0000000009367283,1.0000000027616975,0.9999999771424876,0.9999999942567015,0.0,7.397693693178553e-07,1.1682789965324705e-08,2.554566509715972e-09,7.732386476549903e-09,2.554566509715972e-09,7.732386476549903e-09,coordinate,,,,,0,1,1,225,,,
square,6,6,1394,ellipsoids,5.0,1.0,True,0.02372317563931983,0.8535969237911161,Shor,Optimal,-35.981562366225845,-35.981562366225845,-20.88413358039143,,43.512437609169424,15.097428785834413,0.4195879165048609,0.0015800839755684137,1.0075657818839365,0.7091086649159959,2.001895564155258,0.9981044352177596,2.0056974936881207,,,-7.220890552162018e-09,2.0068307425527246e-10,1.0000000007812018,1.0000000007546364,0.4436520706831829,0.5487821465784221,0.0,15.097428785834413,0.4195879165048609,,,,,,,,,,,,,,,,
square,6,6,1394,ellipsoids,5.0,1.0,True,0.02372317563931983,0.8535969237911161,KRON,Optimal,-35.12796544636089,-35.12796544636089,-35.12796538104321,,42.65884068930447,6.531767837714142e-08,1.8594210495019733e-09,0.06803525006398559,4.172284143370895e-09,2.0861420743382123e-09,2.999999996825956,3.1065866951128994e-09,965690093.7435226,,,-1.3549765753850807e-09,3.8572589051708105e-11,1.0000000001780887,1.0000000001804952,0.9999999970353509,0.9999999985329177,0.0,6.531767837714142e-08,1.8594210495019733e-09,,,,,,,,,,,,,,,,
square,6,6,1394,ellipsoids,5.0,1.0,True,0.02372317563931983,0.8535969237911161,Lazy KRON,Optimal,-35.12796904738017,-35.12796904738017,-35.12791350758019,,42.658844290323756,5.553979998040859e-05,1.5810706251049468e-06,0.008531375089660287,3.7354558221408735e-06,1.8677308522335946e-06,2.9999966540888012,3.344305199964039e-06,897046.3144694628,,,-3.529418535208606e-08,1.0047317368243436e-09,1.0000000038577093,1.0000000035069325,0.9999978898950383,0.9999983711095907,0.0,5.553979998040859e-05,1.5810706251049468e-06,,,,,,7.539467438573947e-07,7.539467438573947e-07,8.377189520001493e-08,8.377189520001493e-08,3,4,4,,,,
square,6,6,1394,ellipsoids,5.0,1.0,True,0.02372317563931983,0.8535969237911161,Full SEP,Optimal,-35.12796545820408,-35.12796545820408,-35.12796502547751,,42.65884070114767,4.3272657279658233e-07,1.2318577724390233e-08,0.022557375021278858,2.5590180546629977e-08,1.2795090425742865e-08,2.9999999733348366,2.2495182609396622e-08,133361885.7613401,1.674960147513678e-08,1.674960147513678e-08,-1.4110689505741902e-08,4.0169390175844566e-10,1.0000000015380601,1.0000000008987648,0.9999999846993539,0.9999999837599647,0.0,4.3272657279658233e-07,1.2318577724390233e-08,,,,,,,,,,,,,225,,,
square,6,6,1394,ellipsoids,5.0,1.0,True,0.02372317563931983,0.8535969237911161,Lazy SEP,Optimal,-35.12796545156397,-35.12796545156397,-35.12796496712594,,42.65884069450756,4.844380327995168e-07,1.3790665829123575e-08,0.014562084106728435,2.9605145969443035e-08,1.4802573175422632e-08,2.9999999711930148,2.605808188581004e-08,115127428.96194015,1.5575257205719194e-08,1.5575257205719194e-08,-7.451184558249224e-09,2.1211546021710976e-10,1.0000000007672594,1.000000000788837,0.9999999806671903,0.9999999843427549,0.0,4.844380327995168e-07,1.3790665829123575e-08,2.6174267440948196e-09,9.646984021927336e-09,2.6174267440948196e-09,9.646984021927336e-09,coordinate,,,,,0,1,1,225,,,
square,6,6,1450,ellipsoids,5.0,1.0,True,0.014562658431833653,0.9845285153004255,Shor,Optimal,-67.60637282738622,-67.60637282738622,-31.77416691068811,,77.52060107056634,35.832205916698115,0.5300122520725307,0.0015246670227497816,1.1942152468933978,0.8237873451344395,1.8264173596709374,1.1735826368951523,1.556275035308067,,,-2.374131895521714e-07,3.5116983743283923e-09,1.0000000144227799,1.0000000150613566,0.5582133706052228,0.2475713770727812,0.0,35.832205916698115,0.5300122520725307,,,,,,,,,,,,,,,,
square,6,6,1450,ellipsoids,5.0,1.0,True,0.014562658431833653,0.9845285153004255,KRON,Optimal,-66.621844330113,-66.621844330113,-66.62184292278444,,76.53607257329313,1.4073285683480208e-06,2.1124131018869283e-08,0.06826183293014765,4.68406284749688e-08,2.3420314453365906e-08,2.9999999721867687,2.8343506412624275e-08,105844348.56128317,,,-7.661881795684167e-09,1.1500554919673702e-10,1.0000000006092473,1.0000000006118732,0.999999986174555,0.9999999672566273,0.0,1.4073285683480208e-06,2.1124131018869283e-08,,,,,,,,,,,,,,,,
square,6,6,1450,ellipsoids,5.0,1.0,True,0.014562658431833653,0.9845285153004255,Lazy KRON,Optimal,-66.62184788199802,-66.62184788199802,-66.6216859326483,,76.53607612517814,0.00016194934971736075,2.4308744783574414e-06,0.008527165977284312,5.406545213116371e-06,2.7032763474134096e-06,2.9999963527864493,3.654706363911909e-06,820858.382060365,,,-4.0291648417678516e-07,6.047813097145535e-09,1.0000000227070882,1.000000024470043,0.9999981092739678,0.9999964846034615,0.0,0.00016194934971736075,2.4308744783574414e-06,,,,,,4.830854105628238e-07,4.830854105628238e-07,5.367618629629311e-08,5.367618629629311e-08,3,4,4,,,,
square,6,6,1450,ellipsoids,5.0,1.0,True,0.014562658431833653,0.9845285153004255,Full SEP,Optimal,-66.62184433115263,-66.62184433115263,-66.62184373778211,,76.53607257433275,5.933705153893243e-07,8.906545913678076e-09,0.020376041065901518,1.8499683003460336e-08,9.249841546988255e-09,2.9999999868508933,1.2155588617729224e-08,246800058.9025627,1.402749389310136e-08,1.402749389310136e-08,-2.6674626951717073e-08,4.003885995579368e-10,1.0000000016746737,1.0000000016472799,0.9999999919021672,0.9999999880627245,0.0,5.933705153893243e-07,8.906545913678076e-09,,,,,,,,,,,,,225,,,
square,6,6,1450,ellipsoids,5.0,1.0,True,0.014562658431833653,0.9845285153004255,Lazy SEP,Optimal,-66.62184435569507,-66.62184435569507,-66.62183969165919,,76.5360725988752,4.664035884616169e-06,7.000760681008481e-08,0.013812500052154064,1.5290694197652862e-07,7.645347359780048e-08,2.999999900356079,9.45221858585233e-08,31738579.393903866,6.946128998532937e-08,6.946128998532937e-08,-5.382725021263468e-08,8.079519673044497e-10,0.9999999974331402,1.000000007453068,0.9999999438906783,0.9999998977298534,0.0,4.664035884616169e-06,7.000760681008481e-08,2.4076016180707427e-09,6.727846538717075e-09,2.4076016180707427e-09,6.727846538717075e-09,coordinate,,,,,0,1,1,225,,,
square,6,6,2231,ellipsoids,5.0,1.0,True,0.03438081762057944,2.1273130509741307,Shor,Optimal,-61.87499885694334,-61.87499885694334,-16.738399115914117,,67.18985401786074,45.13659974102923,0.7294804133311785,0.001538249896839261,1.5928768503908148,0.9677485518074783,1.6082486071519808,1.3917513858702026,1.155557395868093,,,-3.178849752316637e-07,5.137535048147997e-09,1.000000021868437,1.0000000220663716,0.21895425379338504,0.18816888057120448,0.0,45.13659974102923,0.7294804133311785,,,,,,,,,,,,,,,,
square,6,6,2231,ellipsoids,5.0,1.0,True,0.03438081762057944,2.1273130509741307,KRON,Optimal,-59.74768592147051,-59.74768592147051,-59.74754436755113,,65.06254108238791,0.0001415539193843074,2.36919501067136e-06,0.06890037516131997,5.010832915065231e-06,2.5054170503759907e-06,2.9999980166330356,1.991142846990683e-06,1506671.4179583285,,,-1.131637432649768e-07,1.8940272166141094e-09,1.0000000099512443,1.0000000100145432,0.9999974979566895,0.9999974981639418,0.0,0.0001415539193843074,2.36919501067136e-06,,,,,,,,,,,,,,,,
square,6,6,2231,ellipsoids,5.0,1.0,True,0.03438081762057944,2.1273130509741307,Lazy KRON,Optimal,-59.74768814620274,-59.74768814620274,-59.74753205073577,,65.06254330712014,0.00015609546696992993,2.6125775207898243e-06,0.015272125136107206,5.494163462571724e-06,2.7470826430184604e-06,2.999997725660712,2.274327555639865e-06,1319070.2096632186,,,-7.942610125155625e-08,1.3293585696102648e-09,1.0000000055989529,1.0000000050577618,0.9999976608693164,0.9999968481117488,0.0,0.00015609546696992993,2.6125775207898243e-06,,,,,,3.495591621768288e-07,3.495591621768288e-07,3.883992600029202e-08,3.883992600029202e-08,6,7,7,,,,
square,6,6,2231,ellipsoids,5.0,1.0,True,0.03438081762057944,2.1273130509741307,Full SEP,Optimal,-59.74768581280287,-59.74768581280287,-59.74768562239159,,65.06254097372027,1.9041127785612844e-07,3.1869230626389663e-09,0.023762250086292624,6.426041796096525e-09,3.2130209000041032e-09,2.999999996939339,2.8206085501799236e-09,1063600263.4069773,3.937280656952328e-09,3.937280656952328e-09,-5.1028692382715235e-09,8.540697717162577e-11,1.0000000003584457,1.000000000302284,0.9999999973054869,0.9999999959907926,0.0,1.9041127785612844e-07,3.1869230626389663e-09,,,,,,,,,,,,,225,,,
square,6,6,2231,ellipsoids,5.0,1.0,True,0.03438081762057944,2.1273130509741307,Lazy SEP,Optimal,-59.74768584235576,-59.74768584235576,-59.74767950438299,,65.06254100327315,6.337972770609213e-06,1.0607896659515735e-07,0.014037250075489283,2.191090493348969e-07,1.095545262761696e-07,2.999999905536077,8.964259035568333e-08,33466234.00364375,1.1111235459019437e-07,1.1111235459019437e-07,-4.79154920185465e-08,8.019639814163096e-10,1.0000000032181169,1.000000003012153,0.9999998954281264,0.9999998799300439,0.0,6.337972770609213e-06,1.0607896659515735e-07,8.475420920639465e-10,2.4367775912474758e-09,8.475420920639465e-10,2.4367775912474758e-09,coordinate,,,,,0,1,1,225,,,
square,6,6,2486,ellipsoids,5.0,1.0,True,0.023134373912648908,1.6688332468787195,Shor,Optimal,-72.13652088359613,-72.13652088359613,-26.989243518875547,,82.58217184242434,45.14727736472059,0.6258588134236883,0.0016222919803112745,1.3949218567040194,0.8752011395992191,1.8538717556439344,1.1461282386882103,1.6175081400714504,,,-1.5767834327107266e-07,2.1858323819845985e-09,1.0000000086535605,1.0000000088871215,0.1876919569647512,0.41738617713942416,0.0,45.14727736472059,0.6258588134236883,,,,,,,,,,,,,,,,
square,6,6,2486,ellipsoids,5.0,1.0,True,0.023134373912648908,1.6688332468787195,KRON,Optimal,-70.46768763988227,-70.46768763988227,-70.46768758271458,,80.91333859871048,5.716769635455421e-08,8.112611364048687e-10,0.06697649997659028,1.674790136997238e-09,8.373950686113626e-10,2.999999999239911,7.061237719271753e-10,4248546952.4021497,,,-6.516245321108727e-10,9.247139418579073e-12,1.0000000000426044,1.000000000045524,0.9999999990188366,0.9999999992432971,0.0,5.716769635455421e-08,8.112611364048687e-10,,,,,,,,,,,,,,,,
square,6,6,2486,ellipsoids,5.0,1.0,True,0.023134373912648908,1.6688332468787195,Lazy KRON,Optimal,-70.46768977190018,-70.46768977190018,-70.46764594989912,,80.91334073072838,4.382200106078926e-05,6.218736729221368e-07,0.0106907500885427,1.3885499445253055e-06,6.942750821341485e-07,2.99999932687561,6.811152162404582e-07,4404540.164929309,,,-6.834417263235082e-07,9.698653787796497e-09,1.000000035199617,1.0000000343040085,0.9999989894186339,0.9999996250119978,0.0,4.382200106078926e-05,6.218736729221368e-07,,,,,,2.0598416280961405e-07,2.0598416280961405e-07,2.2887132157702286e-08,2.2887132157702286e-08,4,5,5,,,,
square,6,6,2486,ellipsoids,5.0,1.0,True,0.023134373912648908,1.6688332468787195,Full SEP,Optimal,-70.46768768398266,-70.46768768398266,-70.46768555657084,,80.91333864281086,2.1274118182645907e-06,3.0189891114422825e-08,0.023028291994705796,6.360465876714359e-08,3.180232969503451e-08,2.9999999638262294,3.195148239756224e-08,93892356.11976227,2.984261531442717e-08,2.984261531442717e-08,-3.85155942694837e-08,5.465709963722609e-10,1.000000002073154,1.0000000021038946,0.9999999499676693,0.9999999807062679,0.0,2.1274118182645907e-06,3.0189891114422825e-08,,,,,,,,,,,,,225,,,
square,6,6,2486,ellipsoids,5.0,1.0,True,0.023134373912648908,1.6688332468787195,Lazy SEP,Optimal,-70.46768764860258,-70.46768764860258,-70.46768651640409,,80.91333860743077,1.132198491404779e-06,1.6066917039347907e-08,0.014886458171531558,3.430950896293946e-08,1.7154754571837933e-08,2.999999981290808,1.7795114649887307e-08,168585594.43503255,1.6827797500855857e-08,1.6827797500855857e-08,-1.4283571658779692e-08,2.026967555684076e-10,1.000000000275156,1.0000000006446805,0.9999999743793471,0.999999988707819,0.0,1.132198491404779e-06,1.6066917039347907e-08,7.222238501691791e-10,2.3304427090505922e-09,7.222238501691791e-10,2.3304427090505922e-09,coordinate,,,,,0,1,1,225,,,
square,8,8,65,ellipsoids,5.0,1.0,True,0.014657486758843916,1.0044141289340018,Shor,Optimal,-68.52567192857715,-68.52567192857715,-45.66588515385348,,86.75106181269302,22.859786774723673,0.33359449285736215,0.0020770421251654625,0.8204160396642733,0.5709606485596134,2.1796554415448113,0.8203445582218009,2.656999939476025,,,-1.3100404316901404e-08,1.9117513113268959e-10,1.0000000008054342,1.0000000008232504,0.6044411871139546,0.5751427728863387,0.0,22.859786774723673,0.33359449285736215,,,,,,,,,,,,,,,,
square,8,8,65,ellipsoids,5.0,1.0,True,0.014657486758843916,1.0044141289340018,KRON,Optimal,-67.52125787443786,-67.52125787443786,-67.52125709475504,,85.74664775855373,7.796828214168272e-07,1.1547220030567571e-08,0.6163122500292957,2.3690097901153774e-08,1.1845049030438063e-08,2.999999982044922,1.806616631669194e-08,166056258.39241397,,,-3.608795395848574e-08,5.344680341351858e-10,1.0000000029335339,1.0000000029498017,0.9999999900937014,0.9999999830110303,0.0,7.796828214168272e-07,1.1547220030567571e-08,,,,,,,,,,,,,,,,
square,8,8,65,ellipsoids,5.0,1.0,True,0.014657486758843916,1.0044141289340018,Lazy KRON,Optimal,-67.52125979012453,-67.52125979012453,-67.52123277719646,,85.7466496742404,2.7012928072167597e-05,4.0006552241666606e-07,0.011664874851703644,9.559736225327167e-07,4.779870379334644e-07,2.999999043240278,9.522200488241539e-07,3150531.2736744178,,,-3.53993385715512e-08,5.242695216526248e-10,1.0000000054678546,1.0000000113619212,0.9999995465486013,0.9999994848742825,0.0,2.7012928072167597e-05,4.0006552241666606e-07,,,,,,3.372319354436712e-07,3.372319354436712e-07,3.0657451582352075e-08,3.0657451582352075e-08,2,3,3,,,,
square,8,8,65,ellipsoids,5.0,1.0,True,0.014657486758843916,1.0044141289340018,Full SEP,Optimal,-67.5212578176024,-67.5212578176024,-67.52125678758951,,85.74664770171827,1.0300128963081079e-06,1.5254646160332477e-08,0.08310979208908975,3.1882492847305e-08,1.5941246674270737e-08,2.9999999657366896,3.031943842686978e-08,98946422.53921236,1.6580427137018442e-08,1.6580427137018442e-08,-2.0127075117670756e-08,2.980850145303979e-10,1.0000000014774069,1.0000000015485877,0.9999999781841352,0.9999999819114109,0.0,1.0300128963081079e-06,1.5254646160332477e-08,,,,,,,,,,,,,784,,,
square,8,8,65,ellipsoids,5.0,1.0,True,0.014657486758843916,1.0044141289340018,Lazy SEP,Optimal,-67.5212578395775,-67.5212578395775,-67.52125681205166,,85.74664772369337,1.0275258404135457e-06,1.5217812482919457e-08,0.0429626670666039,3.1870661554275374e-08,1.5935331029678304e-08,2.999999966100301,3.06925122918484e-08,97743708.2234897,2.484098044689252e-08,2.484098044689252e-08,-3.643327772806515e-08,5.395823314581357e-10,1.00000000226108,1.0000000022943287,0.9999999822522501,0.9999999794577608,0.0,1.0275258404135457e-06,1.5217812482919457e-08,9.048418542212389e-10,6.095649779105562e-09,9.048418542212389e-10,6.095649779105562e-09,coordinate,,,,,0,1,1,784,,,
square,8,8,1386,ellipsoids,5.0,1.0,True,0.011050200406702355,0.7592175437504523,Shor,Optimal,-68.70622394232404,-68.70622394232404,-33.072304161827475,,97.53345750392585,35.63391978049657,0.5186418018025518,0.002394084120169282,1.1614858741455731,0.7951194673386521,1.8942552096548682,1.1057447853126676,1.7131034528182163,,,-4.271672082722944e-08,6.217300031375369e-10,1.0000000021541742,1.0000000021346307,0.39048781659117204,0.4480263033899618,0.0,35.63391978049657,0.5186418018025518,,,,,,,,,,,,,,,,
square,8,8,1386,ellipsoids,5.0,1.0,True,0.011050200406702355,0.7592175437504523,KRON,Optimal,-67.98842663229972,-67.98842663229972,-52.13637054132045,,96.81566019390152,15.852056090979268,0.23315815464757828,0.7646874580532312,0.44175753571097565,0.2638224827700145,2.570693173820075,0.3708436604504583,6.932013265906965,,,-6.690072495985078e-09,9.840016643077868e-11,1.0000000003977372,1.0000000003974185,0.7053561315232746,0.7674557758477504,0.0,15.852056090979268,0.23315815464757828,,,,,,,,,,,,,,,,
square,8,8,1386,ellipsoids,5.0,1.0,True,0.011050200406702355,0.7592175437504523,Lazy KRON,Optimal,-67.98842933925911,-67.98842933925911,-52.149120045044434,,96.81566290086091,15.83930929421468,0.23297066056898094,0.10611170786432922,0.44141070062898363,0.2636098664386001,2.5709000932837798,0.37072033294046286,6.9348774934787905,,,-4.1237768755308934e-09,6.065409828712821e-11,1.0000000001845284,1.0000000002417044,0.705557509273367,0.7676774207345713,0.0,15.83930929421468,0.23297066056898094,,,,,,4.435033701634696e-07,4.435033701634696e-07,4.222743706801342e-08,4.222743706801342e-08,23,24,24,,,,
square,8,8,1386,ellipsoids,5.0,1.0,True,0.011050200406702355,0.7592175437504523,Full SEP,Optimal,-67.94700643889955,-67.94700643889955,-67.94700317794697,,96.77424000050135,3.2609525817406393e-06,4.799258646770565e-08,0.08946174988523126,9.640623808493084e-08,4.8203120725310974e-08,2.9999999175135725,7.58324351878149e-08,39560907.01931759,5.451626148670438e-08,5.451626148670438e-08,-3.841834939066757e-08,5.654163649610489e-10,1.0000000019235122,1.0000000023756317,0.9999999378563736,0.9999999547020001,0.0,3.2609525817406393e-06,4.799258646770565e-08,,,,,,,,,,,,,784,,,
square,8,8,1386,ellipsoids,5.0,1.0,True,0.011050200406702355,0.7592175437504523,Lazy SEP,Optimal,-67.94700640776999,-67.94700640776999,-67.94700237862246,,96.77423996937179,4.0291475329468085e-06,5.929838187081721e-08,0.05281212506815791,1.1714064972166561e-07,5.857032731561807e-08,2.999999899433213,8.901660937128152e-08,33701574.57829517,5.8317458670009605e-08,5.8317458670009605e-08,-8.828990871734277e-09,1.299393650803231e-10,1.0000000004046576,1.0000000005029426,0.999999923694059,0.9999999423285595,0.0,4.0291475329468085e-06,5.929838187081721e-08,4.786290162817064e-09,9.860008909352918e-09,4.786290162817064e-09,9.860008909352918e-09,coordinate,,,,,50,2,2,784,,,
square,8,8,1421,ellipsoids,5.0,1.0,True,0.021865251561066244,1.8908539643921358,Shor,Optimal,-86.47757649214668,-86.47757649214668,-30.018356174613917,,117.98777261317659,56.45922031753277,0.6528769954909643,0.0020014590118080378,1.4994313991620107,0.9414404244602382,1.6375280045112985,1.362471994284867,1.2018801203842744,,,-3.8700747495568066e-08,4.475234975980463e-10,1.0000000017310242,1.0000000017420199,0.26277260667374286,0.23779599270400412,0.0,56.45922031753277,0.6528769954909643,,,,,,,,,,,,,,,,
square,8,8,1421,ellipsoids,5.0,1.0,True,0.021865251561066244,1.8908539643921358,KRON,Optimal,-84.58672276107484,-84.58672276107484,-84.58669736991544,,116.09691888210475,2.539115939725889e-05,3.0017901827192443e-07,0.5547196660190821,6.692425109845551e-07,3.3462127809345975e-07,2.999999685778961,3.118941519973134e-07,9618646.795932237,,,-1.2793930181942414e-07,1.5125222687821087e-09,1.0000000076475422,1.0000000077047366,0.9999996587467259,0.9999996687607527,0.0,2.539115939725889e-05,3.0017901827192443e-07,,,,,,,,,,,,,,,,
square,8,8,1421,ellipsoids,5.0,1.0,True,0.021865251561066244,1.8908539643921358,Lazy KRON,Optimal,-84.58673005784533,-84.58673005784533,-84.58626799562961,,116.09692617887524,0.00046206221571765127,5.462585152560765e-06,0.026928041828796268,1.2302328195885523e-05,6.151172722249026e-06,2.9999940305525032,5.972467221573252e-06,502303.9757700424,,,-2.13802366033633e-07,2.527611197257803e-09,1.0000000107253317,1.0000000108422211,0.9999945576846828,0.9999931421489241,0.0,0.00046206221571765127,5.462585152560765e-06,,,,,,7.721845249407789e-07,7.721845249407789e-07,7.019866066603028e-08,7.019866066603028e-08,7,8,8,,,,
square,8,8,1421,ellipsoids,5.0,1.0,True,0.021865251561066244,1.8908539643921358,Full SEP,Optimal,-84.58672252818687,-84.58672252818687,-84.58672252775455,,116.09691864921678,4.3232262214587536e-10,5.1109986204018285e-12,0.1040066669229418,1.1192199153199042e-11,5.596099576606745e-12,2.9999999999943405,5.134079924397491e-12,584330599478.6213,6.339371309205531e-12,6.339371309205531e-12,-2.8279600883251987e-12,3.3432671272761944e-14,1.0000000000002114,1.000000000000135,0.9999999999946516,0.999999999993711,0.0,4.3232262214587536e-10,5.1109986204018285e-12,,,,,,,,,,,,,784,,,
square,8,8,1421,ellipsoids,5.0,1.0,True,0.021865251561066244,1.8908539643921358,Lazy SEP,Optimal,-84.5867225574114,-84.5867225574114,-84.5867189980437,,116.09691867844131,3.5593677125689283e-06,4.20795085204192e-08,0.02991479216143489,9.153039169263819e-08,4.57651963881755e-08,2.9999999522844973,4.388125763711641e-08,68366316.596792,5.585088493331851e-08,5.585088493331851e-08,-3.82319740310777e-08,4.519855229658363e-10,1.0000000018422004,1.0000000019577266,0.9999999566474446,0.9999999478623524,0.0,3.5593677125689283e-06,4.20795085204192e-08,4.538220910177415e-10,2.2847929179685595e-09,4.538220910177415e-10,2.2847929179685595e-09,coordinate,,,,,0,1,1,784,,,
square,8,8,1516,ellipsoids,5.0,1.0,True,0.014876764251167313,1.1066869196526596,Shor,Optimal,-74.39029757871056,-74.39029757871056,-20.13665526886986,,84.78126188972801,54.2536423098407,0.7293107310457556,0.0020926250144839287,1.599362605391071,0.9645147747159893,1.659556402464255,1.3404435957415488,1.2380650761706757,,,-4.440551037987461e-08,5.969261022634064e-10,1.0000000027718077,1.0000000027333282,0.23705530181901602,0.16358209042545618,0.0,54.2536423098407,0.7293107310457556,,,,,,,,,,,,,,,,
square,8,8,1516,ellipsoids,5.0,1.0,True,0.014876764251167313,1.1066869196526596,KRON,Optimal,-73.28361066329012,-73.28361066329012,-73.2836105614869,,83.67457497430757,1.0180322362884908e-07,1.3891676830252752e-09,0.593360791914165,2.9735467491707938e-09,1.486773374852021e-09,2.999999998785032,1.26343026116348e-09,2374488003.811435,,,-8.137419627018971e-10,1.1104010232802626e-11,1.000000000055424,1.0000000000564642,0.999999998540008,0.9999999985329482,0.0,1.0180322362884908e-07,1.3891676830252752e-09,,,,,,,,,,,,,,,,
square,8,8,1516,ellipsoids,5.0,1.0,True,0.014876764251167313,1.1066869196526596,Lazy KRON,Optimal,-73.28361188342564,-73.28361188342564,-73.28349445254503,,83.67457619444309,0.0001174308806071167,1.6024166602748431e-06,0.020112833008170128,3.4879634712875334e-06,1.743982212211937e-06,2.999998473798422,1.5288557445811456e-06,1962250.8431103285,,,-1.276344221423642e-07,1.7416502661658649e-09,1.0000000073796231,1.0000000071042423,0.9999985029188287,0.9999980108780276,0.0,0.0001174308806071167,1.6024166602748431e-06,,,,,,1.991289972403133e-07,1.991289972403133e-07,1.810264097521515e-08,1.810264097521515e-08,5,6,6,,,,
square,8,8,1516,ellipsoids,5.0,1.0,True,0.014876764251167313,1.1066869196526596,Full SEP,Optimal,-73.28361066136786,-73.28361066136786,-73.28361058767157,,83.67457497238532,7.36962846303868e-08,1.005631190457111e-09,0.07867641700431705,2.1585156925664967e-09,1.0792578464613596e-09,2.9999999990521795,9.25307721871529e-10,3242164663.863795,9.94486076642826e-10,9.94486076642826e-10,-2.8340707558527356e-10,3.867264085756548e-12,1.000000000019249,1.000000000019258,0.999999998990192,0.9999999988264446,0.0,7.36962846303868e-08,1.005631190457111e-09,,,,,,,,,,,,,784,,,
square,8,8,1516,ellipsoids,5.0,1.0,True,0.014876764251167313,1.1066869196526596,Lazy SEP,Optimal,-73.28361067038848,-73.28361067038848,-73.28360948502645,,83.67457498140594,1.1853620378587948e-06,1.6174995022969862e-08,0.03276912518776953,3.4296107935373556e-08,1.714805401373352e-08,2.999999984860591,1.4790735440390429e-08,202829669.75855803,1.3361245893545502e-08,1.3361245893545502e-08,-9.984418625208491e-09,1.3624354113931328e-10,1.000000000671047,1.0000000005774068,0.9999999836488677,0.9999999814454448,0.0,1.1853620378587948e-06,1.6174995022969862e-08,4.1634421604763716e-10,1.977885981476971e-09,4.1634421604763716e-10,1.977885981476971e-09,coordinate,,,,,0,1,1,784,,,
square,8,8,1659,ellipsoids,5.0,1.0,True,0.01011262262218571,0.7122438110281024,Shor,Optimal,-70.43116683357066,-70.43116683357066,-40.552821164107584,,79.31185615904386,29.878345669463073,0.42422051220684465,0.002018833067268133,1.010023423188889,0.7112611290125658,1.998238598905905,1.001761397937413,1.9947250942392063,,,-5.5920835961842386e-08,7.939785534716997e-10,1.0000000030578553,1.0000000030066274,0.4423611314692174,0.5476154414507715,0.0,29.878345669463073,0.42422051220684465,,,,,,,,,,,,,,,,
square,8,8,1659,ellipsoids,5.0,1.0,True,0.01011262262218571,0.7122438110281024,KRON,Optimal,-69.71892315420673,-69.71892315420673,-69.71891396384662,,78.59961247967993,9.19036011737262e-06,1.318201673460312e-07,0.5664676250889897,3.132202272425852e-07,1.5661012518615063e-07,2.999999795985224,2.024482543357559e-07,14818600.46572588,,,-9.234142339664686e-08,1.3244814925268264e-09,1.0000000058356042,1.000000005834952,0.9999998061211671,0.9999998772117821,0.0,9.19036011737262e-06,1.318201673460312e-07,,,,,,,,,,,,,,,,
square,8,8,1659,ellipsoids,5.0,1.0,True,0.01011262262218571,0.7122438110281024,Lazy KRON,Optimal,-69.71892370719651,-69.71892370719651,-69.71889156579789,,78.59961303266971,3.214139861995591e-05,4.6101398172671754e-07,0.02035091700963676,1.0796920240097494e-06,5.398461975861219e-07,2.999999183162534,8.203569039833564e-07,3656943.9089201577,,,-1.0222824187167134e-07,1.4662911650932324e-09,1.0000000071968247,1.0000000051443532,0.99999944550147,0.9999994773659883,0.0,3.214139861995591e-05,4.6101398172671754e-07,,,,,,1.0678848241608781e-07,1.0678848241608781e-07,9.708044749055396e-09,9.708044749055396e-09,5,6,6,,,,
square,8,8,1659,ellipsoids,5.0,1.0,True,0.01011262262218571,0.7122438110281024,Full SEP,Optimal,-69.71892304329265,-69.71892304329265,-69.71892159194135,,78.59961236876583,1.4513512951452867e-06,2.081717892062182e-08,0.07855170802213252,4.532531169443543e-08,2.2662656199555416e-08,2.9999999627889213,3.427141779549218e-08,87536499.96889012,2.707101118414495e-08,2.707101118414495e-08,-2.3380408720186097e-08,3.353524079204121e-10,1.000000001368793,1.0000000013832406,0.9999999740403374,0.999999976513844,0.0,1.4513512951452867e-06,2.081717892062182e-08,,,,,,,,,,,,,784,,,
square,8,8,1659,ellipsoids,5.0,1.0,True,0.01011262262218571,0.7122438110281024,Lazy SEP,Optimal,-69.71892305013401,-69.71892305013401,-69.71892166537116,,78.5996123756072,1.3847628537178025e-06,1.986208038127664e-08,0.030403750017285347,4.365256712418234e-08,2.1826283909571303e-08,2.9999999632440932,3.497434403207998e-08,85777161.69579516,2.6132628828835236e-08,2.6132628828835236e-08,-2.4764858608250506e-08,3.552099993059618e-10,1.0000000013355395,1.0000000012021806,0.9999999760082695,0.9999999773046677,0.0,1.3847628537178025e-06,1.986208038127664e-08,1.94928574930725e-09,7.188754208813416e-09,1.94928574930725e-09,7.188754208813416e-09,coordinate,,,,,0,1,1,784,,,
square,8,8,2276,ellipsoids,5.0,1.0,True,0.02392809966491364,1.6152526491898556,Shor,Optimal,-67.50442667030262,-67.50442667030262,-22.13603225115557,,78.94656356833093,45.36839441914705,0.6720802865378024,0.0018823337741196156,1.5006902855243953,0.8828362127045709,1.9405189418761912,1.0594810527992895,1.8315749363795442,,,-9.231601438841608e-08,1.3675549729397061e-09,1.0000000060511267,1.000000006315595,0.15477016589452056,0.3445395423418369,0.0,45.36839441914705,0.6720802865378024,,,,,,,,,,,,,,,,
square,8,8,2276,ellipsoids,5.0,1.0,True,0.02392809966491364,1.6152526491898556,KRON,Optimal,-65.88917406410889,-65.88917406410889,-65.88917281997718,,77.3313109621372,1.244131709654539e-06,1.888218705616226e-08,0.4843590829987079,3.902593550483227e-08,1.951296777253562e-08,2.999999985776613,1.473007269611616e-08,203664981.67844176,,,-1.951980266312603e-08,2.9625204656737144e-10,1.000000001574618,1.0000000015829655,0.9999999808719928,0.9999999805825336,0.0,1.244131709654539e-06,1.888218705616226e-08,,,,,,,,,,,,,,,,
square,8,8,2276,ellipsoids,5.0,1.0,True,0.02392809966491364,1.6152526491898556,Lazy KRON,Optimal,-65.8891750828645,-65.8891750828645,-65.8891413157793,,77.3313119808928,3.376708519908789e-05,5.124830468225052e-07,0.01629229192622006,1.1694515318427006e-06,5.847258147043075e-07,2.999999498221499,5.001293819090584e-07,5998446.815442264,,,-5.078076981135382e-08,7.706997355406283e-10,1.0000000040940054,1.0000000027541185,0.9999992243677008,0.9999996044688025,0.0,3.376708519908789e-05,5.124830468225052e-07,,,,,,1.6783175478648944e-07,1.6783175478648944e-07,1.5257433629449974e-08,1.5257433629449974e-08,4,5,5,,,,
square,8,8,2276,ellipsoids,5.0,1.0,True,0.02392809966491364,1.6152526491898556,Full SEP,Optimal,-65.88917402406403,-65.88917402406403,-65.88917399218464,,77.33131092209234,3.187939512372395e-08,4.838335826167887e-10,0.08246387494727969,9.507517675070566e-10,4.753758838289942e-10,2.999999999410708,3.9712484042618953e-10,7554299540.142451,8.047734536695528e-10,8.047734536695528e-10,-9.010250323626678e-10,1.3674856995985344e-11,1.000000000062233,1.0000000000707652,0.9999999992232151,0.9999999996430491,0.0,3.187939512372395e-08,4.838335826167887e-10,,,,,,,,,,,,,784,,,
square,8,8,2276,ellipsoids,5.0,1.0,True,0.02392809966491364,1.6152526491898556,Lazy SEP,Optimal,-65.88917403459084,-65.88917403459084,-65.8891737182667,,77.33131093261915,3.1632413310944685e-07,4.80085139545658e-09,0.030082833021879196,9.277831699649331e-09,4.638915857503235e-09,2.9999999940505377,3.989332609070468e-09,752005482.6287223,1.1314285578572394e-08,1.1314285578572394e-08,-1.471953225973266e-08,2.2339834237419827e-10,1.0000000009380172,1.000000001007531,0.9999999922116043,0.9999999965502526,0.0,3.1632413310944685e-07,4.80085139545658e-09,9.672563444640403e-11,4.2592166114727404e-10,9.672563444640403e-11,4.2592166114727404e-10,coordinate,,,,,0,1,1,784,,,
square,8,8,2404,ellipsoids,5.0,1.0,True,0.011890555507646455,0.94170708307729,Shor,Optimal,-79.19790479693793,-79.19790479693793,-36.46891807457013,,90.15612939067316,42.72898672236781,0.5395216809323958,0.002010167110711336,1.2257780895235109,0.8299860387279078,1.8388043297800802,1.1611956683861389,1.583543910679326,,,-2.6491306925890967e-08,3.344950474865998e-10,1.0000000013671828,1.0000000013829342,0.40594357065953246,0.36827833742307337,0.0,42.72898672236781,0.5395216809323958,,,,,,,,,,,,,,,,
square,8,8,2404,ellipsoids,5.0,1.0,True,0.011890555507646455,0.94170708307729,KRON,Optimal,-78.25619797820589,-78.25619797820589,-78.25617076625332,,89.2144225719411,2.721195257038289e-05,3.4772903965972555e-07,0.5438365000300109,7.749211697169583e-07,3.87460649433547e-07,2.999999519039585,4.851990123934869e-07,6183028.906511137,,,-1.7436347832244792e-07,2.2281107800689168e-09,1.000000010519826,1.0000000104478723,0.9999996735714536,0.9999995501957595,0.0,2.721195257038289e-05,3.4772903965972555e-07,,,,,,,,,,,,,,,,
square,8,8,2404,ellipsoids,5.0,1.0,True,0.011890555507646455,0.94170708307729,Lazy KRON,Optimal,-78.25620316541705,-78.25620316541705,-78.25578359226213,,89.21442775915227,0.0004195731549145876,5.3615322229178276e-06,0.023240165784955025,1.2112827312837845e-05,6.0564330334442815e-06,2.999991695362067,8.305306291917223e-06,361213.854121392,,,-2.2510171504563914e-07,2.8764712053538013e-09,1.0000000107408178,1.0000000113364946,0.9999936593998018,0.9999942245152176,0.0,0.0004195731549145876,5.3615322229178276e-06,,,,,,1.0948883209486334e-06,1.0948883209486334e-06,9.953540231800491e-08,9.953540231800491e-08,6,7,7,,,,
square,8,8,2404,ellipsoids,5.0,1.0,True,0.011890555507646455,0.94170708307729,Full SEP,Optimal,-78.25619772164977,-78.25619772164977,-78.25619716469481,,89.21442231538498,5.56954958597089e-07,7.117071552314968e-09,0.08146158303134143,1.504279806463082e-08,7.521399061968935e-09,2.9999999893090754,9.668255290804062e-09,310293832.6589822,7.254732671767629e-09,7.254732671767629e-09,-5.284221060719574e-09,6.752463337811365e-11,1.0000000003141831,1.0000000003148957,0.9999999912622322,0.999999992435155,0.0,5.56954958597089e-07,7.117071552314968e-09,,,,,,,,,,,,,784,,,
square,8,8,2404,ellipsoids,5.0,1.0,True,0.011890555507646455,0.94170708307729,Lazy SEP,Optimal,-78.25619776531803,-78.25619776531803,-78.25619141008096,,89.21442235905326,6.355237076149933e-06,8.121065497212897e-08,0.030798499938100576,1.6217315489981626e-07,8.108658173276258e-08,2.999999867721987,1.1875692421728462e-07,25261683.79228997,8.065297037303282e-08,8.065297037303282e-08,-6.395569585038174e-08,8.172604557427903e-10,1.000000003256364,1.0000000033118432,0.999999904429397,0.999999910017419,0.0,6.355237076149933e-06,8.121065497212897e-08,1.1002018783859424e-08,4.6412650312963766e-08,1.1002018783859424e-08,4.6412650312963766e-08,coordinate,,,,,0,1,1,784,,,
square,8,8,2796,ellipsoids,5.0,1.0,True,0.012032005724520511,0.7000243578488465,Shor,Optimal,-58.18018823098119,-58.18018823098119,-37.71468745451375,,67.24217767859686,20.465500776467437,0.35176064909273486,0.0021410409826785326,0.8512657931975963,0.5951017588948295,2.1494873164444197,0.8505126830670922,2.5272842595280367,,,-1.231789781286352e-08,2.1171979994221108e-10,1.0000000007940524,1.000000000776079,0.5853563564622137,0.5633778496378619,0.0,20.465500776467437,0.35176064909273486,,,,,,,,,,,,,,,,
square,8,8,2796,ellipsoids,5.0,1.0,True,0.012032005724520511,0.7000243578488465,KRON,Optimal,-57.48016427781925,-57.48016427781925,-57.48011429505758,,66.54215372543491,4.99827616664561e-05,8.695653934611964e-07,0.6671139160171151,2.007916011288319e-06,1.0039587883369633e-06,2.9999982535952627,1.7027521278722001e-06,1761852.5940966713,,,-2.4105712981281613e-07,4.193744622018008e-09,1.0000000177138726,1.0000000175174772,0.9999989023769409,0.9999989768362811,0.0,4.99827616664561e-05,8.695653934611964e-07,,,,,,,,,,,,,,,,
square,8,8,2796,ellipsoids,5.0,1.0,True,0.012032005724520511,0.7000243578488465,Lazy KRON,Optimal,-57.480167865634314,-57.480167865634314,-57.479390126099524,,66.54215731324999,0.0007777395347901006,1.3530571737510321e-05,0.042086416156962514,3.3054052429126333e-05,1.6527207985981095e-05,2.9999742082943968,2.5634051616528582e-05,117030.82498125435,,,-4.6893943306258734e-07,8.158282247170547e-09,1.0000000319219242,1.0000000308324353,0.9999837960797882,0.999982821290987,0.0,0.0007777395347901006,1.3530571737510321e-05,,,,,,6.075435595290596e-07,6.075435595290596e-07,5.523138999615244e-08,5.523138999615244e-08,11,12,12,,,,
square,8,8,2796,ellipsoids,5.0,1.0,True,0.012032005724520511,0.7000243578488465,Full SEP,Optimal,-57.48016390192193,-57.48016390192193,-57.48016093450484,,66.5421533495376,2.967417088939328e-06,5.162506310877288e-08,0.08561141695827246,1.1792369080953114e-07,5.896184807338114e-08,2.999999897777341,9.886765874518884e-08,30343591.988045625,5.684883338563191e-08,5.684883338563191e-08,-3.814572835381114e-08,6.636329085438757e-10,1.0000000026719496,1.0000000025982898,0.9999999344424222,0.9999999399300183,0.0,2.967417088939328e-06,5.162506310877288e-08,,,,,,,,,,,,,784,,,
square,8,8,2796,ellipsoids,5.0,1.0,True,0.012032005724520511,0.7000243578488465,Lazy SEP,Optimal,-57.4801638777312,-57.4801638777312,-57.48016251537671,,66.54215332534687,1.3623544887764183e-06,2.370129792382547e-08,0.0566947921179235,5.5022247024127175e-08,2.7511124130307814e-08,2.9999999506803197,4.80153513515518e-08,62480016.62458653,2.70832739453835e-08,2.70832739453835e-08,-3.3062192983379646e-09,5.751930884140799e-11,1.0000000002255085,1.0000000002133518,0.9999999696273147,0.9999999723013359,0.0,1.3623544887764183e-06,2.370129792382547e-08,2.275398943265075e-09,1.0257035572798344e-08,2.275398943265075e-09,1.0257035572798344e-08,coordinate,,,,,50,2,2,784,,,
square,8,8,2958,ellipsoids,5.0,1.0,True,0.03198438804842131,2.336952095856134,Shor,Optimal,-73.06539966680654,-73.06539966680654,-38.639089181160315,,95.75230228199237,34.426310485646226,0.4711711787335371,0.0019899168983101845,1.1446977476327307,0.7938100942039718,1.880824248081955,1.1191757461539396,1.6805441455869905,,,-1.7088893855543574e-07,2.3388490220367633e-09,1.0000000089279517,1.000000009106381,0.40924961790747927,0.4460526273328067,0.0,34.426310485646226,0.4711711787335371,,,,,,,,,,,,,,,,
square,8,8,2958,ellipsoids,5.0,1.0,True,0.03198438804842131,2.336952095856134,KRON,Optimal,-70.72844763634815,-70.72844763634815,-70.72844164261292,,93.41535025153397,5.9937352290262425e-06,8.474292069639591e-08,0.6261662088800222,1.8768455801584864e-07,9.384228405579284e-08,2.9999998577592106,1.2443672773772372e-07,24108636.67262558,,,-3.34368195353818e-08,4.727492353189757e-10,1.0000000023069422,1.0000000023123512,0.9999998680357796,0.9999999204074846,0.0,5.9937352290262425e-06,8.474292069639591e-08,,,,,,,,,,,,,,,,
square,8,8,2958,ellipsoids,5.0,1.0,True,0.03198438804842131,2.336952095856134,Lazy KRON,Optimal,-70.72844955713569,-70.72844955713569,-70.72836891385262,,93.41535217232152,8.064328307000324e-05,1.14018168890947e-06,0.027088874951004982,2.7984750825476847e-06,1.3992385696476462e-06,2.9999980798863217,1.9048504004960962e-06,1574925.8204765094,,,-1.263888833591409e-07,1.7869596202167802e-09,1.0000000076334499,1.0000000078293854,0.9999980227016078,0.9999991577440503,0.0,8.064328307000324e-05,1.14018168890947e-06,,,,,,3.071575876585097e-07,3.071575876585097e-07,2.7923423615312292e-08,2.7923423615312292e-08,7,8,8,,,,
square,8,8,2958,ellipsoids,5.0,1.0,True,0.03198438804842131,2.336952095856134,Full SEP,Optimal,-70.72844757316611,-70.72844757316611,-70.72844750692933,,93.41535018835194,6.623677961670182e-08,9.364941814703652e-10,0.09913099999539554,2.116782740218599e-09,1.0583913707795123e-09,2.999999998358529,1.427847250704086e-09,2101065080.2312353,9.403991326106098e-10,9.403991326106098e-10,-1.8059154172078706e-10,2.55330843412011e-12,1.000000000020668,1.0000000000145708,0.999999998447706,0.9999999991699269,0.0,6.623677961670182e-08,9.364941814703652e-10,,,,,,,,,,,,,784,,,
square,8,8,2958,ellipsoids,5.0,1.0,True,0.03198438804842131,2.336952095856134,Lazy SEP,Optimal,-70.72844757971554,-70.72844757971554,-70.72844576960581,,93.41535019490135,1.810109722555353e-06,2.559238587154401e-08,0.031972666969522834,5.8486223730801644e-08,2.9243112408253733e-08,2.9999999533849597,4.1504692989942633e-08,72280981.67385352,2.61446230614203e-08,2.61446230614203e-08,-7.56324425310595e-09,1.0693355378091233e-10,1.0000000004273941,1.0000000004323328,0.9999999560280699,0.9999999783927832,0.0,1.810109722555353e-06,2.559238587154401e-08,1.1603691757455792e-09,6.2553377546907995e-09,1.1603691757455792e-09,6.2553377546907995e-09,coordinate,,,,,0,1,1,784,,,
square,8,8,3555,ellipsoids,5.0,1.0,True,0.015004274645833008,1.1445739605743768,Shor,Optimal,-76.28319179642904,-76.28319179642904,-53.58850551385802,,89.04307601898044,22.69468628257102,0.2975057250243874,0.0019710410851985216,0.7701111154665224,0.5283706263124655,2.2362554937502255,0.7637445040997426,2.9280151696622587,,,-1.1535350097346964e-07,1.5121745466721485e-09,1.0000000065602845,1.0000000067482202,0.5224975375474541,0.7073913440594969,0.0,22.69468628257102,0.2975057250243874,,,,,,,,,,,,,,,,
square,8,8,3555,ellipsoids,5.0,1.0,True,0.015004274645833008,1.1445739605743768,KRON,Optimal,-75.13861783806709,-75.13861783806709,-75.13861783149395,,87.8985020606185,6.573145583388396e-09,8.748025679091313e-11,0.8163905830588192,2.2179960968720283e-10,1.108998048501412e-10,2.9999999998245794,1.5632594589765348e-10,19190672300.73681,,,-1.2182965747342678e-10,1.6213987025418087e-12,0.9999999999770205,1.0000000000585707,0.9999999997820611,0.9999999999649299,0.0,6.573145583388396e-09,8.748025679091313e-11,,,,,,,,,,,,,,,,
square,8,8,3555,ellipsoids,5.0,1.0,True,0.015004274645833008,1.1445739605743768,Lazy KRON,Optimal,-75.13862063752791,-75.13862063752791,-75.13857073822328,,87.89850486007931,4.9899304627842866e-05,6.640966283977897e-07,0.013857832876965404,1.7264495258711398e-06,8.632254532869882e-07,2.9999983354388116,1.6469853579691692e-06,1821508.8075451914,,,-6.999838575438844e-07,9.315899754410425e-09,1.0000000410611702,1.0000000420724147,0.9999987353274329,0.9999994825933938,0.0,4.9899304627842866e-05,6.640966283977897e-07,,,,,,1.936166765311942e-07,1.936166765311942e-07,1.760151890685972e-08,1.760151890685972e-08,3,4,4,,,,
square,8,8,3555,ellipsoids,5.0,1.0,True,0.015004274645833008,1.1445739605743768,Full SEP,Optimal,-75.13861786585701,-75.13861786585701,-75.13861655964944,,87.89850208840842,1.3062075794323391e-06,1.738397133900276e-08,0.08824225002899766,4.7242631094835833e-08,2.362131600211202e-08,2.999999957866449,4.135268130512828e-08,72546685.32205696,2.1469040339912364e-08,2.1469040339912364e-08,-1.892541945380799e-08,2.518734040010563e-10,1.0000000013328916,1.0000000013355947,0.9999999621338891,0.9999999884628056,0.0,1.3062075794323391e-06,1.738397133900276e-08,,,,,,,,,,,,,784,,,
square,8,8,3555,ellipsoids,5.0,1.0,True,0.015004274645833008,1.1445739605743768,Lazy SEP,Optimal,-75.13861784404622,-75.13861784404622,-75.13861749484528,,87.89850206659763,3.492009454930667e-07,4.647423063035973e-09,0.055196791887283325,1.15009412356769e-08,5.75047064948058e-09,2.99999998833071,1.0625529543267819e-08,282338868.4878738,7.271167425343003e-09,7.271167425343003e-09,-9.651557775214314e-09,1.2845003078505624e-10,1.0000000005050222,1.0000000005495226,0.9999999907975031,0.9999999962121158,0.0,3.492009454930667e-07,4.647423063035973e-09,2.408117472790794e-10,6.488634014781686e-10,2.408117472790794e-10,6.488634014781686e-10,coordinate,,,,,50,2,2,784,,,
square,10,10,273,ellipsoids,5.0,1.0,True,0.012917699591899933,1.195654369005311,Shor,Optimal,-92.55938803183255,-92.55938803183255,-39.493561843986804,,111.14255145427575,53.06582618784575,0.5733165194393423,0.0026391251012682915,1.3509468813386425,0.9012843752996952,1.649743893186402,1.350256105001731,1.2218007288212092,,,-6.011971720454312e-08,6.495258717988396e-10,1.000000003029771,1.0000000030481877,0.16739821923054038,0.4816548969619554,0.0,53.06582618784575,0.5733165194393423,,,,,,,,,,,,,,,,
square,10,10,273,ellipsoids,5.0,1.0,True,0.012917699591899933,1.195654369005311,KRON,Optimal,-91.36373375222134,-91.36373375222134,-91.36364168960301,,109.94689717466453,9.206261832162e-05,1.0076494746952224e-06,4.1993608749471605,2.379573020222636e-06,1.1897869749467971e-06,2.999998686195606,1.3156497657299702e-06,2280241.1130526806,,,-4.1243779946853465e-08,4.514239759367398e-10,1.0000000024532476,1.0000000024539566,0.9999984814334517,0.9999991399070213,0.0,9.206261832162e-05,1.0076494746952224e-06,,,,,,,,,,,,,,,,
square,10,10,273,ellipsoids,5.0,1.0,True,0.012917699591899933,1.195654369005311,Lazy KRON,Optimal,-91.36374263895854,-91.36374263895854,-91.36142176983022,,109.94690606140173,0.002320869128325853,2.540251812469215e-05,0.03847312508150935,5.9963358437510204e-05,2.9981961307012477e-05,2.999967471564472,3.2543173944251354e-05,92184.23122168779,,,-6.463568951176057e-07,7.0745448516903446e-09,1.000000032140023,1.0000000325771676,0.9999610279138469,0.9999790207672454,0.0,0.002320869128325853,2.540251812469215e-05,,,,,,1.0751335308824353e-06,1.0751335308824353e-06,8.270292345571146e-08,8.270292345571146e-08,6,7,7,,,,
square,10,10,273,ellipsoids,5.0,1.0,True,0.012917699591899933,1.195654369005311,Full SEP,Optimal,-91.36373366600195,-91.36373366600195,-91.36373177887685,,109.94689708844514,1.8871250944130225e-06,2.065507853818429e-08,0.3980963339563459,4.871037143659268e-08,2.4355185909021096e-08,2.9999999733093548,2.6676841336130695e-08,112457090.9842389,2.3292131970168135e-08,2.3292131970168135e-08,-1.1061302984671784e-09,1.2106885895347214e-11,1.0000000000574054,1.0000000000515912,0.9999999690102781,0.9999999822600789,0.0,1.8871250944130225e-06,2.065507853818429e-08,,,,,,,,,,,,,2025,,,
square,10,10,273,ellipsoids,5.0,1.0,True,0.012917699591899933,1.195654369005311,Lazy SEP,Optimal,-91.3637336802546,-91.3637336802546,-91.36372739149142,,109.94689710269779,6.288763174211454e-06,6.883216043052947e-08,0.05504141701385379,1.6234108872161867e-07,8.117054656245326e-08,2.9999999095763843,9.010981564441866e-08,33292709.435947027,7.606171455645614e-08,7.606171455645614e-08,-1.6170403682735923e-08,1.7698930452347141e-10,1.0000000008420744,1.0000000007224872,0.999999894507883,0.9999999426983393,0.0,6.288763174211454e-06,6.883216043052947e-08,3.760156630505662e-10,1.6443513909043613e-09,3.760156630505662e-10,1.6443513909043613e-09,coordinate,,,,,0,1,1,2025,,,
square,10,10,1289,ellipsoids,5.0,1.0,True,0.014310994173908262,1.0464046382392382,Shor,Optimal,-73.11893398342922,-73.11893398342922,-38.57782865215182,,84.02656564090546,34.54110533127739,0.4723961831706322,0.0023934580385684967,1.1212273774408068,0.7838317652741201,1.8896889911158423,1.1103109928319397,1.7019456740638357,,,-4.1997708422059077e-07,5.7437528331002375e-09,1.0000000297921932,1.0000000297060094,0.637728707053725,0.24104389082200478,0.0,34.54110533127739,0.4723961831706322,,,,,,,,,,,,,,,,
square,10,10,1289,ellipsoids,5.0,1.0,True,0.014310994173908262,1.0464046382392382,KRON,Optimal,-72.07252937703485,-72.07252937703485,-72.07251847978097,,82.9801610345111,1.0897253886810176e-05,1.5119843830931886e-07,4.537567750085145,3.695300392305563e-07,1.8476503760235917e-07,2.999999746904125,2.5384065383658457e-07,11818436.88771555,,,-1.9944693008255854e-08,2.767308596028131e-10,1.0000000015973056,1.0000000015920787,0.9999999250834783,0.999999705070173,0.0,1.0897253886810176e-05,1.5119843830931886e-07,,,,,,,,,,,,,,,,
square,10,10,1289,ellipsoids,5.0,1.0,True,0.014310994173908262,1.0464046382392382,Lazy KRON,Optimal,-72.07253145217986,-72.07253145217986,-72.07234168475819,,82.9801631096561,0.00018976742167353677,2.6330061932047926e-06,0.03212483297102153,6.332610860144218e-06,3.1663097221012268e-06,2.999996081568704,3.918388042558414e-06,765619.9562128949,,,-1.1954981005146692e-08,1.6587430418034954e-10,1.0000000012205161,1.0000000005729395,0.9999986205579211,0.999995046665614,0.0,0.00018976742167353677,2.6330061932047926e-06,,,,,,4.13170211443929e-07,4.13170211443929e-07,3.178233835076216e-08,3.178233835076216e-08,5,6,6,,,,
square,10,10,1289,ellipsoids,5.0,1.0,True,0.014310994173908262,1.0464046382392382,Full SEP,Optimal,-72.07252940083383,-72.07252940083383,-72.07252359727208,,82.98016105831007,5.803561748507491e-06,8.052390830118899e-08,0.3969962920527905,1.885858164163666e-07,9.429291251405251e-08,2.9999998740981386,1.2104407363532853e-07,24784359.812082063,7.546788070430222e-08,7.546788070430222e-08,-3.9689410868959385e-08,5.506870814568665e-10,1.0000000027995422,1.0000000027945757,0.9999999583457325,0.9999998465976466,0.0,5.803561748507491e-06,8.052390830118899e-08,,,,,,,,,,,,,2025,,,
square,10,10,1289,ellipsoids,5.0,1.0,True,0.014310994173908262,1.0464046382392382,Lazy SEP,Optimal,-72.07252936827672,-72.07252936827672,-72.07252580276996,,82.98016102575296,3.5655067591733314e-06,4.9471092390198766e-08,0.05887583387084305,1.1724212616945093e-07,5.862106475582693e-08,2.999999921957887,7.619418412156586e-08,39373082.82179994,4.6385284701142275e-08,4.6385284701142275e-08,-1.835633156588301e-08,2.5469248445667415e-10,1.0000000011846195,1.0000000012045605,0.9999999738939255,0.9999999060012916,0.0,3.5655067591733314e-06,4.9471092390198766e-08,1.3776415494493044e-09,5.390723021059846e-09,1.3776415494493044e-09,5.390723021059846e-09,coordinate,,,,,0,1,1,2025,,,
square,10,10,2626,ellipsoids,5.0,1.0,True,0.025643945843120835,1.8125853209665763,Shor,Optimal,-70.68277760588138,-70.68277760588138,-27.686938925041574,,89.71987081053481,42.99583868083981,0.6082929977735086,0.002330250106751919,1.393486708073916,0.9148995965699295,1.6282002795681274,1.3717997197833847,1.1869081587399872,,,-2.2795390464125376e-08,3.225027543658473e-10,1.0000000015593167,1.000000001543587,0.4072313673333215,0.19928192348795842,0.0,42.99583868083981,0.6082929977735086,,,,,,,,,,,,,,,,
square,10,10,2626,ellipsoids,5.0,1.0,True,0.025643945843120835,1.8125853209665763,KRON,Optimal,-68.87019230821285,-68.87019230821285,-68.87019078098481,,87.90728551286628,1.5272280364797552e-06,2.2175457702295853e-08,4.175402709050104,4.9222536148573676e-08,2.4611268218301117e-08,2.999999975704498,2.4269431094071286e-08,123612290.87225534,,,-7.77110642502521e-09,1.128370077761275e-10,1.00000000069038,1.0000000006115983,0.9999999796444506,0.9999999709292093,0.0,1.5272280364797552e-06,2.2175457702295853e-08,,,,,,,,,,,,,,,,
square,10,10,2626,ellipsoids,5.0,1.0,True,0.025643945843120835,1.8125853209665763,Lazy KRON,Optimal,-68.8701986951407,-68.8701986951407,-68.86974395516157,,87.90729189979413,0.0004547399791334783,6.60285562912952e-06,0.04193150019273162,1.487265446853267e-05,7.436340966510297e-06,2.9999925817643978,7.42379412730676e-06,404105.03447685845,,,-1.636313839981085e-07,2.3759388980774627e-09,1.0000000122757073,1.000000012813839,0.9999951383331944,0.9999899941232347,0.0,0.0004547399791334783,6.60285562912952e-06,,,,,,1.242935756072068e-06,1.242935756072068e-06,9.561054013528034e-08,9.561054013528034e-08,7,8,8,,,,
square,10,10,2626,ellipsoids,5.0,1.0,True,0.025643945843120835,1.8125853209665763,Full SEP,Optimal,-68.87019230553595,-68.87019230553595,-68.87018652936722,,87.90728551018938,5.776168734428211e-06,8.387037324947194e-08,0.5046644168905914,1.890608239962422e-07,9.453041468766131e-08,2.999999898965665,9.998765102845521e-08,30003704.1385431,8.264102558668513e-08,8.264102558668513e-08,-1.9900426195818e-08,2.8895557758183225e-10,0.9999999879839634,1.000000013246366,0.9999999316587433,0.9999998768032814,0.0,5.776168734428211e-06,8.387037324947194e-08,,,,,,,,,,,,,2025,,,
square,10,10,2626,ellipsoids,5.0,1.0,True,0.025643945843120835,1.8125853209665763,Lazy SEP,Optimal,-68.87019229310009,-68.87019229310009,-68.87019153093507,,87.90728549775352,7.621650155442694e-07,1.106668923328429e-08,0.05676204198971391,2.4069646743293142e-08,1.2034823415917124e-08,2.9999999866989926,1.2388185420019625e-08,242166216.0344255,1.0599540151079628e-08,1.0599540151079628e-08,-7.407365387734899e-09,1.0755546254626941e-10,1.0000000005676446,1.0000000005324732,0.9999999913243816,0.9999999834785384,0.0,7.621650155442694e-07,1.106668923328429e-08,1.3402410431462286e-10,6.981006749724095e-10,1.3402410431462286e-10,6.981006749724095e-10,coordinate,,,,,0,1,1,2025,,,
square,10,10,3432,ellipsoids,5.0,1.0,True,0.016548903826177797,1.0105469560675218,Shor,Optimal,-61.06428357321126,-61.06428357321126,-39.652996686185794,,68.24756348341148,21.41128688702547,0.35063519350644673,0.0024929579813033342,0.8117783918522327,0.5366182568478077,2.2631864830978916,0.7368135148173909,3.071586551528973,,,-6.681602826574817e-08,1.0941916347162416e-09,1.000000005095301,1.0000000050912818,0.7031113366862349,0.485110267964872,0.0,21.41128688702547,0.35063519350644673,,,,,,,,,,,,,,,,
square,10,10,3432,ellipsoids,5.0,1.0,True,0.016548903826177797,1.0105469560675218,KRON,Optimal,-60.05373664013707,-60.05373664013707,-60.053732020121615,,67.23701655033729,4.6200154528719395e-06,7.693135700375621e-08,5.417432083049789,1.887418342472363e-07,9.437092447968208e-08,2.999999832889778,1.6757271060299595e-07,17902675.334751926,,,-8.955488794981648e-09,1.4912458901010707e-10,1.000000000773787,1.0000000007725816,0.9999999787882313,0.9999998316738588,0.0,4.6200154528719395e-06,7.693135700375621e-08,,,,,,,,,,,,,,,,
square,10,10,3432,ellipsoids,5.0,1.0,True,0.016548903826177797,1.0105469560675218,Lazy KRON,Optimal,-60.05374243979213,-60.05374243979213,-60.05365378821463,,67.23702234999236,8.86515774993768e-05,1.4762040448729054e-06,0.027121708961203694,3.386374471820422e-06,1.6931900879058836e-06,2.9999966207885183,3.3748847080879424e-06,888918.2535921889,,,-5.318115370300802e-08,8.855593597072765e-10,1.0000000034346557,1.000000004265034,0.999999051317846,0.999997547471926,0.0,8.86515774993768e-05,1.4762040448729054e-06,,,,,,8.430719581600132e-07,8.430719581600132e-07,6.485170646685179e-08,6.485170646685179e-08,4,5,5,,,,
square,10,10,3432,ellipsoids,5.0,1.0,True,0.016548903826177797,1.0105469560675218,Full SEP,Optimal,-60.053736632342996,-60.053736632342996,-60.05373269914786,,67.23701654254322,3.933195138472456e-06,6.549459465864718e-08,0.3968450839165598,1.543622853061692e-07,7.718114770519528e-08,2.999999858909629,1.380995612669265e-07,21723456.840757538,5.236596850536982e-08,5.236596850536982e-08,-1.2903967672173167e-08,2.1487368473294146e-10,1.0000000010864716,1.0000000010863794,0.9999999760789617,0.9999998624820466,0.0,3.933195138472456e-06,6.549459465864718e-08,,,,,,,,,,,,,2025,,,
square,10,10,3432,ellipsoids,5.0,1.0,True,0.016548903826177797,1.0105469560675218,Lazy SEP,Optimal,-60.05373663883014,-60.05373663883014,-60.053733124587744,,67.23701654903036,3.5142423939760192e-06,5.851829695645859e-08,0.10495929094031453,1.3477399484844584e-07,6.738700129933875e-08,2.9999998753671338,1.2104015240479702e-07,24785162.73950295,4.915497498082524e-08,4.915497498082524e-08,-1.7939797203325725e-08,2.987290751151367e-10,1.0000000013283612,1.0000000013989543,0.9999999768291872,0.9999998792832522,0.0,3.5142423939760192e-06,5.851829695645859e-08,2.00163891017624e-09,9.133717478823445e-09,2.00163891017624e-09,9.133717478823445e-09,coordinate,,,,,50,2,2,2025,,,
square,10,10,3782,ellipsoids,5.0,1.0,True,0.014348078136100862,0.8693553151849471,Shor,Optimal,-60.590366663642754,-60.590366663642754,-37.24022156710236,,68.46780428173915,23.350145096540395,0.3853771875348569,0.0025974169839173555,0.945234511505849,0.6216011841666039,2.1789297128908904,0.8210702861693776,2.65376758798138,,,-1.676882277479308e-08,2.767572420857326e-10,1.0000000012807377,1.000000001327251,0.40824993488392675,0.6465155524858363,0.0,23.350145096540395,0.3853771875348569,,,,,,,,,,,,,,,,
square,10,10,3782,ellipsoids,5.0,1.0,True,0.014348078136100862,0.8693553151849471,KRON,Optimal,-59.721011380031726,-59.721011380031726,-59.72101110311195,,67.59844899812812,2.769197777752197e-07,4.636890289969376e-09,5.083677666960284,1.022187105885827e-08,5.110935545991336e-09,2.999999991907313,8.12450494929943e-09,369253266.5840767,,,-1.1091117357864277e-08,1.8571549780506055e-10,1.000000000991891,1.0000000009940795,0.9999999916550231,0.9999999970280539,0.0,2.769197777752197e-07,4.636890289969376e-09,,,,,,,,,,,,,,,,
square,10,10,3782,ellipsoids,5.0,1.0,True,0.014348078136100862,0.8693553151849471,Lazy KRON,Optimal,-59.72101364536367,-59.72101364536367,-59.720957202534805,,67.59845126346006,5.6442828864078365e-05,9.451083533050548e-07,0.027563625015318394,2.54022285070594e-06,1.2701123711234976e-06,2.9999981600002648,1.839352603276644e-06,1631007.6461990124,,,-1.593950571532332e-08,2.66899450333773e-10,1.0000000009990964,1.0000000014970571,0.9999980155203745,0.9999994431252386,0.0,5.6442828864078365e-05,9.451083533050548e-07,,,,,,5.041796189669733e-07,5.041796189669733e-07,3.878305471802249e-08,3.878305471802249e-08,4,5,5,,,,
square,10,10,3782,ellipsoids,5.0,1.0,True,0.014348078136100862,0.8693553151849471,Full SEP,Optimal,-59.721011356999924,-59.721011356999924,-59.7210106301345,,67.59844897509632,7.268654229619642e-07,1.2171016639636462e-08,0.478985833004117,3.2356029234577e-08,1.6178014819290595e-08,2.9999999714480206,2.6497211146219413e-08,113219461.28191142,1.212739285176148e-08,1.212739285176148e-08,-6.627310256135388e-09,1.1097116585180867e-10,1.000000000565891,1.0000000005727396,0.999999970356853,0.9999999939330831,0.0,7.268654229619642e-07,1.2171016639636462e-08,,,,,,,,,,,,,2025,,,
square,10,10,3782,ellipsoids,5.0,1.0,True,0.014348078136100862,0.8693553151849471,Lazy SEP,Optimal,-59.721011355041874,-59.721011355041874,-59.72101113451333,,67.59844897313826,2.2052854120602206e-07,3.6926457908587344e-09,0.06113533303141594,9.860528236963641e-09,4.930264137812401e-09,2.999999991399243,8.39618442859266e-09,357305156.5164455,7.695150399409063e-09,7.695150399409063e-09,-6.028621157838643e-09,1.0094640095758666e-10,1.00000000091257,1.0000000001789286,0.9999999915672484,0.9999999979848633,0.0,2.2052854120602206e-07,3.6926457908587344e-09,4.6466269720824016e-10,1.931114909603953e-09,4.6466269720824016e-10,1.931114909603953e-09,coordinate,,,,,0,1,1,2025,,,
square,10,10,4627,ellipsoids,5.0,1.0,True,0.015715846301657524,1.006764693897992,Shor,Optimal,-64.06048230389032,-64.06048230389032,-23.272653582599084,,86.51309687003717,40.78782872129124,0.6367081116842331,0.0024029999040067196,1.419269338043869,0.8733951304687039,1.888648102912132,1.1113518893421879,1.6994150286908927,,,-4.081124984622875e-07,6.370737212471833e-09,1.000000028408672,1.0000000276914593,0.18306826286047523,0.397662388255134,0.0,40.78782872129124,0.6367081116842331,,,,,,,,,,,,,,,,
square,10,10,4627,ellipsoids,5.0,1.0,True,0.015715846301657524,1.006764693897992,KRON,Optimal,-63.05371783106892,-63.05371783106892,-63.053704088404764,,85.50633239721577,1.374266415865577e-05,2.1795168677403897e-07,4.614033916033804,4.83407293186263e-07,2.417036551588069e-07,2.999999793011177,2.1190834871935328e-07,14157062.763885299,,,-1.219573348976155e-07,1.9341815057497305e-09,1.0000000109988458,1.0000000109772842,0.9999997551982202,0.9999997655902949,0.0,1.374266415865577e-05,2.1795168677403897e-07,,,,,,,,,,,,,,,,
square,10,10,4627,ellipsoids,5.0,1.0,True,0.015715846301657524,1.006764693897992,Lazy KRON,Optimal,-63.053722248191654,-63.053722248191654,-63.0534657781568,,85.50633681433851,0.00025647003485573805,4.067484451532018e-06,0.031683624954894185,8.73690470499301e-06,4.368456246164028e-06,2.999995902524045,4.108564350857022e-06,730181.067237821,,,-4.3951629891125776e-07,6.97050520159994e-09,1.0000000324536826,1.000000031975393,0.9999943033220426,0.9999969695458328,0.0,0.00025647003485573805,4.067484451532018e-06,,,,,,9.880723560600256e-07,9.880723560600256e-07,7.600561077484423e-08,7.600561077484423e-08,5,6,6,,,,
square,10,10,4627,ellipsoids,5.0,1.0,True,0.015715846301657524,1.006764693897992,Full SEP,Optimal,-63.05371761951264,-63.05371761951264,-63.05371729931423,,85.50633218565949,3.2019841000874294e-07,5.078184476622424e-09,0.3954059579409659,1.0308291355896158e-08,5.154145687272223e-09,2.9999999940448423,5.655181829512271e-09,530486920.5776848,7.869915577939204e-09,7.869915577939204e-09,-5.726235485781217e-09,9.081519221967608e-11,1.0000000005592868,1.0000000006405874,0.99999999240567,0.9999999967510099,0.0,3.2019841000874294e-07,5.078184476622424e-09,,,,,,,,,,,,,2025,,,
square,10,10,4627,ellipsoids,5.0,1.0,True,0.015715846301657524,1.006764693897992,Lazy SEP,Optimal,-63.05371764657697,-63.05371764657697,-63.05371631168436,,85.50633221272382,1.3348926088951885e-06,2.117072012117364e-08,0.055789750069379807,4.300035864103748e-08,2.1500179452159685e-08,2.999999976754646,2.1204069063293003e-08,141482277.18933606,4.2218958126673766e-08,4.2218958126673766e-08,-3.7449112255671935e-08,5.939239374524803e-10,1.0000000028143303,1.000000002624396,0.9999999708165258,0.9999999838252309,0.0,1.3348926088951885e-06,2.117072012117364e-08,3.367304698964624e-10,1.6741634152343222e-09,3.367304698964624e-10,1.6741634152343222e-09,coordinate,,,,,0,1,1,2025,,,
square,10,10,4911,ellipsoids,5.0,1.0,True,0.01846068641175169,1.3689685146703852,Shor,Optimal,-74.1558837053279,-74.1558837053279,-26.161283496250103,,81.55427000797606,47.99460020907779,0.6472123021255225,0.002467583864927292,1.4296740927128948,0.9191767129423429,1.6730256313016612,1.326974365415696,1.2607821785446165,,,-6.106502326019836e-08,8.234683508438994e-10,1.0000000038413421,1.0000000038348058,0.2647062778189714,0.3056196253147724,0.0,47.99460020907779,0.6472123021255225,,,,,,,,,,,,,,,,
square,10,10,4911,ellipsoids,5.0,1.0,True,0.01846068641175169,1.3689685146703852,KRON,Optimal,-72.78691519923925,-72.78691519923925,-72.78691483947543,,80.18530150188741,3.5976381695945747e-07,4.9426990548325595e-09,4.117850124835968,1.0583587111815838e-08,5.29179356142717e-09,2.9999999950860117,4.977718003559452e-09,602685807.6212394,,,-2.6582398504615412e-09,3.6520847781296333e-11,1.0000000001883973,1.0000000001886968,0.9999999949505303,0.9999999944803746,0.0,3.5976381695945747e-07,4.9426990548325595e-09,,,,,,,,,,,,,,,,
square,10,10,4911,ellipsoids,5.0,1.0,True,0.01846068641175169,1.3689685146703852,Lazy KRON,Optimal,-72.78692173827227,-72.78692173827227,-72.78648741502869,,80.18530804092043,0.00043432324358150254,5.967050580092467e-06,0.03751866612583399,1.2994901786127151e-05,6.497462881980878e-06,2.999993207092877,6.792298233953868e-06,441675.7191396982,,,-2.523224225114973e-07,3.4665901028044576e-09,1.0000000151434787,1.0000000152549642,0.999992474357373,0.9999945273972104,0.0,0.00043432324358150254,5.967050580092467e-06,,,,,,1.1427147428584903e-06,1.1427147428584903e-06,8.790121228390909e-08,8.790121228390909e-08,6,7,7,,,,
square,10,10,4911,ellipsoids,5.0,1.0,True,0.01846068641175169,1.3689685146703852,Full SEP,Optimal,-72.78691519311359,-72.78691519311359,-72.7869151449866,,80.18530149576175,4.812699216927285e-08,6.612038996512684e-10,0.43880812521092594,1.3551292831119825e-09,6.775646417339071e-10,2.999999999162047,7.485699365887682e-10,4007641574.3237586,5.825657366097221e-10,5.825657366097221e-10,-4.5551473704108503e-10,6.258195389000104e-12,1.0000000000345608,1.000000000042821,0.9999999990701061,0.9999999994557667,0.0,4.812699216927285e-08,6.612038996512684e-10,,,,,,,,,,,,,2025,,,
square,10,10,4911,ellipsoids,5.0,1.0,True,0.01846068641175169,1.3689685146703852,Lazy SEP,Optimal,-72.78691522987614,-72.78691522987614,-72.78691149931923,,80.1853015325243,3.7305569122736415e-06,5.1253125654408774e-08,0.057208667043596506,1.0494869827319395e-07,5.24743501443177e-08,2.9999999367056702,5.7425933184723376e-08,52241204.80646781,4.627010381619056e-08,4.627010381619056e-08,-4.4554667510965373e-08,6.121246843646624e-10,1.0000000026808216,1.0000000026887579,0.9999999330843281,0.9999999540202245,0.0,3.7305569122736415e-06,5.1253125654408774e-08,9.765666088290548e-10,5.033852600811169e-09,9.765666088290548e-10,5.033852600811169e-09,coordinate,,,,,0,1,1,2025,,,
square,10,10,5823,ellipsoids,5.0,1.0,True,0.02753153053940417,1.6603323085477157,Shor,Optimal,-60.30657489860163,-60.30657489860163,-32.16371516406556,,73.17540040413253,28.142859734536074,0.46666320847859394,0.002365000080317259,1.1093308124491095,0.7791174801975096,1.8928295654036353,1.1071704263243807,1.7096099393546038,,,-1.8332000450982378e-07,3.039801295597614e-09,1.000000014134385,1.0000000141054841,0.39010291969434757,0.5005662578449764,0.0,28.142859734536074,0.46666320847859394,,,,,,,,,,,,,,,,
square,10,10,5823,ellipsoids,5.0,1.0,True,0.02753153053940417,1.6603323085477157,KRON,Optimal,-58.646242659339094,-58.646242659339094,-58.64623571711289,,71.51506816487,6.942226207229396e-06,1.1837461178126958e-07,6.32958074985072,2.4456033258923413e-07,1.2228017890846803e-07,2.999999760922455,2.045720290332006e-07,14664760.256327987,,,-2.8750214653427975e-08,4.902311443962499e-10,1.000000002699369,1.000000002575735,0.999999796919917,0.999999898467469,0.0,6.942226207229396e-06,1.1837461178126958e-07,,,,,,,,,,,,,,,,
square,10,10,5823,ellipsoids,5.0,1.0,True,0.02753153053940417,1.6603323085477157,Lazy KRON,Optimal,-58.64624373117043,-58.64624373117043,-58.64616144034914,,71.51506923670134,8.229082128963228e-05,1.4031729238593123e-06,0.06622704211622477,3.28870015809925e-06,1.6443522449302017e-06,2.999997093841064,2.826046506326126e-06,1061552.6273631903,,,-1.9763606218248242e-07,3.369969662310001e-09,1.000000013988077,1.0000000143778278,0.9999986683780524,0.9999978838723393,0.0,8.229082128963228e-05,1.4031729238593123e-06,,,,,,2.8648254622622877e-07,2.8648254622622877e-07,2.2037124648492802e-08,2.2037124648492802e-08,11,12,12,,,,
square,10,10,5823,ellipsoids,5.0,1.0,True,0.02753153053940417,1.6603323085477157,Full SEP,Optimal,-58.64624261849752,-58.64624261849752,-58.64623909932087,,71.51506812402842,3.5191766443176675e-06,6.000685614610354e-08,0.49386283312924206,1.279642965652547e-07,6.398215192205507e-08,2.9999998723315824,1.119554432606937e-07,26796373.494283225,5.632696418575782e-08,5.632696418575782e-08,-2.494211059911322e-08,4.2529767441991706e-10,1.000000001635811,1.0000000016148085,0.9999998939712401,0.9999999508761813,0.0,3.5191766443176675e-06,6.000685614610354e-08,,,,,,,,,,,,,2025,,,
square,10,10,5823,ellipsoids,5.0,1.0,True,0.02753153053940417,1.6603323085477157,Lazy SEP,Optimal,-58.64624260392919,-58.64624260392919,-58.646240836378034,,71.51506810946009,1.7675511543302491e-06,3.01392054435185e-08,0.09851299994625151,6.235296104417518e-08,3.117648138113746e-08,2.9999999373476722,5.363336382419567e-08,55935330.61214183,2.71792683655678e-08,2.71792683655678e-08,-9.93525617332125e-09,1.6940993543984702e-10,1.0000000007700334,1.0000000007423409,0.9999999483916698,0.9999999738539299,0.0,1.7675511543302491e-06,3.01392054435185e-08,1.9557797801655593e-09,1.0925177536802161e-08,1.9557797801655593e-09,1.0925177536802161e-08,coordinate,,,,,50,2,2,2025,,,
square,10,10,5903,ellipsoids,5.0,1.0,True,0.010088404001196738,0.7956602354249753,Shor,Optimal,-78.86879186545167,-78.86879186545167,-48.631208141441775,,91.46028284901502,30.237583724009895,0.3833909840484752,0.0023960829712450504,0.9539340502777306,0.6706551823234036,2.0546749985378114,0.945324994067574,2.173511767309665,,,-2.291197347403795e-07,2.905074736421124e-09,1.0000000134092086,1.0000000136234848,0.3701967116393335,0.6758692285381229,0.0,30.237583724009895,0.3833909840484752,,,,,,,,,,,,,,,,
square,10,10,5903,ellipsoids,5.0,1.0,True,0.010088404001196738,0.7956602354249753,KRON,Optimal,-78.07313168149798,-78.07313168149798,-78.07310168656308,,90.66462266506133,2.9994934905630544e-05,3.841902362517736e-07,4.585607792017981,9.910441660376619e-07,4.955222286347239e-07,2.999999277589998,7.235425975375174e-07,4146264.902439888,,,-3.4712996921371087e-08,4.4462155127815223e-10,1.0000000023537685,1.0000000023548417,0.9999992683671225,0.9999997398569518,0.0,2.9994934905630544e-05,3.841902362517736e-07,,,,,,,,,,,,,,,,
square,10,10,5903,ellipsoids,5.0,1.0,True,0.010088404001196738,0.7956602354249753,Lazy KRON,Optimal,-78.07313470046073,-78.07313470046073,-78.0727678803118,,90.66462568402407,0.00036682014892619463,4.6984170718078e-06,0.038436166010797024,1.2023516734695704e-05,6.011777784304593e-06,2.999991686530374,8.316444085641847e-06,360730.09757978073,,,-2.375122960529552e-07,3.042177017282663e-09,1.0000000091809793,1.0000000075254367,0.9999910973125701,0.9999968804524024,0.0,0.00036682014892619463,4.6984170718078e-06,,,,,,4.914891957438039e-07,4.914891957438039e-07,3.7806894075150915e-08,3.7806894075150915e-08,6,7,7,,,,
square,10,10,5903,ellipsoids,5.0,1.0,True,0.010088404001196738,0.7956602354249753,Full SEP,Optimal,-78.07313164050709,-78.07313164050709,-78.07312898553407,,90.66462262407043,2.6549730165470464e-06,3.4006231859278375e-08,0.36086108395829797,8.644749233468635e-08,4.3223747252901214e-08,2.999999937283775,6.188459065667547e-08,48477333.45974982,3.814258655414391e-08,3.814258655414391e-08,-9.8489749689179e-09,1.261506328997812e-10,1.0000000006264553,1.0000000006280285,0.9999999352286075,0.9999999770821183,0.0,2.6549730165470464e-06,3.4006231859278375e-08,,,,,,,,,,,,,2025,,,
square,10,10,5903,ellipsoids,5.0,1.0,True,0.010088404001196738,0.7956602354249753,Lazy SEP,Optimal,-78.07313164365421,-78.07313164365421,-78.07312984275103,,90.66462262721755,1.8009031776955453e-06,2.3066875118002556e-08,0.05530520807951689,5.8137524606969485e-08,2.906876280549976e-08,2.999999957086477,4.221913774923103e-08,71057821.57147722,2.62850012323204e-08,2.62850012323204e-08,-1.1586521964090934e-08,1.4840601011081242e-10,1.000000000724017,1.000000000673665,0.9999999552540173,0.9999999851432424,0.0,1.8009031776955453e-06,2.3066875118002556e-08,7.870487664374259e-10,3.2281406427202628e-09,7.870487664374259e-10,3.2281406427202628e-09,coordinate,,,,,0,1,1,2025,,,
square,10,10,6260,ellipsoids,5.0,1.0,True,0.011754362878062896,0.8526352580115173,Shor,Optimal,-72.53776889964712,-72.53776889964712,-34.49465997561798,,87.56501946610777,38.04310892402914,0.524459319622308,0.002712417161092162,1.1935443404533106,0.7835817327830743,1.9653068671717429,1.0346931234742012,1.8994103880509121,,,-1.2818478012377454e-07,1.7671453377772437e-09,1.0000000081616331,1.000000008176164,0.4913499766844248,0.3151056714202226,0.0,38.04310892402914,0.524459319622308,,,,,,,,,,,,,,,,
square,10,10,6260,ellipsoids,5.0,1.0,True,0.011754362878062896,0.8526352580115173,KRON,Optimal,-71.6851336437678,-71.6851336437678,-71.68513363830152,,86.71238421022845,5.466276320476027e-09,7.62539740476756e-11,5.848910917062312,1.893045213589805e-10,9.46522606843027e-11,2.999999999891629,1.3469526744218666e-10,22272497444.49467,,,-5.95719029661268e-11,8.310217187033994e-13,0.9999999999889877,1.0000000000076474,0.9999999999263469,0.9999999999040287,0.0,5.466276320476027e-09,7.62539740476756e-11,,,,,,,,,,,,,,,,
square,10,10,6260,ellipsoids,5.0,1.0,True,0.011754362878062896,0.8526352580115173,Lazy KRON,Optimal,-71.68513782710261,-71.68513782710261,-71.68488923711031,,86.71238839356326,0.00024858999229593337,3.4678037851514996e-06,0.038298290921375155,7.774346759750542e-06,3.887178808937869e-06,2.999995544728923,4.452588995268916e-06,673764.308342081,,,-2.5414442461624276e-07,3.545287521511275e-09,1.0000000158134315,1.0000000159919564,0.9999973257898027,0.9999948947857309,0.0,0.00024858999229593337,3.4678037851514996e-06,,,,,,9.429770872949961e-07,9.429770872949961e-07,7.253673820811456e-08,7.253673820811456e-08,6,7,7,,,,
square,10,10,6260,ellipsoids,5.0,1.0,True,0.011754362878062896,0.8526352580115173,Full SEP,Optimal,-71.68513364421771,-71.68513364421771,-71.68513360996042,,86.71238421067837,3.4257297443218704e-08,4.778856605505119e-10,0.37315958295948803,9.858207095391362e-10,4.929103548798341e-10,2.9999999993426165,5.822626666691429e-10,5152313845.749784,8.298323348548179e-10,8.298323348548179e-10,-5.877325293113245e-10,8.198806355419724e-12,1.0000000000397435,1.0000000000399991,0.9999999996110536,0.9999999993116573,0.0,3.4257297443218704e-08,4.778856605505119e-10,,,,,,,,,,,,,2025,,,
square,10,10,6260,ellipsoids,5.0,1.0,True,0.011754362878062896,0.8526352580115173,Lazy SEP,Optimal,-71.68513365266769,-71.68513365266769,-71.68513313576663,,86.71238421912834,5.169010535155394e-07,7.210714790880542e-09,0.060554583091288805,1.4972973285246656e-08,7.486486668089641e-09,2.9999999900482415,8.850758881357138e-09,338953984.65405196,1.1720659121776986e-08,1.1720659121776986e-08,-8.280665042548208e-09,1.1551439776439688e-10,1.0000000005054002,1.0000000005252643,0.9999999942439555,0.9999999895091055,0.0,5.169010535155394e-07,7.210714790880542e-09,3.2701518229427684e-10,1.2659511946977836e-09,3.2701518229427684e-10,1.2659511946977836e-09,coordinate,,,,,0,1,1,2025,,,
square,15,15,278,ellipsoids,5.0,1.0,True,0.0222043792481665,1.6123779737084476,Shor,Optimal,-72.61531410933668,-72.61531410933668,-37.239509455147946,,92.06059466825148,35.375804654188734,0.48716727439784235,0.009033583104610443,1.1635399469985188,0.8100294600559558,1.8436665590804036,1.1563334397690275,1.5944073704628552,,,-3.449108021413849e-08,4.749835573554825e-10,1.000000002527564,1.0000000025012714,0.3424470597232146,0.4940129919625496,0.0,35.375804654188734,0.48716727439784235,,,,,,,,,,,,,,,,
square,15,15,278,ellipsoids,5.0,1.0,True,0.0222043792481665,1.6123779737084476,Lazy KRON,Optimal,-71.00294437990827,-71.00294437990827,-71.00250447005985,,90.44822493882307,0.00043990984842423586,6.19565642335133e-06,0.1520594998728484,1.4994233649126311e-05,7.49714244630049e-06,2.9999904437372678,9.553983227878286e-06,314004.1564007952,,,-1.504217124193019e-07,2.1185278122334713e-09,1.0000000111619853,1.0000000109179064,0.9999896148363067,0.9999953869850713,0.0,0.00043990984842423586,6.19565642335133e-06,,,,,,1.1823379057401872e-06,1.1823379057401872e-06,6.56854908196917e-08,6.56854908196917e-08,7,8,8,,,,
square,15,15,278,ellipsoids,5.0,1.0,True,0.0222043792481665,1.6123779737084476,Full SEP,Optimal,-71.00293613767074,-71.00293613767074,-71.00293612742927,,90.44821669658555,1.024147877615178e-08,1.4424021502849013e-10,15.875793166924268,3.299025697269573e-10,1.6495128487688062e-10,2.999999999772973,2.0512650264107695e-10,14625121381.912636,1.5545527989426134e-10,1.5545527989426134e-10,-4.020250798930647e-11,5.662090918515826e-13,1.0000000000023022,1.000000000002485,0.9999999997608396,0.9999999998847866,0.0,1.024147877615178e-08,1.4424021502849013e-10,,,,,,,,,,,,,11025,,,
square,15,15,278,ellipsoids,5.0,1.0,True,0.0222043792481665,1.6123779737084476,Lazy SEP,Optimal,-71.00293614802267,-71.00293614802267,-71.00293406631701,,90.44821670693747,2.0817056594069072e-06,2.931858557323731e-08,0.23196241608820856,6.852483271236528e-08,3.4262416998036475e-08,2.9999999508356647,4.6202231597006956e-08,64931927.46624838,3.2827544474246833e-08,3.2827544474246833e-08,-9.779782317309582e-09,1.377377168871056e-10,1.0000000007075416,1.0000000007146732,0.9999999493097427,0.9999999781363891,0.0,2.0817056594069072e-06,2.931858557323731e-08,6.431549789270852e-10,4.0187623609379315e-09,6.431549789270852e-10,4.0187623609379315e-09,coordinate,,,,,0,1,1,11025,,,
square,15,15,729,ellipsoids,5.0,1.0,True,0.0232694674173046,1.8477668737976245,Shor,Optimal,-79.40735559867228,-79.40735559867228,-35.75900050229674,,102.55138235454366,43.64835509637554,0.5496764722524692,0.0036446659360080957,1.2861572229635698,0.8669216523942694,1.753700632002486,1.2462993659794919,1.4071263132066325,,,-5.569448546793865e-08,7.013769070641345e-10,1.0000000036827354,1.0000000036790064,0.31754813264435133,0.3962946421758767,0.0,43.64835509637554,0.5496764722524692,,,,,,,,,,,,,,,,
square,15,15,729,ellipsoids,5.0,1.0,True,0.0232694674173046,1.8477668737976245,Lazy KRON,Optimal,-77.55959491815585,-77.55959491815585,-77.55866704751483,,100.70362167402723,0.0009278706410213999,1.196332500189729e-05,0.21262937504798174,2.749207565097915e-05,1.3746101970436655e-05,2.999984573160266,1.5304803181688016e-05,196015.88713990818,,,-2.546172623851817e-07,3.2828596210934897e-09,1.0000000196148697,1.0000000163298084,0.9999846058413806,0.9999877784404034,0.0,0.0009278706410213999,1.196332500189729e-05,,,,,,1.077158949396947e-06,1.077158949396947e-06,5.984224894636894e-08,5.984224894636894e-08,10,11,11,,,,
square,15,15,729,ellipsoids,5.0,1.0,True,0.0232694674173046,1.8477668737976245,Full SEP,Optimal,-77.5595887459923,-77.5595887459923,-77.55957850862438,,100.70361550186368,1.0237367916943185e-05,1.3199358174100912e-07,14.20698224985972,2.998744838661161e-07,1.4993725101565405e-07,2.999999815512158,1.7408814333648072e-07,17232648.691724535,1.48866038063158e-07,1.48866038063158e-07,-1.5620656768078334e-08,2.0140200613022837e-10,1.000000001181533,1.0000000011824908,0.9999998055329202,0.9999998833080068,0.0,1.0237367916943185e-05,1.3199358174100912e-07,,,,,,,,,,,,,11025,,,
square,15,15,729,ellipsoids,5.0,1.0,True,0.0232694674173046,1.8477668737976245,Lazy SEP,Optimal,-77.55958874216358,-77.55958874216358,-77.55957752960495,,100.70361549803496,1.1212558632678338e-05,1.4456702020369111e-07,0.23994908318854868,3.1580648542346616e-07,1.579032531666946e-07,2.9999997981404007,1.7645154812040862e-07,17001833.251659732,1.5617758167787724e-07,1.5617758167787724e-07,-1.3965163248030876e-08,1.800572111651621e-10,1.0000000009798684,1.0000000009678767,0.9999997881894307,0.9999998710727738,0.0,1.1212558632678338e-05,1.4456702020369111e-07,1.4690108018911019e-09,1.0310419440506296e-08,1.4690108018911019e-09,1.0310419440506296e-08,coordinate,,,,,0,1,1,11025,,,
square,15,15,2620,ellipsoids,5.0,1.0,True,0.010927267371397445,0.9003004877519061,Shor,Optimal,-82.39026804711288,-82.39026804711288,-59.701604723266705,,102.22861474140869,22.68866332384618,0.27538038000886483,0.0036870830226689577,0.7090919749476957,0.4812996395472264,2.291324017994288,0.7086759796043688,3.2332463409772423,,,-2.149952536001365e-07,2.609473894139981e-09,1.0000000156718751,1.0000000156381286,0.679217591822272,0.6116904292360129,0.0,22.68866332384618,0.27538038000886483,,,,,,,,,,,,,,,,
square,15,15,2620,ellipsoids,5.0,1.0,True,0.010927267371397445,0.9003004877519061,Lazy KRON,Optimal,-81.48997785313296,-81.48997785313296,-81.48966863436202,,101.32832454742876,0.0003092187709370364,3.7945619704834444e-06,0.1261209580115974,9.883635333989945e-06,4.941839335311596e-06,2.9999908602054304,9.141822504386065e-06,328161.1362248714,,,-9.563447633809119e-08,1.1735734731754432e-09,1.0000000070688901,1.0000000065476506,0.9999954987114205,0.9999946193539437,0.0,0.0003092187709370364,3.7945619704834444e-06,,,,,,7.504014714989409e-07,7.504014714989409e-07,4.1688993307782773e-08,4.1688993307782773e-08,6,7,7,,,,
square,15,15,2620,ellipsoids,5.0,1.0,True,0.010927267371397445,0.9003004877519061,Full SEP,Optimal,-81.48996756512217,-81.48996756512217,-81.48996715027603,,101.32831425941798,4.1484614143882936e-07,5.090763364303806e-09,16.69508979190141,1.2870850966782584e-08,6.435425521233297e-09,2.999999987603608,1.1838701466922938e-08,253406169.24799898,8.495302556169559e-09,8.495302556169559e-09,-3.4443274898876552e-09,4.2266889935072604e-11,1.0000000002639373,1.0000000002570055,0.9999999937675976,0.9999999925628718,0.0,4.1484614143882936e-07,5.090763364303806e-09,,,,,,,,,,,,,11025,,,
square,15,15,2620,ellipsoids,5.0,1.0,True,0.010927267371397445,0.9003004877519061,Lazy SEP,Optimal,-81.4899675744646,-81.4899675744646,-81.48996524629138,,101.32831426876041,2.328173223986596e-06,2.8570059521242757e-08,0.4741519170347601,7.139793345141216e-08,3.5698967871104545e-08,2.9999999307313936,6.625010089835287e-08,45282948.856700994,4.29569635573948e-08,4.29569635573948e-08,-1.5135469766391907e-08,1.857341488393806e-10,1.0000000035189553,0.9999999987862951,0.9999999664867554,0.9999999567074886,0.0,2.328173223986596e-06,2.8570059521242757e-08,1.7377668213918937e-09,1.3930035578850397e-08,1.7377668213918937e-09,1.3930035578850397e-08,coordinate,,,,,50,2,2,11025,,,
square,15,15,3869,ellipsoids,5.0,1.0,True,0.013088807596048432,1.3231845993744429,Shor,Optimal,-101.09282985975881,-101.09282985975881,-58.33213103274839,,139.33179210217693,42.760698827010415,0.4229844874886801,0.003625042038038373,1.0743475649107856,0.7314586600387465,2.004282830682065,0.9957171684793729,2.012903758346299,,,-1.7011473119055154e-08,1.6827576340136435e-10,1.0000000009345447,1.0000000009284993,0.553152982702002,0.3724994514791864,0.0,42.760698827010415,0.4229844874886801,,,,,,,,,,,,,,,,
square,15,15,3869,ellipsoids,5.0,1.0,True,0.013088807596048432,1.3231845993744429,Lazy KRON,Optimal,-99.76965533808965,-99.76965533808965,-99.76913875092919,,138.00861758050777,0.0005165871604617678,5.177798386806166e-06,0.15363629185594618,1.326114749517746e-05,6.630594011772688e-06,2.999991505329911,8.496920059625829e-06,353068.1098889871,,,-4.629261241007043e-08,4.6399491161113625e-10,1.0000000015077481,1.000000006333683,0.9999953523183218,0.9999913886718379,0.0,0.0005165871604617678,5.177798386806166e-06,,,,,,1.2962341701015781e-06,1.2962341701015781e-06,7.201305936280115e-08,7.201305936280115e-08,6,7,7,,,,
square,15,15,3869,ellipsoids,5.0,1.0,True,0.013088807596048432,1.3231845993744429,Full SEP,Optimal,-99.76964525988788,-99.76964525988788,-99.76964526038437,,138.008607502306,0.0,0.0,18.548935750033706,2.1171075171478263e-11,1.0585537585683387e-11,3.000000000000686,3.564294776120894e-12,841681226844.4467,1.8670330213421725e-11,1.8670330213414794e-11,-8.313350008393172e-12,8.33254441943529e-14,1.0000000000006066,0.9999999999933632,1.0000000000101272,1.000000000000405,1.0127232386025753e-11,0.0,0.0,,,,,,,,,,,,,11025,,,
square,15,15,3869,ellipsoids,5.0,1.0,True,0.013088807596048432,1.3231845993744429,Lazy SEP,Optimal,-99.76964527330318,-99.76964527330318,-99.7696446934486,,138.0086075157213,5.798545856805504e-07,5.811933921305727e-09,0.26048487494699657,1.3274862169706334e-08,6.637431114492779e-09,2.9999999890053295,9.232505793927004e-09,324938868.8148652,2.296948327407015e-08,2.296948327407015e-08,-1.6084896969914553e-08,1.6122034839206371e-10,1.0000000009277386,1.0000000010290566,0.9999999951454097,0.9999999897231511,0.0,5.798545856805504e-07,5.811933921305727e-09,1.660430716532435e-10,1.59281315292226e-09,1.660430716532435e-10,1.59281315292226e-09,coordinate,,,,,0,1,1,11025,,,
square,15,15,4966,ellipsoids,5.0,1.0,True,0.02304534982123591,1.8414273564834218,Shor,Optimal,-79.90450875198158,-79.90450875198158,-45.54371105826028,,110.21425571804198,34.3607976937213,0.4300232643989464,0.004333707969635725,1.0761495610421232,0.7561770279263416,1.9318811098672906,1.0681188894249056,1.8086761024397293,,,-2.771056983874587e-08,3.4679607285688574e-10,1.000000001938227,1.0000000019274062,0.5231053832619872,0.4007450548086021,0.0,34.3607976937213,0.4300232643989464,,,,,,,,,,,,,,,,
square,15,15,4966,ellipsoids,5.0,1.0,True,0.02304534982123591,1.8414273564834218,Lazy KRON,Optimal,-78.06310167462192,-78.06310167462192,-78.06245838046695,,108.37284864068232,0.0006432941549689986,8.240694273849634e-06,0.14989233296364546,2.0716007067171226e-05,1.0358055716304823e-05,2.9999863782799645,1.3625372805878417e-05,220176.46203307374,,,-1.8634750631463248e-07,2.3871394079542894e-09,1.0000000146380552,1.0000000139023628,0.9999931655516214,0.9999861210330845,0.0,0.0006432941549689986,8.240694273849634e-06,,,,,,1.6129228142058375e-06,1.6129228142058375e-06,8.960692045545534e-08,8.960692045545534e-08,7,8,8,,,,
square,15,15,4966,ellipsoids,5.0,1.0,True,0.02304534982123591,1.8414273564834218,Full SEP,Optimal,-78.06308139591295,-78.06308139591295,-78.06308139549816,,108.37282836197335,4.147864274273161e-10,5.313477510881764e-12,16.663272832985967,1.2520832975082717e-11,6.260416487548627e-12,2.999999999992611,4.180325284083535e-12,717647502555.6078,8.516705775527262e-12,8.516705775488822e-12,-4.135358722123783e-12,5.297457707505116e-14,1.00000000000262,0.9999999999995346,0.9999999999953928,0.9999999999909703,0.0,4.147864274273161e-10,5.313477510881764e-12,,,,,,,,,,,,,11025,,,
square,15,15,4966,ellipsoids,5.0,1.0,True,0.02304534982123591,1.8414273564834218,Lazy SEP,Optimal,-78.06308140801083,-78.06308140801083,-78.06308040279795,,108.37282837407123,1.005212880045292e-06,1.2876930578635051e-08,0.25128304096870124,3.142980728040105e-08,1.5714903790426554e-08,2.999999976138037,2.2738000695889048e-08,131937720.30627242,2.210755189010724e-08,2.210755189010724e-08,-1.2784880709659774e-08,1.637762752771349e-10,1.0000000009099097,1.0000000010228978,0.9999999899625567,0.9999999766651784,0.0,1.005212880045292e-06,1.2876930578635051e-08,3.3786165792165646e-10,3.122008350470368e-09,3.3786165792165646e-10,3.122008350470368e-09,coordinate,,,,,0,1,1,11025,,,
square,15,15,5317,ellipsoids,5.0,1.0,True,0.010028389759091427,0.8586013577717893,Shor,Optimal,-85.61707097526877,-85.61707097526877,-58.4741604752915,,119.9361413415971,27.142910499977276,0.3170268521311333,0.0039803339168429375,0.8376907160573239,0.5730801856200148,2.19328365799134,0.8067163352960005,2.7187792809309856,,,-2.407634269729897e-07,2.8120960484917344e-09,1.000000013751281,1.000000013937525,0.4122586419848432,0.7500506334840082,0.0,27.142910499977276,0.3170268521311333,,,,,,,,,,,,,,,,
square,15,15,5317,ellipsoids,5.0,1.0,True,0.010028389759091427,0.8586013577717893,Lazy KRON,Optimal,-84.75848062027607,-84.75848062027607,-84.75795190688457,,119.0775509866044,0.0005287133915032882,6.237881892573809e-06,0.14599691703915596,1.6812372758808606e-05,8.406229540482578e-06,2.9999875484100516,1.2450061110149472e-05,240961.67254668477,,,-2.9296813863766147e-08,3.45650531361197e-10,1.0000000040051484,1.0000000008953307,0.9999868850717302,0.999996300261495,0.0,0.0005287133915032882,6.237881892573809e-06,,,,,,1.2306034864410057e-06,1.2306034864410057e-06,6.83669218727028e-08,6.83669218727028e-08,7,8,8,,,,
square,15,15,5317,ellipsoids,5.0,1.0,True,0.010028389759091427,0.8586013577717893,Full SEP,Optimal,-84.75846962429878,-84.75846962429878,-84.75846888819643,,119.0775399906271,7.361023506291531e-07,8.684705539068928e-09,12.446185083128512,2.2909594365268285e-08,1.1454797272400393e-08,2.99999998160777,1.7585514231141183e-08,170594953.44726634,1.0867159910484687e-08,1.0867159910484687e-08,-5.02927832712885e-09,5.933658723926562e-11,1.000000000336927,1.0000000003367933,0.9999999812265405,0.9999999949429837,0.0,7.361023506291531e-07,8.684705539068928e-09,,,,,,,,,,,,,11025,,,
square,15,15,5317,ellipsoids,5.0,1.0,True,0.010028389759091427,0.8586013577717893,Lazy SEP,Optimal,-84.75846964983239,-84.75846964983239,-84.75846555265856,,119.07754001616071,4.097173828654377e-06,4.833940307772509e-08,0.2510601670946926,1.292491114093525e-07,6.462455864245564e-08,2.9999998952903537,1.0209904809984543e-07,29383230.805017617,6.368843232184086e-08,6.368843232184086e-08,-3.1222953111864626e-08,3.6837561179263657e-10,1.000000001839936,1.0000000018231874,0.9999998961870424,0.9999999714566156,0.0,4.097173828654377e-06,4.833940307772509e-08,2.373139986605599e-09,1.2387851639483545e-08,2.373139986605599e-09,1.2387851639483545e-08,coordinate,,,,,0,1,1,11025,,,
square,15,15,11664,ellipsoids,5.0,1.0,True,0.012737650054702884,1.0511974781400113,Shor,Optimal,-82.52679839888499,-82.52679839888499,-56.22862068098449,,107.24172109111439,26.2981777179005,0.31866227974567607,0.0041368340607732534,0.8013791978204695,0.546993769005739,2.222372862326064,0.7776271085771145,2.8578901607384988,,,-3.6461548802435573e-07,4.418146530561181e-09,1.000000022916563,1.0000000227138761,0.6496422098980952,0.5489785610277467,0.0,26.2981777179005,0.31866227974567607,,,,,,,,,,,,,,,,
square,15,15,11664,ellipsoids,5.0,1.0,True,0.012737650054702884,1.0511974781400113,Lazy KRON,Optimal,-81.49760099217696,-81.49760099217696,-70.3049828392061,,106.21252368440634,11.192618152970851,0.13733678067462676,0.38279095804318786,0.3257328917863662,0.19343799766486866,2.6429285105090106,0.3169947793210746,8.33745122291767,,,-1.553472657178645e-07,1.9061575288918806e-09,1.0000000100988138,1.0000000099950768,0.8917481452813362,0.734050675121315,0.0,11.192618152970851,0.13733678067462676,,,,,,1.212175863157226e-06,1.212175863157226e-06,6.875811586672762e-08,6.875811586672762e-08,19,20,20,,,,
square,15,15,11664,ellipsoids,5.0,1.0,True,0.012737650054702884,1.0511974781400113,Full SEP,Optimal,-81.47560092492957,-81.47560092492957,-81.4755993143444,,106.19052361715896,1.61058517278434e-06,1.976769921916022e-08,16.00529595813714,5.117463549640418e-08,2.55873183004748e-08,2.9999999530715717,4.429684893352579e-08,67724906.5181483,2.1697433400255385e-08,2.1697433400255385e-08,-1.933003090925922e-09,2.372493199168869e-11,1.0000000000775195,1.000000000086795,0.9999999859976222,0.999999959578022,0.0,1.61058517278434e-06,1.976769921916022e-08,,,,,,,,,,,,,11025,,,
square,15,15,11664,ellipsoids,5.0,1.0,True,0.012737650054702884,1.0511974781400113,Lazy SEP,Optimal,-81.47560092880057,-81.47560092880057,-81.47556019723167,,106.19052362102997,4.0731568901719584e-05,4.999235162108697e-07,0.7823423750232905,1.3237287725460882e-06,6.618647563554366e-07,2.999998793131457,1.1620392461193337e-06,2581667.360332318,5.585487090174393e-07,5.585487090174393e-07,-5.908717071179126e-09,7.252130703942401e-11,1.0000000003456233,1.0000000003775773,0.999999656952979,0.9999989590268933,0.0,4.0731568901719584e-05,4.999235162108697e-07,1.0077031668900567e-08,3.9583803624553674e-08,1.0077031668900567e-08,3.9583803624553674e-08,coordinate,,,,,150,4,4,11025,,,
square,15,15,14508,ellipsoids,5.0,1.0,True,0.012935707312071894,1.0213161587772106,Shor,Optimal,-78.95325196667795,-78.95325196667795,-35.192008647784135,,98.62956961241915,43.76124331889382,0.5542677752825578,0.0035852089058607817,1.274070864674145,0.8544821151665105,1.795864831029262,1.204135160285836,1.4914146602969074,,,-2.1799631610974757e-07,2.761080901414326e-09,1.00000001379819,1.0000000136727873,0.2938540128715519,0.4320751130664223,0.0,43.76124331889382,0.5542677752825578,,,,,,,,,,,,,,,,
square,15,15,14508,ellipsoids,5.0,1.0,True,0.012935707312071894,1.0213161587772106,Lazy KRON,Optimal,-77.93193986326749,-77.93193986326749,-77.93169845639581,,97.60825750900867,0.00024140687168028307,3.097662808135333e-06,0.12851837510243058,7.062751730705511e-06,3.5313814964463482e-06,2.9999955186553846,4.48070126663201e-06,669537.052379834,,,-3.52267463199496e-07,4.520193694877266e-09,1.0000000218419647,1.000000021539783,0.9999962145369384,0.9999967197748225,0.0,0.00024140687168028307,3.097662808135333e-06,,,,,,6.450468251591495e-07,6.450468251591495e-07,3.583594798985516e-08,3.583594798985516e-08,6,7,7,,,,
square,15,15,14508,ellipsoids,5.0,1.0,True,0.012935707312071894,1.0213161587772106,Full SEP,Optimal,-77.93193581045168,-77.93193581045168,-77.93193571100699,,97.60825345619287,9.944469070433115e-08,1.2760454320832402e-09,17.50555450003594,2.839645549999007e-09,1.4198227757873935e-09,2.9999999982803343,1.6273625900937177e-09,1843473615.8630562,1.4796129358468888e-09,1.4796129358468888e-09,-4.264251174390665e-10,5.4717634433748714e-12,1.0000000000345,1.0000000000322968,0.9999999983733567,0.9999999986786182,0.0,9.944469070433115e-08,1.2760454320832402e-09,,,,,,,,,,,,,11025,,,
square,15,15,14508,ellipsoids,5.0,1.0,True,0.012935707312071894,1.0213161587772106,Lazy SEP,Optimal,-77.93193582665825,-77.93193582665825,-77.93193370770929,,97.60825347239944,2.118948955853739e-06,2.7189738499077656e-08,0.21902287495322526,5.749926269064733e-08,2.8749631766983702e-08,2.999999959384234,3.586599467954083e-08,83644688.68600862,3.646512452770803e-08,3.646512452770803e-08,-1.740156108098745e-08,2.2329178527905734e-10,1.0000000011234915,1.0000000010467158,0.999999966839962,0.9999999700273734,0.0,2.118948955853739e-06,2.7189738499077656e-08,1.0298280977982799e-09,4.347363960284633e-09,1.0298280977982799e-09,4.347363960284633e-09,coordinate,,,,,0,1,1,11025,,,
square,15,15,15664,ellipsoids,5.0,1.0,True,0.01002419413339861,0.8301400025205794,Shor,Optimal,-82.81363982713772,-82.81363982713772,-50.99507539141166,,107.8836260357608,31.81856443572606,0.3842188859485347,0.003889207961037755,0.9293558359223411,0.6000074079425884,2.221249629980883,0.7787503697140012,2.8523256185376122,,,-1.0939359640360635e-08,1.320961095683642e-10,1.0000000007519576,1.0000000007576952,0.41454706643127687,0.6560970973076619,0.0,31.81856443572606,0.3842188859485347,,,,,,,,,,,,,,,,
square,15,15,15664,ellipsoids,5.0,1.0,True,0.01002419413339861,0.8301400025205794,Lazy KRON,Optimal,-81.98350670825592,-81.98350670825592,-81.98322400481936,,107.053492916879,0.0002827034365537884,3.448296467237105e-06,0.0911953339818865,8.421689562928575e-06,4.210852838066452e-06,2.9999946405553324,5.3609947004729026e-06,559596.643565176,,,-4.3404713778727455e-07,5.294322665799865e-09,1.0000000288309587,1.0000000292399516,0.9999938768529923,0.9999976980361099,0.0,0.0002827034365537884,3.448296467237105e-06,,,,,,1.2263052416133728e-06,1.2263052416133728e-06,6.812809899761648e-08,6.812809899761648e-08,4,5,5,,,,
square,15,15,15664,ellipsoids,5.0,1.0,True,0.01002419413339861,0.8301400025205794,Full SEP,Optimal,-81.98349982469566,-81.98349982469566,-81.98349982461714,,107.05348603331873,7.851497230149107e-11,9.576923706523715e-13,17.225696958135813,2.635926464860383e-12,1.3179632324305418e-12,2.9999999999981597,7.631771552444981e-14,39309352741789.73,1.1894309803741554e-12,1.1894309803741554e-12,-1.1368683772161603e-13,1.3867038851075063e-15,0.9999999999968806,1.0000000000026683,0.9999999999954909,1.0000000000013434,1.3433698597964394e-12,7.851497230149107e-11,9.576923706523715e-13,,,,,,,,,,,,,11025,,,
square,15,15,15664,ellipsoids,5.0,1.0,True,0.01002419413339861,0.8301400025205794,Lazy SEP,Optimal,-81.98349983810658,-81.98349983810658,-81.98349945390044,,107.05348604672966,3.8420614600909175e-07,4.686383806104722e-09,0.23125649988651276,1.0904215628138015e-08,5.452107831298978e-09,2.99999999198403,7.731497017841253e-09,388023171.32907254,1.922660302336724e-08,1.922660302336724e-08,-1.2000072047158028e-08,1.4637179518872282e-10,1.0000000009072365,1.0000000007849237,0.9999999916548465,0.9999999969369983,0.0,3.8420614600909175e-07,4.686383806104722e-09,3.0054088384634525e-10,1.6120064848340192e-09,3.0054088384634525e-10,1.6120064848340192e-09,coordinate,,,,,0,1,1,11025,,,
square,15,15,16969,ellipsoids,5.0,1.0,True,0.01931815105298259,1.6568817727881537,Shor,Optimal,-85.76813424038025,-85.76813424038025,-52.15476660702237,,127.62059303542769,33.61336763335788,0.3919097451642182,0.0036966248881071806,0.9892518102046679,0.6810330610300024,2.0619036431332662,0.9380963438031098,2.1979657598644518,,,-2.7381994982533797e-07,3.1925604101158305e-09,1.0000000163908094,1.0000000162529963,0.6258355920765577,0.3849125832456456,0.0,33.61336763335788,0.3919097451642182,,,,,,,,,,,,,,,,
square,15,15,16969,ellipsoids,5.0,1.0,True,0.01931815105298259,1.6568817727881537,Lazy KRON,Optimal,-84.111253057082,-84.111253057082,-84.11124364989637,,125.96371185212944,9.407185629584092e-06,1.1184217673228476e-07,0.1813682089559734,2.7629299623387677e-07,1.3814650791653971e-07,2.9999998151910456,1.8959751077716453e-07,15822991.572484141,,,-3.394951022528403e-07,4.036262567892579e-09,1.0000000254627592,1.000000020434373,0.9999999377788,0.9999997894606126,0.0,9.407185629584092e-06,1.1184217673228476e-07,,,,,,3.0056917586993494e-08,3.0056917586993494e-08,1.6698287789284843e-09,1.6698287789284843e-09,7,8,8,,,,
square,15,15,16969,ellipsoids,5.0,1.0,True,0.01931815105298259,1.6568817727881537,Full SEP,Optimal,-84.11125247148738,-84.11125247148738,-84.11125232385396,,125.96371126653482,1.4763341482648684e-07,1.755215984645249e-09,14.223997167078778,4.264388087823843e-09,2.1321940465644793e-09,2.9999999967923445,2.9439257176446253e-09,1019047450.4202447,2.960772478510059e-09,2.960772478510059e-09,-1.7679013808447053e-09,2.1018607248108698e-11,1.0000000001264748,1.0000000001260523,0.9999999988374588,0.9999999965158086,0.0,1.4763341482648684e-07,1.755215984645249e-09,,,,,,,,,,,,,11025,,,
square,15,15,16969,ellipsoids,5.0,1.0,True,0.01931815105298259,1.6568817727881537,Lazy SEP,Optimal,-84.11125248348516,-84.11125248348516,-84.11125150863201,,125.9637112785326,9.748531510922476e-07,1.1590044403198672e-08,0.2541335830464959,2.7699835990118835e-08,1.3849918120526236e-08,2.999999977683833,2.027860211852218e-08,147939190.29279026,1.9340341730435682e-08,1.9340341730435682e-08,-1.238356617250247e-08,1.472284124521142e-10,1.000000000630291,1.000000001629484,0.9999999921548847,0.9999999773044493,0.0,9.748531510922476e-07,1.1590044403198672e-08,4.923906230663855e-10,3.107784483200337e-09,4.923906230663855e-10,3.107784483200337e-09,coordinate,,,,,0,1,1,11025,,,
square,15,15,14508,ellipsoids,5.0,1.0,True,0.012935707312071894,1.0213161587772106,KRON,Optimal,-77.93193641468804,-77.93193641468804,-77.93184690358514,,97.60825406042923,8.951110289956432e-05,1.1485805052149831e-06,493.77893791603856,2.6002794455549783e-06,1.3001402757926224e-06,2.9999985635981354,1.4310668438172117e-06,2096337.1323704019,,,-2.855418301805912e-07,3.663989929124543e-09,1.0000000204057637,1.0000000203413708,0.9999984253220202,0.9999989668737908,0.0,8.951110289956432e-05,1.1485805052149831e-06,,,,,,,,,,,,,,,,
square,15,15,3869,ellipsoids,5.0,1.0,True,0.013088807596048432,1.3231845993744429,KRON,Optimal,-99.7696453219328,-99.7696453219328,-99.76964316215671,,138.00860756435094,2.1597760877511973e-06,2.164762719945647e-08,552.9014679579996,5.276591589159859e-08,2.6382958227672754e-08,2.999999968186715,3.195033411225382e-08,93895730.7190141,,,-2.323606906884379e-08,2.328971802382032e-10,1.0000000016252226,1.0000000016248802,0.9999999753811416,0.9999999719126518,0.0,2.1597760877511973e-06,2.164762719945647e-08,,,,,,,,,,,,,,,,
square,15,15,4966,ellipsoids,5.0,1.0,True,0.02304534982123591,1.8414273564834218,KRON,Optimal,-78.06308154064831,-78.06308154064831,-78.06307320635119,,108.37282850670871,8.334297120882184e-06,1.0676361932423104e-07,577.2663591660094,2.611037972151225e-07,1.3055190616943784e-07,2.9999998348737993,1.6456926502046384e-07,18229405.317577105,,,-5.53709043060735e-08,7.093097430088159e-10,1.0000000048689097,1.0000000048707267,0.9999998887882988,0.9999998475218266,0.0,8.334297120882184e-06,1.0676361932423104e-07,,,,,,,,,,,,,,,,
square,15,15,729,ellipsoids,5.0,1.0,True,0.0232694674173046,1.8477668737976245,KRON,Optimal,-77.55958878812464,-77.55958878812464,-77.55958239883313,,100.70361554399602,6.3892915136420925e-06,8.237913085248815e-08,648.5054096661042,1.8461357077731776e-07,9.230678885537755e-08,2.9999998856979384,1.0641699134940764e-07,28190985.74068677,,,-1.797049264951056e-08,2.3169917389069593e-10,1.0000000013147874,1.0000000013069619,0.9999998799918484,0.9999999273915796,0.0,6.3892915136420925e-06,8.237913085248815e-08,,,,,,,,,,,,,,,,
square,15,15,16969,ellipsoids,5.0,1.0,True,0.01931815105298259,1.6568817727881537,KRON,Optimal,-84.1112529183712,-84.1112529183712,-84.11124222923357,,125.96371171341865,1.0689137639019464e-05,1.2708332438458767e-07,466.389997625025,3.1405979800344176e-07,1.5702991343429822e-07,2.9999997699165184,2.298509298962732e-07,13051936.62375155,,,-1.7183549516630592e-07,2.042954886584199e-09,1.0000000126336366,1.0000000126996003,0.9999999103372204,0.9999997670150331,0.0,1.0689137639019464e-05,1.2708332438458767e-07,,,,,,,,,,,,,,,,
square,15,15,2620,ellipsoids,5.0,1.0,True,0.010927267371397445,0.9003004877519061,KRON,Optimal,-81.48996766503741,-81.48996766503741,-81.48996469597614,,101.32831435933322,2.9690612706190223e-06,3.6434684608334596e-08,646.0295300839934,9.350575096500028e-08,4.675287722232659e-08,2.9999999188010054,8.273322249005311e-08,36261127.37433491,,,-3.689538630169409e-08,4.5275985938970676e-10,1.0000000030610974,1.0000000030597156,0.9999999624262934,0.9999999428748418,0.0,2.9690612706190223e-06,3.6434684608334596e-08,,,,,,,,,,,,,,,,
square,15,15,5317,ellipsoids,5.0,1.0,True,0.010028389759091427,0.8586013577717893,KRON,Optimal,-84.75846971288999,-84.75846971288999,-84.75846687099369,,119.07754007921831,2.8418963040621747e-06,3.352934890977605e-08,859.0825787920039,8.748029946041479e-08,4.374015106428752e-08,2.9999999297479776,6.981063981666584e-08,42973391.12814993,,,-3.566213990779943e-08,4.2075016253362067e-10,1.0000000024220397,1.0000000024344435,0.99999993169459,0.9999999793789844,0.0,2.8418963040621747e-06,3.352934890977605e-08,,,,,,,,,,,,,,,,
square,15,15,15664,ellipsoids,5.0,1.0,True,0.01002419413339861,0.8301400025205794,KRON,Optimal,-81.98350019879622,-81.98350019879622,-81.9834924927634,,107.0534864074193,7.706032818077801e-06,9.39949233613101e-08,452.403573458083,2.1511601341358088e-07,1.0755801018249959e-07,2.9999998860826436,1.193589576610501e-07,25134266.793799434,,,-1.444727075750052e-07,1.762216875647943e-09,1.000000011737968,1.000000011730519,0.9999998846976248,0.9999999027658657,0.0,7.706032818077801e-06,9.39949233613101e-08,,,,,,,,,,,,,,,,
square,15,15,11664,ellipsoids,5.0,1.0,True,0.012737650054702884,1.0511974781400113,KRON,Optimal,-81.49759944207189,-81.49759944207189,-70.35560445922485,,106.21252213430128,11.141994982847038,0.1367156217989797,905.1771172499284,0.3250287979442875,0.19287382499845496,2.6444410734300186,0.3162891111343464,8.360835009292403,,,-6.340741265375982e-10,7.780279798158904e-12,1.000000000041678,1.0000000000414164,0.8925154591282756,0.7348787533066339,0.0,11.141994982847038,0.1367156217989797,,,,,,,,,,,,,,,,
square,15,15,278,ellipsoids,5.0,1.0,True,0.0222043792481665,1.6123779737084476,KRON,Optimal,-71.00293617139971,-71.00293617139971,-71.00293314416172,,90.44821673031451,3.0272379945017747e-06,4.2635391685691435e-08,739.2665954169352,9.889289084895741e-08,4.9446446557710436e-08,2.9999999318050725,6.096791040123699e-08,49206212.12145406,,,-1.4451259744419076e-08,2.0353045273415195e-10,0.9999999942865362,1.000000007041507,0.9999999238457244,0.9999999704452015,0.0,3.0272379945017747e-06,4.2635391685691435e-08,,,,,,,,,,,,,,,,
