file,n,method,status,value,lower_bound,upper_bound,reference_value,bound_gap,relative_bound_gap,reference_error,relative_reference_error,runtime,pd_gap,relative_pd_gap,rank1_residual,relative_rank1_residual,rank1_eig_largest,rank1_eig_second,rank1_eig_ratio,x_trace,y_trace,x_ball,y_ball,primal_feasibility_violation,certification_gap,relative_certification_gap,max_skew_violation,fro_skew_violation,relative_max_skew_violation,relative_fro_skew_violation,lazy_cut_strategy,max_kron_violation,fro_kron_violation,relative_max_kron_violation,relative_fro_kron_violation,n_cuts,n_iters,n_rounds,full_constraint_count,gurobi_time_limit,gurobi_mip_gap,gurobi_sol_count
instance_5_17.mat,5,Lazy KRON,Optimal,-14.221825804191637,-14.221825804191637,-10.453380515336248,-14.207038387440964,0.014787416750673188,0.0010397692219176846,-0.014787416750673188,0.0010397692219176846,0.06286083394661546,2.123553244359755e-08,1.4931649941415218e-09,0.181639412007984,0.181639412007984,1.812431091202762,0.16183012883144768,11.199589991616943,1.0000000123521682,1.0000000215811733,0.781316424944869,0.649076340961799,0.0,3.7684453100909217,0.26497619509196246,,,,,,5.891588162750345e-07,5.891588162750345e-07,7.890330593089218e-08,7.890330593089218e-08,22,23,23,,,,
instance_5_17.mat,5,Full SEP,Optimal,-14.207040263927498,-14.207040263927498,-14.207039613156958,-14.207038387440964,1.8764865341580617e-06,1.3208145393397456e-07,-1.8764865341580617e-06,1.3208145393397456e-07,0.014181583188474178,-2.6057378477162274e-11,1.8341173103678373e-12,3.077154206051692e-08,3.077154206051692e-08,1.999999970482838,2.6686653823492126e-08,74943827.11714303,0.9999999999909531,1.0000000002391276,0.9999999644094533,0.9999999362997363,0.0,6.507444823000696e-07,4.5806200840500964e-08,1.0593128741052525e-11,1.1148295305159322e-11,1.0593128741052525e-11,1.1148295305159322e-11,,,,,,0,0,0,100,,,
instance_5_17.mat,5,Gurobi,OPTIMAL,-14.207040263104979,-14.207043430618151,-14.207040263104979,-14.207038387440964,5.04317718785785e-06,3.5497724860818706e-07,-5.04317718785785e-06,3.5497724860818706e-07,0.04195679211989045,,,,,,,,,,1.0,0.9999999999129556,0.0,,2.229537192668253e-07,,,,,,,,,,,,,,5.0,2.2293557496253811e-07,2
instance_5_51.mat,5,Lazy KRON,Optimal,-15.663759375026368,-15.663759375026368,-15.663752881491906,-15.663759208643935,1.663824331643582e-07,1.062212647556571e-08,-1.663824331643582e-07,1.062212647556571e-08,0.028427625074982643,-1.0526241034369832e-07,6.720124321593208e-09,3.869069088249549e-07,3.869069088249549e-07,1.9999996265434843,3.2435137200313965e-07,6166151.276598037,1.000000006780378,1.0000000191639737,0.9999995390910666,0.9999994988833412,0.0,6.38827205179382e-06,4.145578533650442e-07,,,,,,2.5595510771394727e-08,2.5595510771394727e-08,3.199439211638689e-09,3.199439211638689e-09,8,9,9,,,,
instance_5_51.mat,5,Full SEP,Optimal,-15.663759230747534,-15.663759230747534,-15.663759039044962,-15.663759208643935,2.2103598951161985e-08,1.4111298970794457e-09,-2.2103598951161985e-08,1.4111298970794457e-09,0.013822915963828564,-1.8866266771055962e-08,1.204453317567726e-09,1.08657028674674e-08,1.08657028674674e-08,1.9999999873350418,9.097720357151654e-09,219835289.3714584,0.999999998930817,1.0000000034739298,0.9999999849944885,0.9999999874979271,0.0,1.7283630526776506e-07,1.223860563832685e-08,2.868234898824145e-12,2.9188020543622384e-12,2.868234898824145e-12,2.9188020543622384e-12,,,,,,0,0,0,100,,,
instance_5_51.mat,5,Gurobi,OPTIMAL,-15.663759208792307,-15.66376805093532,-15.663759208792307,-15.663759208643935,8.842291384425494e-06,5.645060215187176e-07,-8.842291384425494e-06,5.645060215187176e-07,0.04586700024083257,,,,,,,,,,0.9999999996750172,1.0000000000000004,4.440892098500626e-16,,5.644965492141683e-07,,,,,,,,,,,,,,5.0,5.643738332397503e-07,1
instance_5_71.mat,5,Lazy KRON,Optimal,-9.953971322391812,-9.953971322391812,-7.45017110344186,-9.94198441019675,0.011986912195062871,0.0012042341500520387,-0.011986912195062871,0.0012042341500520387,0.07280483329668641,3.492072764288423e-08,3.50822063996998e-09,0.17340939732097746,0.17340939732097746,1.8116077303511138,0.16078652686201367,11.267161283394273,1.000000009036016,1.0000000207609892,0.7861599520405391,0.6675196001092377,0.0,2.50380025387068,0.25153781720443225,,,,,,2.933181240732208e-07,2.933181240732208e-07,3.9203560035419315e-08,3.9203560035419315e-08,20,21,21,,,,
instance_5_71.mat,5,Full SEP,Optimal,-9.941984415538208,-9.941984415538208,-9.941983851027654,-9.94198441019675,5.341458830798729e-09,5.372628448753779e-10,-5.341458830798729e-09,5.372628448753779e-10,0.01317979209125042,3.4347600319506455e-09,3.454803275071021e-10,3.755918344356024e-08,3.755918344356024e-08,1.999999961788607,3.2865982780889e-08,60853192.04121207,1.0000000005402003,1.0000000022088091,0.9999999540543828,0.9999999227008531,0.0,5.679453138895951e-07,5.678047060457847e-08,1.258380823466271e-15,1.2645839116934915e-15,1.258380823466271e-15,1.2645839116934915e-15,,,,,,0,0,0,100,,,
instance_5_71.mat,5,Gurobi,OPTIMAL,-9.941984413695033,-9.941989062804296,-9.941984413695033,-9.94198441019675,4.6526075472286266e-06,4.6797552459952966e-07,-4.6526075472286266e-06,4.6797552459952966e-07,0.05152808269485831,,,,,,,,,,0.9999999999142759,1.0,0.0,,4.676236549377562e-07,,,,,,,,,,,,,,5.0,4.67623873073724e-07,1
instance_5_89.mat,5,Lazy KRON,Optimal,-3.784463583537667,-3.784463583537667,-3.710145434718804,-3.783704270718877,0.0007593128187903808,0.00020063948351712902,-0.0007593128187903808,0.00020063948351712902,0.05897725000977516,-2.786215702599293e-12,7.362247359756002e-13,0.02075737780562343,0.02075737780562343,1.978930532579771,0.018298442190818505,108.14748665177228,1.0000000000626867,1.000000000012221,0.9749011029220312,0.9606354415507339,0.0,0.07431814881607712,0.019637696909582017,,,,,,7.091835016953731e-07,7.091835016953731e-07,8.932758945532085e-08,8.932758945532085e-08,16,17,17,,,,
instance_5_89.mat,5,Full SEP,Optimal,-3.7837042447054245,-3.7837042447054245,-3.7837036443695258,-3.783704270718877,0.0,0.0,2.6013452281148375e-08,6.87512829225578e-09,0.01352129178121686,3.366843515095752e-08,8.898273483734914e-09,1.6854993654257327e-07,1.6854993654257327e-07,1.9999998238484658,1.5606340763396343e-07,12815302.793716611,1.0000000024573628,0.9999999205917519,0.9999997968158754,0.9999995858669616,0.0,6.340043339214674e-07,1.586635370908194e-07,1.6880142236289785e-14,1.6915979046165447e-14,1.6880142236289785e-14,1.6915979046165447e-14,,,,,,0,0,0,100,,,
instance_5_89.mat,5,Gurobi,OPTIMAL,-3.783704268768477,-3.783704951449369,-3.783704268768477,-3.783704270718877,6.807304919753676e-07,1.7991109262222206e-07,-6.807304919753676e-07,1.7991109262222206e-07,0.08305095927789807,,,,,,,,,,0.9999999995631776,0.9999999974460385,0.0,,1.8042656617702064e-07,,,,,,,,,,,,,,5.0,1.804265987307723e-07,1
instance_5_93.mat,5,Lazy KRON,Optimal,-10.819154799208825,-10.819154799208825,-10.819152218880678,-10.819154827494184,0.0,0.0,2.8285359832125323e-08,2.6143779512467216e-09,0.027048999909311533,7.500207566124573e-08,6.93234148629895e-09,1.998285763391742e-07,1.998285763391742e-07,1.9999997850882354,1.7606580116390702e-07,11359388.205244651,1.0000000133839646,1.0000000353015948,0.9999997397237363,0.9999996514011236,0.0,2.6553302223675246e-06,2.384962776292813e-07,,,,,,0.0,0.0,0.0,0.0,4,5,5,,,,
instance_5_93.mat,5,Full SEP,Optimal,-10.819154829943798,-10.819154829943798,-10.819154748338317,-10.819154827494184,2.4496138451013394e-09,2.2641452900938513e-10,-2.4496138451013394e-09,2.2641452900938513e-10,0.013037209399044514,2.810052635027205e-09,2.5972940393180437e-10,6.2016031739123215e-09,6.2016031739123215e-09,1.9999999931176806,5.728205489582588e-09,349149484.381263,1.0000000002313165,1.0000000012855599,0.9999999920167058,0.9999999891847415,0.0,8.441553411842051e-08,7.54268542839748e-09,1.9710334538903036e-13,1.9722854798914527e-13,1.9710334538903036e-13,1.9722854798914527e-13,,,,,,0,0,0,100,,,
instance_5_93.mat,5,Gurobi,OPTIMAL,-10.819154828301471,-10.819163299767661,-10.819154828301471,-10.819154827494184,8.472273476556325e-06,7.830802846591903e-07,-8.472273476556325e-06,7.830802846591903e-07,0.04246270889416337,,,,,,,,,,0.9999999997968633,1.0,0.0,,7.830056682901071e-07,,,,,,,,,,,,,,5.0,7.830062813884637e-07,1
instance_5_107.mat,5,Lazy KRON,Optimal,-17.267412867637745,-17.267412867637745,-15.372619856334882,-17.264714878034184,0.0026979896035612683,0.0001562474717111669,-0.0026979896035612683,0.0001562474717111669,0.07151008304208517,-1.7578260980144478e-07,1.0180020084589116e-08,0.0855402007288647,0.0855402007288647,1.9021301044520824,0.07696273562426925,24.714949241646618,1.0000000185527615,1.000000027053882,0.8861097583253312,0.8427664144028579,0.0,1.8947928355202528,0.10973230476547227,,,,,,6.296824685769631e-07,6.296824685769631e-07,8.128037611620711e-08,8.128037611620711e-08,21,22,22,,,,
instance_5_107.mat,5,Full SEP,Optimal,-17.264714958749757,-17.264714958749757,-17.26471469756857,-17.264714878034184,8.07155728921316e-08,4.675175529105678e-09,-8.07155728921316e-08,4.675175529105678e-09,0.013079625088721514,-2.0305972014966756e-08,1.1761544898646408e-09,1.1679765537872983e-08,1.1679765537872983e-08,1.9999999870665408,1.0600690300148236e-08,188666957.5696003,1.0000000019120767,1.0000000027058424,0.999999985207965,0.9999999818852068,0.0,2.4087521310889315e-07,1.5128033433966037e-08,2.7078968617737082e-15,2.7228415629709007e-15,2.7078968617737082e-15,2.7228415629709007e-15,,,,,,0,0,0,100,,,
instance_5_107.mat,5,Gurobi,OPTIMAL,-17.264714934295874,-17.264725207014177,-17.264714934295874,-17.264714878034184,1.032897999309057e-05,5.982707439151244e-07,-1.032897999309057e-05,5.982707439151244e-07,0.061113249976187944,,,,,,,,,,1.0,0.9999999997817197,0.0,,5.950119784414198e-07,,,,,,,,,,,,,,5.0,5.948226921095801e-07,2
instance_5_124.mat,5,Lazy KRON,Optimal,-20.633385633101582,-20.633385633101582,-20.559700448614016,-20.633368636868262,1.699623332029887e-05,8.237248904528917e-07,-1.699623332029887e-05,8.237248904528917e-07,0.04579483298584819,-1.1119582055130195e-07,5.389121423336047e-09,0.0029786272316151266,0.0029786272316151266,1.9967439064995078,0.0027461077420697804,727.117831507417,1.0000000275713552,1.0000000516883083,0.9962093892967159,0.9945114569206486,0.0,0.07368507329174534,0.003571163055730163,,,,,,7.790631345422081e-07,7.790631345422081e-07,9.749073669000154e-08,9.749073669000154e-08,14,15,15,,,,
instance_5_124.mat,5,Full SEP,Optimal,-20.633368638271868,-20.633368638271868,-20.633368630839293,-20.633368636868262,1.403606120220502e-09,6.802602836344516e-11,-1.403606120220502e-09,6.802602836344516e-11,0.013108707964420319,-3.6776626188839145e-10,1.7823859416064476e-11,3.1413621610098764e-10,3.1413621610098764e-10,1.9999999997132574,3.039244335369632e-10,6580583128.634894,1.0000000000583886,1.0000000001954554,0.9999999996716802,0.999999999534108,0.0,7.064809182111276e-09,3.602211337519232e-10,2.1470914700231419e-13,2.8044084476164507e-13,2.1470914700231419e-13,2.8044084476164507e-13,,,,,,0,0,0,100,,,
instance_5_124.mat,5,Gurobi,OPTIMAL,-20.633368636662247,-20.633370658348177,-20.633368636662247,-20.633368636868262,2.021479915015334e-06,9.797138569783078e-08,-2.021479915015334e-06,9.797138569783078e-08,0.055047750007361174,,,,,,,,,,1.0,0.9999999998401528,0.0,,9.798137024006663e-08,,,,,,,,,,,,,,5.0,9.784297919509709e-08,1
instance_5_157.mat,5,Lazy KRON,Optimal,-13.602930772503615,-13.602930772503615,-13.60291673416604,-13.602930364293574,4.082100417690526e-07,3.000897737377235e-08,-4.082100417690526e-07,3.000897737377235e-08,0.008064874913543463,2.2746318606436944e-08,1.672163079181097e-09,8.599183287007813e-07,8.599183287007813e-07,1.9999991222391533,8.14621229843943e-07,2455127.670343545,0.9999999727297533,1.0000000383278262,0.999999051956834,0.999998799840005,0.0,1.4061083893679438e-05,1.032008308345544e-06,,,,,,2.0636328769420561e-07,2.0636328769420561e-07,2.579541786682812e-08,2.579541786682812e-08,3,4,4,,,,
instance_5_157.mat,5,Full SEP,Optimal,-13.602930366042742,-13.602930366042742,-13.602930356918339,-13.602930364293574,1.7491679216163902e-09,1.285875818333138e-10,-1.7491679216163902e-09,1.285875818333138e-10,0.013606749940663576,1.2538237115222728e-10,9.2173059611642e-12,8.489500731592714e-10,8.489500731592714e-10,1.9999999988032884,6.626107342315617e-10,3018363415.320632,0.9999999994610088,1.0000000001073819,0.9999999985784691,0.9999999993020472,0.0,9.249784937992445e-09,6.707674244674251e-10,1.3214129080206152e-12,1.373101752447113e-12,1.3214129080206152e-12,1.373101752447113e-12,,,,,,0,0,0,100,,,
instance_5_157.mat,5,Gurobi,OPTIMAL,-13.602930363556936,-13.60293946553628,-13.602930363556936,-13.602930364293574,9.101242707032497e-06,6.690644128859756e-07,-9.101242707032497e-06,6.690644128859756e-07,0.04332233313471079,,,,,,,,,,0.9999999987544087,0.9999999999067937,0.0,,6.691185656975496e-07,,,,,,,,,,,,,,5.0,6.691190134175041e-07,1
instance_5_198.mat,5,Lazy KRON,Optimal,-7.552100340225531,-7.552100340225531,-7.552097538075845,-7.552100265246828,7.49787023579529e-08,9.928192023427722e-09,-7.49787023579529e-08,9.928192023427722e-09,0.008806457743048668,3.1699460834033744e-09,4.1974363959638665e-10,2.7890151250589654e-07,2.7890151250589654e-07,1.999999715110243,2.3751135954872305e-07,8420648.675121425,0.9999999971842533,1.0000000020046964,0.9999996510668581,0.9999996191567175,0.0,2.805319631704606e-06,3.710424331488055e-07,,,,,,1.0687665232779495e-08,1.0687665232779495e-08,1.3359582695219288e-09,1.3359582695219288e-09,3,4,4,,,,
instance_5_198.mat,5,Full SEP,Optimal,-7.552100335506731,-7.552100335506731,-7.552098618842709,-7.552100265246828,7.025990278464178e-08,9.303359285933995e-09,-7.025990278464178e-08,9.303359285933995e-09,0.01328520942479372,1.88458315619755e-09,2.495442423264757e-10,1.4378924090125189e-07,1.4378924090125189e-07,1.9999998657368567,6.918268836492997e-08,28908964.265555993,0.9999999980572803,1.000000000914095,0.9999998029800823,0.9999997650959145,0.0,1.7185486056447985e-06,2.2730948295503758e-07,5.475575384933052e-15,5.47559481825098e-15,5.475575384933052e-15,5.47559481825098e-15,,,,,,0,0,0,100,,,
instance_5_198.mat,5,Gurobi,OPTIMAL,-7.552100334498423,-7.552103504654605,-7.552100334498423,-7.552100265246828,3.239407776689518e-06,4.289411254351806e-07,-3.239407776689518e-06,4.289411254351806e-07,0.04537095781415701,,,,,,,,,,0.999999998089842,1.0000000000000002,2.220446049250313e-16,,4.19771283597303e-07,,,,,,,,,,,,,,5.0,4.197714575707772e-07,2
instance_5_315.mat,5,Lazy KRON,Optimal,-9.290188277014515,-9.290188277014515,-9.290180078029671,-9.290187956991277,3.2002323813173916e-07,3.444744375348456e-08,-3.2002323813173916e-07,3.444744375348456e-08,0.015963499899953604,1.3213606209205864e-08,1.422318452027344e-09,1.0071873017540222e-06,1.0071873017540222e-06,1.999999094656395,9.054204407078417e-07,2208917.5423219195,1.0000000031237561,1.0000000053010898,0.9999989896486808,0.9999986827252515,0.0,8.212198450152641e-06,8.825423769106057e-07,,,,,,2.696164785674955e-07,2.696164785674955e-07,3.37020695525807e-08,3.37020695525807e-08,3,4,4,,,,
instance_5_315.mat,5,Full SEP,Optimal,-9.290187955588493,-9.290187955588493,-9.290187929000382,-9.290187956991277,0.0,0.0,1.4027836670038596e-09,1.5099626331544808e-10,0.013005041982978582,2.894950057452661e-09,3.1161372313368643e-10,2.8073480101040765e-09,2.8073480101040765e-09,1.999999997081542,2.2532730999674676e-09,887597689.3836871,1.000000000530815,1.000000001258446,0.9999999963163889,0.9999999956052525,0.0,2.9483061325663584e-08,2.861956226861578e-09,2.9705843125991245e-12,3.076508185531885e-12,2.9705843125991245e-12,3.076508185531885e-12,,,,,,0,0,0,100,,,
instance_5_315.mat,5,Gurobi,OPTIMAL,-9.29018795630503,-9.290194964358005,-9.29018795630503,-9.290187956991277,7.007366727762587e-06,7.542755297005576e-07,-7.007366727762587e-06,7.542755297005576e-07,0.0544838747009635,,,,,,,,,,1.0,0.9999999995587314,0.0,,7.543493976339972e-07,,,,,,,,,,,,,,5.0,7.540073435633674e-07,1
instance_5_344.mat,5,Lazy KRON,Optimal,-20.066968556691315,-20.066968556691315,-15.203683695402916,-20.064080997118772,0.0028875595725423864,0.00014389615274398445,-0.0028875595725423864,0.00014389615274398445,0.07359945820644498,3.3386129416612675e-09,1.663735572330884e-10,0.21182129441420666,0.21182129441420666,1.8008528723035864,0.17518126137370102,10.279940092804575,1.0000000005334435,1.0000000001626856,0.7552086736092715,0.5825168951890787,0.0,4.863284864627012,0.24235274239599786,,,,,,4.4518537928458824e-07,4.4518537928458824e-07,6.012784312751941e-08,6.012784312751941e-08,20,21,21,,,,
instance_5_344.mat,5,Full SEP,Optimal,-20.064081139015453,-20.064081139015453,-20.064077730885323,-20.064080997118772,1.4189668107178477e-07,7.0721744040329205e-09,-1.4189668107178477e-07,7.0721744040329205e-09,0.013534042052924633,1.954708039875186e-08,9.742325234491669e-10,1.5382673803355176e-07,1.5382673803355176e-07,1.9999998642440897,1.269334202257955e-07,15756290.665503144,1.0000000035306331,0.9999999961909735,0.9999998307659075,0.9999996804680458,0.0,3.4276772105101827e-06,1.6986225815665077e-07,2.1397866733759284e-13,2.1566495889444981e-13,2.1397866733759284e-13,2.1566495889444981e-13,,,,,,0,0,0,100,,,
instance_5_344.mat,5,Gurobi,OPTIMAL,-20.064081116414908,-20.064084981004335,-20.064081116414908,-20.064080997118772,3.983885562774958e-06,1.9855804869978872e-07,-3.983885562774958e-06,1.9855804869978872e-07,0.05929554207250476,,,,,,,,,,0.9999999999467417,0.9999999984939865,0.0,,1.9261229359809318e-07,,,,,,,,,,,,,,5.0,1.926123305205276e-07,1
instance_5_345.mat,5,Lazy KRON,Optimal,-20.119221588862587,-20.119221588862587,-20.11916196671352,-20.119221001224176,5.876384108205457e-07,2.9207810462500455e-08,-5.876384108205457e-07,2.9207810462500455e-08,0.025561625137925148,-1.536810039226566e-07,7.638516393085999e-09,2.4812747978846516e-06,2.4812747978846516e-06,1.999997321276052,2.3050837434720025e-06,867646.2739976562,1.0000000150397894,1.0000000239266067,0.9999969192826236,0.9999964496480718,0.0,5.946846806281769e-05,2.9634421393194173e-06,,,,,,3.5936142778044266e-07,3.5936142778044266e-07,4.492021441326494e-08,4.492021441326494e-08,6,7,7,,,,
instance_5_345.mat,5,Full SEP,Optimal,-20.119221021885977,-20.119221021885977,-20.119220529897635,-20.119221001224176,2.0661801158894377e-08,1.0269682477476725e-09,-2.0661801158894377e-08,1.0269682477476725e-09,0.012564667034894228,-1.5368240013913237e-08,7.638586005489698e-10,1.7916263953280973e-08,1.7916263953280973e-08,1.9999999817471175,1.4904344640038185e-08,134189058.96569455,1.0000000015467283,1.0000000025922242,0.9999999775296462,0.999999961892634,0.0,4.76620101608205e-07,2.4453647638093257e-08,8.377761664817502e-17,8.3778940973608e-17,8.377761664817502e-17,8.3778940973608e-17,,,,,,0,0,0,100,,,
instance_5_345.mat,5,Gurobi,OPTIMAL,-20.11922099980415,-20.119238159154495,-20.11922099980415,-20.119221001224176,1.7157930319200432e-05,8.528121285444085e-07,-1.7157930319200432e-05,8.528121285444085e-07,0.042330832686275244,,,,,,,,,,0.9999999999406696,0.9999999997145572,0.0,,8.528827090878471e-07,,,,,,,,,,,,,,5.0,8.52883436497383e-07,2
instance_5_382.mat,5,Lazy KRON,Optimal,-24.89599483262158,-24.89599483262158,-24.89599052873716,-24.89599479121109,4.14104874835175e-08,1.6633393347775258e-09,-4.14104874835175e-08,1.6633393347775258e-09,0.02240899996832013,-4.6449283530591856e-08,1.865733176877459e-09,1.71420830222494e-07,1.71420830222494e-07,1.9999998231985119,1.708857115949378e-07,11703727.62316869,1.000000002679539,0.9999998852761156,0.9999998172113067,0.9999995621342785,0.0,4.257435136878485e-06,1.7287457076307048e-07,,,,,,8.638350016043992e-09,8.638350016043992e-09,1.079793835027752e-09,1.079793835027752e-09,4,5,5,,,,
instance_5_382.mat,5,Full SEP,Optimal,-24.895994817140835,-24.895994817140835,-24.89599323513811,-24.89599479121109,2.5929743685537687e-08,1.0415226977668359e-09,-2.5929743685537687e-08,1.0415226977668359e-09,0.013997707981616259,-2.5472775888601973e-08,1.0231676249813495e-09,5.378919778933288e-08,5.378919778933288e-08,1.9999999426508854,4.89886229879103e-08,40825804.45554588,1.000000001687915,0.9999999285856757,0.9999999332764311,0.9999998305630716,0.0,1.5565299484876505e-06,6.354446713200017e-08,9.007259141662782e-14,9.996611052567316e-14,9.007259141662782e-14,9.996611052567316e-14,,,,,,0,0,0,100,,,
instance_5_382.mat,5,Gurobi,OPTIMAL,-24.895994790280486,-24.896006097407188,-24.895994790280486,-24.89599479121109,1.1306196096683152e-05,4.5413694278700567e-07,-1.1306196096683152e-05,4.5413694278700567e-07,0.09669500030577183,,,,,,,,,,0.999999999965083,0.999999987207197,0.0,,4.541743224744467e-07,,,,,,,,,,,,,,5.0,4.5417452903426017e-07,2
instance_5_394.mat,5,Lazy KRON,Optimal,-22.41312886784014,-22.41312886784014,-19.63709374672929,-22.381026620090008,0.032102247750131596,0.0014322965766816276,-0.032102247750131596,0.0014322965766816276,0.05029929103329778,-6.300904686895592e-09,2.81125617224133e-10,0.10921769211160746,0.10921769211160746,1.8864548140079629,0.09805155480378713,19.239417649041712,1.000000000935751,1.000000001408754,0.8675528049452867,0.7907093437181493,0.0,2.7760351148099467,0.1238575451682738,,,,,,4.207795970763639e-07,4.207795970763639e-07,5.48087699262447e-08,5.48087699262447e-08,19,20,20,,,,
instance_5_394.mat,5,Full SEP,Optimal,-22.38102671881677,-22.38102671881677,-22.381015814200765,-22.381026620090008,9.872676187683282e-08,4.4111810917873865e-09,-9.872676187683282e-08,4.4111810917873865e-09,0.013939875178039074,-4.555825938723501e-08,2.0355750412885244e-09,4.6116076369362834e-07,4.6116076369362834e-07,1.9999995192173197,4.5348312470427704e-07,4410306.382451493,1.0000000055683869,0.9999999342549288,0.999999487173735,0.9999989838353962,0.0,1.0859057745449263e-05,4.872259053097185e-07,1.0657371872463972e-13,1.1591815325833776e-13,1.0657371872463972e-13,1.1591815325833776e-13,,,,,,0,0,0,100,,,
instance_5_394.mat,5,Gurobi,OPTIMAL,-22.381026636209803,-22.381030924360186,-22.381026636209803,-22.381026620090008,4.304270177613034e-06,1.923177798270292e-07,-4.304270177613034e-06,1.923177798270292e-07,0.07713512517511845,,,,,,,,,,0.9999999999451382,0.9999999993115087,0.0,,1.9159753618271896e-07,,,,,,,,,,,,,,5.0,1.9159757305107964e-07,2
instance_5_468.mat,5,Lazy KRON,Optimal,-10.512126517341814,-10.512126517341814,-10.423451369615046,-10.512114269518852,1.2247822962052624e-05,1.1651137323972878e-06,-1.2247822962052624e-05,1.1651137323972878e-06,0.07811612542718649,2.4332916126468263e-08,2.3147472670088534e-09,0.005956379125197037,0.005956379125197037,1.9933616638382898,0.005493745905129643,362.8419840053105,1.000000001848822,1.0000000055759772,0.9922258228222012,0.989011918063055,0.0,0.08867517205968412,0.008435509939923282,,,,,,3.536298400288868e-07,3.536298400288868e-07,4.4301769892130435e-08,4.4301769892130435e-08,20,21,21,,,,
instance_5_468.mat,5,Full SEP,Optimal,-10.512114281771353,-10.512114281771353,-10.512113837590839,-10.512114269518852,1.2252501235821e-08,1.1655601249567448e-09,-1.2252501235821e-08,1.1655601249567448e-09,0.013582500163465738,1.5176713219489102e-08,1.4437355619132155e-09,3.432656806408586e-08,3.432656806408586e-08,1.9999999649778508,2.591440337300358e-08,77177156.5098565,1.0000000004416856,1.0000000035978804,0.999999953963565,0.999999950411345,0.0,4.593572278110969e-07,4.2254155794505e-08,5.409860739916717e-13,5.414629912884013e-13,5.409860739916717e-13,5.414629912884013e-13,,,,,,0,0,0,100,,,
instance_5_468.mat,5,Gurobi,OPTIMAL,-10.51211427804942,-10.51211958577693,-10.51211427804942,-10.512114269518852,5.316258077314728e-06,5.057265600847723e-07,-5.316258077314728e-06,5.057265600847723e-07,0.03167770802974701,,,,,,,,,,0.9999999997414055,0.9999999998124254,0.0,,5.049150616821736e-07,,,,,,,,,,,,,,5.0,5.049153169594857e-07,1
instance_5_475.mat,5,Lazy KRON,Optimal,-14.627476715565324,-14.627476715565324,-13.160374329518323,-14.624523741024406,0.0029529745409178076,0.00020187860137049486,-0.0029529745409178076,0.00020187860137049486,0.08930429117754102,-1.0885332279997328e-07,7.441702004840027e-09,0.06991262655981646,0.06991262655981646,1.9241721424076816,0.06468996226107775,29.74452411398925,1.000000018800745,1.0000000436590153,0.9125947559627123,0.8686124917992364,0.0,1.4671022771936784,0.10029770783950966,,,,,,4.991118700186234e-07,4.991118700186234e-07,6.405847315936068e-08,6.405847315936068e-08,20,21,21,,,,
instance_5_475.mat,5,Full SEP,Optimal,-14.624523828695878,-14.624523828695878,-14.62452376745774,-14.624523741024406,8.767147186006241e-08,5.994825738396735e-09,-8.767147186006241e-08,5.994825738396735e-09,0.01321879168972373,-2.1772663671981718e-09,1.4887776126604504e-10,2.616623705929267e-09,2.616623705929267e-09,1.9999999970460463,2.1909903330465162e-09,912829220.1385924,1.0000000002750085,1.0000000007910603,0.9999999963806534,0.9999999948044195,0.0,5.906087174878394e-08,4.187359454112424e-09,4.6081685505816155e-12,4.608598412851277e-12,4.6081685505816155e-12,4.608598412851277e-12,,,,,,0,0,0,100,,,
instance_5_475.mat,5,Gurobi,OPTIMAL,-14.624523824576398,-14.624529386613258,-14.624523824576398,-14.624523741024406,5.645588851521666e-06,3.8603559145564197e-07,-5.645588851521666e-06,3.8603559145564197e-07,0.061527375131845474,,,,,,,,,,0.9999999998474423,0.9999999998518996,0.0,,3.8032245089686225e-07,,,,,,,,,,,,,,5.0,3.803225956635482e-07,1
instance_5_489.mat,5,Lazy KRON,Optimal,-23.948447020888693,-23.948447020888693,-23.948392030088186,-23.94844552635344,1.4945352546646973e-06,6.240635367133034e-08,-1.4945352546646973e-06,6.240635367133034e-08,0.010877334047108889,-1.8846506577574473e-09,7.869615328766778e-11,2.4017114072105023e-06,2.4017114072105023e-06,1.9999977164935558,2.2832118068806346e-06,875958.0300287554,1.0000000003554579,1.0000000005913694,0.999997597589327,0.9999968801023326,0.0,5.498891585631327e-05,2.296215719499727e-06,,,,,,7.522901030437891e-07,7.522901030437891e-07,9.403632871328557e-08,9.403632871328557e-08,3,4,4,,,,
instance_5_489.mat,5,Full SEP,Optimal,-23.948445575655068,-23.948445575655068,-23.94844479895463,-23.94844552635344,4.930162944560834e-08,2.0586567629143414e-09,-4.930162944560834e-08,2.0586567629143414e-09,0.013614625204354525,-7.2330479383708735e-09,3.020257793150329e-10,2.8325710968265688e-08,2.8325710968265688e-08,1.9999999731333546,2.2338927654546688e-08,89529811.10202444,1.0000000020934245,1.0000000029796798,0.9999999647977572,0.9999999601367864,0.0,7.694673911373684e-07,3.2432185906266026e-08,1.1585654187897965e-12,1.196048641504203e-12,1.1585654187897965e-12,1.196048641504203e-12,,,,,,0,0,0,100,,,
instance_5_489.mat,5,Gurobi,OPTIMAL,-23.94844555947757,-23.948451601572543,-23.94844555947757,-23.94844552635344,6.075219104673124e-06,2.5367899377153063e-07,-6.075219104673124e-06,2.5367899377153063e-07,0.04014629079028964,,,,,,,,,,0.9999999999420146,0.9999999997421806,0.0,,2.5229585086339035e-07,,,,,,,,,,,,,,5.0,2.5229591436825435e-07,1
instance_5_504.mat,5,Lazy KRON,Optimal,-16.1168101458174,-16.1168101458174,-13.37927883648986,-16.10762974769476,0.009180398122641265,0.0005696163223107609,-0.009180398122641265,0.0005696163223107609,0.08573825005441904,-1.9526360972577095e-08,1.2115524595693357e-09,0.11047943869789072,0.11047943869789072,1.877574190935649,0.10355380223463659,18.131388229293233,1.0000000158674205,1.0000000446015207,0.860254337067538,0.7912433193474627,0.0,2.737531289801179,0.16985565285932083,,,,,,5.358491963546019e-07,5.358491963546019e-07,6.987209645249519e-08,6.987209645249519e-08,20,21,21,,,,
instance_5_504.mat,5,Full SEP,Optimal,-16.107629751093537,-16.107629751093537,-16.107629724220395,-16.10762974769476,3.398778147811754e-09,2.1100423838467068e-10,-3.398778147811754e-09,2.1100423838467068e-10,0.013317542150616646,-2.765183637620794e-10,1.7166918288726293e-11,1.5050966429092184e-09,1.5050966429092184e-09,1.9999999982439909,1.197607687173373e-09,1669995959.1645966,0.9999999996833089,1.0000000004227367,0.9999999978412594,0.9999999983979326,0.0,2.659662357018533e-08,1.6683486241743922e-09,1.7954753966102686e-14,1.7955475811203775e-14,1.7954753966102686e-14,1.7955475811203775e-14,,,,,,0,0,0,100,,,
instance_5_504.mat,5,Gurobi,OPTIMAL,-16.107629746430298,-16.107631180407402,-16.107629746430298,-16.10762974769476,1.4327126436342041e-06,8.894620367126926e-08,-1.4327126436342041e-06,8.894620367126926e-08,0.05890329089015722,,,,,,,,,,0.9999999996720322,0.9999999999087846,0.0,,8.902470438450975e-08,,,,,,,,,,,,,,5.0,8.902471230990844e-08,1
instance_5_510.mat,5,Lazy KRON,Optimal,-15.499592226947147,-15.499592226947147,-9.853924619985307,-15.451180136316827,0.04841209063032004,0.003123442857170924,-0.04841209063032004,0.003123442857170924,0.07124491687864065,-1.0873282718648625e-08,7.01520566440751e-10,0.27686678251369445,0.27686678251369445,1.688996618868337,0.2657515320176599,6.355548003975754,1.0000000043636963,1.000000007885483,0.6580536007205369,0.4591907587825284,0.0,5.645667596088558,0.36424620237082395,,,,,,5.340006489581025e-07,5.340006489581025e-07,7.448810710471333e-08,7.448810710471333e-08,19,20,20,,,,
instance_5_510.mat,5,Full SEP,Optimal,-15.45118016522067,-15.45118016522067,-15.451179453758643,-15.451180136316827,2.8903842874683505e-08,1.8706559994519815e-09,-2.8903842874683505e-08,1.8706559994519815e-09,0.013305291999131441,-2.7896707166519263e-09,1.8054742012077788e-10,3.544965705686551e-08,3.544965705686551e-08,1.999999965526942,3.1044687856512444e-08,64423258.97335087,1.0000000007493504,1.0000000014875767,0.999999958786754,0.999999928074158,0.0,7.086723563531905e-07,4.604580488105916e-08,7.20120848564022e-13,7.203672389267944e-13,7.20120848564022e-13,7.203672389267944e-13,,,,,,0,0,0,100,,,
instance_5_510.mat,5,Gurobi,OPTIMAL,-15.451180157248146,-15.451181440325902,-15.451180157248146,-15.451180136316827,1.304009074942769e-06,8.439542827058178e-08,-1.304009074942769e-06,8.439542827058178e-08,0.04342241585254669,,,,,,,,,,0.9999999999806837,1.0000000000000002,2.220446049250313e-16,,8.30407539383185e-08,,,,,,,,,,,,,,5.0,8.302479415655436e-08,1
instance_5_525.mat,5,Lazy KRON,Optimal,-19.70238387075674,-19.70238387075674,-19.702381822558806,-19.702383852614496,1.8142245039598492e-08,9.2081471757974e-10,-1.8142245039598492e-08,9.2081471757974e-10,0.024000790901482105,-1.1382905285017841e-08,5.777425391611071e-10,9.609805151752987e-08,9.609805151752987e-08,1.9999999012756715,8.280547058952293e-08,24152992.39333982,1.000000001356947,1.0000000018298416,0.9999998798493096,0.9999998763871043,0.0,2.036815029526906e-06,1.0395685863434837e-07,,,,,,6.013037006125375e-09,6.013037006125375e-09,7.516296475191509e-10,7.516296475191509e-10,6,7,7,,,,
instance_5_525.mat,5,Full SEP,Optimal,-19.70238387012835,-19.70238387012835,-19.702383442349735,-19.702383852614496,1.7513855254946975e-08,8.889206184587897e-10,-1.7513855254946975e-08,8.889206184587897e-10,0.01324012503027916,-1.2533874382825161e-08,6.361602974261566e-10,1.9598277775863085e-08,1.9598277775863085e-08,1.999999980405354,1.8168402264618112e-08,110081225.15540266,1.0000000016165456,1.0000000004548943,0.9999999777725629,0.9999999606210517,0.0,4.1524474170273606e-07,2.1712023220405077e-08,5.692664254064882e-13,6.098497722281013e-13,5.692664254064882e-13,6.098497722281013e-13,,,,,,0,0,0,100,,,
instance_5_525.mat,5,Gurobi,OPTIMAL,-19.70238385162474,-19.70238568710327,-19.70238385162474,-19.702383852614496,1.8344887742216542e-06,9.310998187506138e-08,-1.8344887742216542e-06,9.310998187506138e-08,0.047115042340010405,,,,,,,,,,0.9999999999322033,0.9999999995211325,0.0,,9.316021711419481e-08,,,,,,,,,,,,,,5.0,9.316022597334066e-08,4
instance_5_539.mat,5,Lazy KRON,Optimal,-21.79324237172061,-21.79324237172061,-21.793241576011855,-21.793242329137733,4.258287589209431e-08,1.953948621585138e-09,-4.258287589209431e-08,1.953948621585138e-09,0.01840870827436447,-8.153726227533298e-08,3.741401159339995e-09,2.7343055940512635e-08,2.7343055940512635e-08,1.9999999715694496,2.1507660040098008e-08,92990123.88333882,1.000000001758109,1.0000000127596036,0.9999999632101848,0.9999999569479254,0.0,7.141714917224817e-07,3.651171957002341e-08,,,,,,0.0,0.0,0.0,0.0,4,5,5,,,,
instance_5_539.mat,5,Full SEP,Optimal,-21.793242379409286,-21.793242379409286,-21.793241487411546,-21.793242329137733,5.027155225434399e-08,2.3067495592964914e-09,-5.027155225434399e-08,2.3067495592964914e-09,0.0133822918869555,-2.866377712962276e-08,1.3152598695779614e-09,3.4050322111053484e-08,3.4050322111053484e-08,1.9999999680938547,2.654658508836194e-08,75339255.93204293,1.0000000036278438,1.0000000069214299,0.9999999579667862,0.9999999560748185,0.0,8.633339625419012e-07,4.093001510019924e-08,1.1373493068130717e-13,1.1404521195763853e-13,1.1373493068130717e-13,1.1404521195763853e-13,,,,,,0,0,0,100,,,
instance_5_539.mat,5,Gurobi,OPTIMAL,-21.79324232809904,-21.79324544907878,-21.79324232809904,-21.793242329137733,3.119941045071073e-06,1.4316091893522706e-07,-3.119941045071073e-06,1.4316091893522706e-07,0.04483091691508889,,,,,,,,,,1.0000000000000002,0.9999999996568167,2.220446049250313e-16,,1.4320858015621607e-07,,,,,,,,,,,,,,5.0,1.4289676979199872e-07,1
instance_5_615.mat,5,Lazy KRON,Optimal,-20.91292204754342,-20.91292204754342,-17.49968920759511,-20.906238815136927,0.00668323240649471,0.00031957429914868205,-0.00668323240649471,0.00031957429914868205,0.07576204184442759,-6.054854395642906e-10,2.8952694328787742e-11,0.12451945271599535,0.12451945271599535,1.8587146431650137,0.11479141560393574,16.19210490075432,1.0000000001531948,1.000000000131987,0.8374017132602631,0.7650427960779465,0.0,3.4132328393428253,0.1632116656002767,,,,,,5.220200264932037e-07,5.220200264932037e-07,6.843022872250022e-08,6.843022872250022e-08,21,22,22,,,,
instance_5_615.mat,5,Full SEP,Optimal,-20.906238901879668,-20.906238901879668,-20.906238446213656,-20.906238815136927,8.674274099007562e-08,4.149131816449138e-09,-8.674274099007562e-08,4.149131816449138e-09,0.012907749973237514,-4.72660843797712e-09,2.2608602437582178e-10,1.7044076612185828e-08,1.7044076612185828e-08,1.9999999836377782,1.4606538241322057e-08,136924981.85365757,1.0000000008717933,1.0000000009590209,0.999999979725249,0.9999999659274379,0.0,4.5093940315155123e-07,2.1795695233759128e-08,5.603998150136455e-12,5.664409107270429e-12,5.603998150136455e-12,5.664409107270429e-12,,,,,,0,0,0,100,,,
instance_5_615.mat,5,Gurobi,OPTIMAL,-20.906238891961987,-20.906241059505277,-20.906238891961987,-20.906238815136927,2.244368349835213e-06,1.073539879047163e-07,-2.244368349835213e-06,1.073539879047163e-07,0.051684833131730556,,,,,,,,,,1.0,0.9999999996782734,0.0,,1.0367924504335463e-07,,,,,,,,,,,,,,5.0,1.0339212497234474e-07,2
instance_5_616.mat,5,Lazy KRON,Optimal,-14.089357835220621,-14.089357835220621,-12.611353642601319,-14.089001851339507,0.0003559838811142413,2.526615373657071e-05,-0.0003559838811142413,2.526615373657071e-05,0.10623575001955032,-1.9252865968155675e-09,1.3664828584328592e-10,0.07870882910317425,0.07870882910317425,1.928073768190556,0.06201919218175453,31.088340566257447,1.0000000000637796,1.0000000012132386,0.9082022041983469,0.8467637302174809,0.0,1.4780041906940156,0.10490216870811404,,,,,,4.683642590107633e-07,4.683642590107633e-07,6.019833974810189e-08,6.019833974810189e-08,23,24,24,,,,
instance_5_616.mat,5,Full SEP,Optimal,-14.089001918295702,-14.089001918295702,-14.089001588747808,-14.089001851339507,6.695619525487473e-08,4.752373208774053e-09,-6.695619525487473e-08,4.752373208774053e-09,0.013228374999016523,-3.5362734962518516e-09,2.5099531654259457e-10,1.6436305349463702e-08,1.6436305349463702e-08,1.9999999840868687,1.2282292660435494e-08,162836046.93197033,1.0000000005078027,1.0000000010263195,0.999999979019042,0.9999999675358101,0.0,3.260116212544517e-07,2.3390435792528292e-08,9.255772776312326e-12,1.0977538663620582e-11,9.255772776312326e-12,1.0977538663620582e-11,,,,,,0,0,0,100,,,
instance_5_616.mat,5,Gurobi,OPTIMAL,-14.089001914634949,-14.089005504980786,-14.089001914634949,-14.089001851339507,3.6536412792997908e-06,2.593257045721321e-07,-3.6536412792997908e-06,2.593257045721321e-07,0.07353962538763881,,,,,,,,,,0.9999999999999999,0.9999999999526119,0.0,,2.548331630826446e-07,,,,,,,,,,,,,,5.0,2.5478953460675397e-07,1
instance_5_678.mat,5,Lazy KRON,Optimal,-7.597390492373931,-7.597390492373931,-7.597388110481443,-7.597390490167188,2.2067432325911795e-09,2.90460683152492e-10,-2.2067432325911795e-09,2.90460683152492e-10,0.021938249934464693,1.022776441317319e-08,1.3462207087340795e-09,2.7111381637525356e-07,2.7111381637525356e-07,1.999999693687877,2.5200117659960336e-07,7936469.665241336,1.0000000098657706,1.0000000234804416,0.9999996464216652,0.9999995077388377,0.0,2.39212025210378e-06,3.1351455346167743e-07,,,,,,4.784189451783589e-09,4.784189451783589e-09,5.980237413800975e-10,5.980237413800975e-10,6,7,7,,,,
instance_5_678.mat,5,Full SEP,Optimal,-7.597390492451846,-7.597390492451846,-7.597390440154871,-7.597390490167188,2.284658684459373e-09,3.007162375988473e-10,-2.284658684459373e-09,3.007162375988473e-10,0.012656709179282188,5.016271842350761e-10,6.602624739816289e-11,5.890719210161498e-09,5.890719210161498e-09,1.999999993034944,5.62483514312228e-09,355565975.2055893,1.0000000000946976,1.0000000016497832,0.9999999922083742,0.9999999898638618,0.0,5.27986028231453e-08,6.883544513194139e-09,1.3648268512939286e-15,1.3652432405849568e-15,1.3648268512939286e-15,1.3652432405849568e-15,,,,,,0,0,0,100,,,
instance_5_678.mat,5,Gurobi,OPTIMAL,-7.597390490030684,-7.597395485128883,-7.597390490030684,-7.597390490167188,4.9949616958144816e-06,6.574571121895133e-07,-4.9949616958144816e-06,6.574571121895133e-07,0.08531674975529313,,,,,,,,,,0.9999999997518683,1.0,0.0,,6.574750793011915e-07,,,,,,,,,,,,,,5.0,6.574755113411441e-07,1
instance_5_694.mat,5,Lazy KRON,Optimal,-19.63150754450587,-19.63150754450587,-19.631480223508063,-19.63150694453478,5.99971087922313e-07,3.056164110484845e-08,-5.99971087922313e-07,3.056164110484845e-08,0.010554875247180462,-4.947269971466994e-08,2.5200662558650782e-09,1.3327492774328593e-06,1.3327492774328593e-06,1.9999987804027664,1.2176040333992989e-06,1642569.1156912341,1.0000000067396455,1.0000000118256798,0.999998659704733,0.9999981738910073,0.0,2.7271525105732053e-05,1.3916912770712232e-06,,,,,,3.5271509210879575e-07,3.5271509210879575e-07,4.408940387681884e-08,4.408940387681884e-08,3,4,4,,,,
instance_5_694.mat,5,Full SEP,Optimal,-19.63150695050414,-19.63150695050414,-19.63150679297436,-19.63150694453478,5.969358340962572e-09,3.0407030677842475e-10,-5.969358340962572e-09,3.0407030677842475e-10,0.013493833132088184,-4.129805830643818e-09,2.1036621595357274e-10,6.4031417460952245e-09,6.4031417460952245e-09,1.9999999938863542,5.1136127051165945e-09,391112919.42097765,1.0000000006443324,1.0000000012966057,0.9999999920647145,0.999999990195835,0.0,1.5339997361252244e-07,8.02433454753818e-09,4.414275570252701e-12,4.414475222023215e-12,4.414275570252701e-12,4.414475222023215e-12,,,,,,0,0,0,100,,,
instance_5_694.mat,5,Gurobi,OPTIMAL,-19.631506945057072,-19.63150943984247,-19.631506945057072,-19.63150694453478,2.495307690253412e-06,1.2710727608082669e-07,-2.495307690253412e-06,1.2710727608082669e-07,0.044813542161136866,,,,,,,,,,1.0,0.9999999999536957,0.0,,1.2708067132356396e-07,,,,,,,,,,,,,,5.0,1.2703940730751475e-07,1
instance_5_711.mat,5,Lazy KRON,Optimal,-19.311030492031417,-19.311030492031417,-19.311015731370283,-19.31102988188004,6.101513783107748e-07,3.159600304927022e-08,-6.101513783107748e-07,3.159600304927022e-08,0.009525957982987165,-1.1567442470550304e-07,5.990070014815388e-09,7.868678126945617e-07,7.868678126945617e-07,1.9999992522479235,7.563847941176942e-07,2644155.8156663864,1.0000000242638925,1.0000000339381951,0.9999992156834572,0.9999990272449519,0.0,1.4644986709555496e-05,7.643642394097974e-07,,,,,,2.595711476673948e-07,2.595711476673948e-07,3.244640069406127e-08,3.244640069406127e-08,3,4,4,,,,
instance_5_711.mat,5,Full SEP,Optimal,-19.31102988885296,-19.31102988885296,-19.311029865556705,-19.31102988188004,6.9729217955227796e-09,3.6108492585099295e-10,-6.9729217955227796e-09,3.6108492585099295e-10,0.01274712523445487,-4.3099745994368277e-10,2.2318719530980086e-11,9.957358128019882e-10,9.957358128019882e-10,1.9999999988530515,5.49169571200231e-10,3641862375.0073686,1.0000000001726812,1.0000000002993361,0.9999999987760586,0.9999999984439996,0.0,2.2865258131332666e-08,1.206370438312242e-09,3.524413657968159e-12,3.6054742005724013e-12,3.524413657968159e-12,3.6054742005724013e-12,,,,,,0,0,0,100,,,
instance_5_711.mat,5,Gurobi,OPTIMAL,-19.311029885799798,-19.311031880495843,-19.311029885799798,-19.31102988188004,1.9986158044105196e-06,1.0349606467322562e-07,-1.9986158044105196e-06,1.0349606467322562e-07,0.034769542049616575,,,,,,,,,,0.9999999999245646,0.9999999997412494,0.0,,1.0329308438899902e-07,,,,,,,,,,,,,,5.0,1.0329309542640802e-07,1
instance_5_752.mat,5,Lazy KRON,Optimal,-21.789631897785675,-21.789631897785675,-21.789624961493388,-21.78963158849674,3.092889357958484e-07,1.4194316693678484e-08,-3.092889357958484e-07,1.4194316693678484e-08,0.01699262484908104,-1.3403091969621528e-07,6.151132810547198e-09,3.243161795902288e-07,3.243161795902288e-07,1.99999967923244,3.086686050627111e-07,6479439.91202509,1.0000000158291877,1.000000022943107,0.9999996511523261,0.9999996224889078,0.0,6.802261367511164e-06,3.1832994333017e-07,,,,,,9.530161638917655e-08,9.530161638917655e-08,1.1912703131255233e-08,1.1912703131255233e-08,3,4,4,,,,
instance_5_752.mat,5,Full SEP,Optimal,-21.789631614630466,-21.789631614630466,-21.789631391124082,-21.78963158849674,2.6133726294119697e-08,1.1993652190325432e-09,-2.6133726294119697e-08,1.1993652190325432e-09,0.013914624694734812,-1.04579278570327e-08,4.799497321474133e-10,9.555570528056489e-09,9.555570528056489e-09,1.9999999907089656,8.000044724787266e-09,249998601.1968388,1.0000000013467467,1.0000000025709193,0.9999999886375508,0.9999999899729138,0.0,2.130484553219958e-07,1.0257464978387105e-08,1.1390581455031363e-11,1.1512591626056277e-11,1.1390581455031363e-11,1.1512591626056277e-11,,,,,,0,0,0,100,,,
instance_5_752.mat,5,Gurobi,OPTIMAL,-21.78963159593951,-21.78965047836697,-21.78963159593951,-21.78963158849674,1.8889870229799044e-05,8.669193775528037e-07,-1.8889870229799044e-05,8.669193775528037e-07,0.03669383283704519,,,,,,,,,,0.9999999999297087,0.9999999997735443,0.0,,8.665778038437785e-07,,,,,,,,,,,,,,5.0,8.665785546384732e-07,1
instance_5_755.mat,5,Lazy KRON,Optimal,-20.847449318307184,-20.847449318307184,-12.229453491703968,-20.840188599718587,0.007260718588597115,0.00034827851013030723,-0.007260718588597115,0.00034827851013030723,0.09171020798385143,-1.8545075164411173e-07,8.895608705533976e-09,0.3137023782881158,0.3137023782881158,1.6719816879985103,0.2879372356352532,5.8067574494481375,1.000000013389884,1.0000000260501514,0.6307825873626378,0.38116310531403175,0.0,8.617995641152465,0.41338370440528305,,,,,,5.55354533720277e-07,5.55354533720277e-07,7.840001380055958e-08,7.840001380055958e-08,24,25,25,,,,
instance_5_755.mat,5,Full SEP,Optimal,-20.840188796505608,-20.840188796505608,-20.84018721874136,-20.840188599718587,1.9678702045666796e-07,9.442669755931595e-09,-1.9678702045666796e-07,9.442669755931595e-09,0.013334332965314388,-1.5105332096254642e-08,7.248174305785291e-10,5.888215336519102e-08,5.888215336519102e-08,1.9999999484366884,4.779967119567929e-08,41841290.92121187,1.000000001002234,1.000000001863914,0.9999999350914202,0.999999881602341,0.0,1.5626589160433468e-06,7.57077713424628e-08,8.386491934866219e-12,9.143352203416088e-12,8.386491934866219e-12,9.143352203416088e-12,,,,,,0,0,0,100,,,
instance_5_755.mat,5,Gurobi,OPTIMAL,-20.840188779583627,-20.840194889296615,-20.840188779583627,-20.840188599718587,6.289578028173537e-06,3.018003459940685e-07,-6.289578028173537e-06,3.018003459940685e-07,0.0285828341729939,,,,,,,,,,0.999999999936153,0.999999999783169,0.0,,2.9316966661939727e-07,,,,,,,,,,,,,,5.0,2.931697529088243e-07,1
instance_5_800.mat,5,Lazy KRON,Optimal,-18.979042198274563,-18.979042198274563,-12.619585644657429,-18.965913035853696,0.013129162420867146,0.0006917716017334507,-0.013129162420867146,0.0006917716017334507,0.09267454082146287,9.812481494009262e-09,5.170166856418783e-10,0.23657195820743612,0.23657195820743612,1.7334378025208674,0.2256648934117637,7.6814686427893655,1.0000000030978147,1.0000000061301353,0.7035731511543182,0.538591355779956,0.0,6.359456563429616,0.335077844665696,,,,,,6.11003829074162e-07,6.11003829074162e-07,8.382883429705781e-08,8.382883429705781e-08,22,23,23,,,,
instance_5_800.mat,5,Full SEP,Optimal,-18.965916812855248,-18.965916812855248,-18.965916778390614,-18.965913035853696,3.777001552407455e-06,1.9914679525786878e-07,-3.777001552407455e-06,1.9914679525786878e-07,0.013314791955053806,9.351452945338679e-11,4.930662217710556e-12,1.283850867962321e-09,1.283850867962321e-09,1.9999999988153863,9.906848952951243e-10,2018805382.330562,1.0000000000354279,1.000000000062131,0.9999999984351529,0.9999999974238358,0.0,3.455814834296689e-08,1.8171878614459123e-09,4.6216010731440884e-14,4.6216821263952066e-14,4.6216010731440884e-14,4.6216821263952066e-14,,,,,,0,0,0,100,,,
instance_5_800.mat,5,Gurobi,OPTIMAL,-18.965916810660172,-18.96592688892927,-18.965916810660172,-18.965913035853696,1.385307557555393e-05,7.304191172243842e-07,-1.385307557555393e-05,7.304191172243842e-07,0.05203708307817578,,,,,,,,,,0.9999999999115858,0.9999999998445224,0.0,,5.313881656451074e-07,,,,,,,,,,,,,,5.0,5.313884482059612e-07,2
instance_5_804.mat,5,Lazy KRON,Optimal,-12.341305527336702,-12.341305527336702,-12.341286414000443,-12.341304935319208,5.920174945828194e-07,4.797041068884216e-08,-5.920174945828194e-07,4.797041068884216e-08,0.011568209156394005,-1.0478416534454027e-07,8.490525180860105e-09,1.3634152203338946e-06,1.3634152203338946e-06,1.9999986157632421,1.2875169815523506e-06,1553376.49477202,0.9999999631068583,1.0000000458608498,0.9999984998976217,0.9999982707701969,0.0,1.900855209413521e-05,1.548728877762779e-06,,,,,,3.6284072036911123e-07,3.6284072036911123e-07,4.535510837329663e-08,4.535510837329663e-08,3,4,4,,,,
instance_5_804.mat,5,Full SEP,Optimal,-12.34130497796944,-12.34130497796944,-12.341304919855475,-12.341304935319208,4.2650231790730686e-08,3.455893186892792e-09,-4.2650231790730686e-08,3.455893186892792e-09,0.013555207755416632,-1.1530119081726298e-09,9.342706547086231e-11,4.9399531754029605e-09,4.9399531754029605e-09,1.999999991515548,3.915659063167139e-09,510769696.55725574,0.9999999962497184,1.0000000007950036,0.9999999903370029,0.9999999951485352,0.0,5.696095328744377e-08,4.708899528806402e-09,1.5251137110743549e-12,1.7166056774471187e-12,1.5251137110743549e-12,1.7166056774471187e-12,,,,,,0,0,0,100,,,
instance_5_804.mat,5,Gurobi,OPTIMAL,-12.341304973010942,-12.34130859673088,-12.341304973010942,-12.341304935319208,3.6614116716293665e-06,2.966793709865781e-07,-3.6614116716293665e-06,2.966793709865781e-07,0.03838004171848297,,,,,,,,,,0.9999999981979143,0.99999999990253,0.0,,2.936252593514304e-07,,,,,,,,,,,,,,5.0,2.936253454233127e-07,1
instance_5_868.mat,5,Lazy KRON,Optimal,-23.80685293988455,-23.80685293988455,-23.806527352440305,-23.806851889741544,1.0501430054432603e-06,4.411095444219403e-08,-1.0501430054432603e-06,4.411095444219403e-08,0.058412875048816204,-8.029747178284197e-08,3.3728721719583725e-09,1.3304592354347632e-05,1.3304592354347632e-05,1.9999858234864072,1.2893372421512154e-05,155117.35472322966,1.000000006587715,0.9999997942698847,0.9999844564673759,0.9999735402662018,0.0,0.00032550714677270776,1.36762068076214e-05,,,,,,5.692241193606955e-07,5.692241193606955e-07,7.115337269892334e-08,7.115337269892334e-08,10,11,11,,,,
instance_5_868.mat,5,Full SEP,Optimal,-23.806851907148932,-23.806851907148932,-23.806851458403628,-23.806851889741544,1.740738753142068e-08,7.311923306497084e-10,-1.740738753142068e-08,7.311923306497084e-10,0.013097499962896109,-1.255117609844092e-08,5.272085594262021e-10,1.6932793252047727e-08,1.6932793252047727e-08,1.999999981863918,1.6103326806261195e-08,124197937.85010253,1.000000001046507,0.9999999914681053,0.999999979377102,0.9999999599512808,0.0,4.36194127928502e-07,1.8849418048935303e-08,1.2865450331490354e-14,1.3640284128858099e-14,1.2865450331490354e-14,1.3640284128858099e-14,,,,,,0,0,0,100,,,
instance_5_868.mat,5,Gurobi,OPTIMAL,-23.80685189002427,-23.8068553028196,-23.80685189002427,-23.806851889741544,3.413078054848029e-06,1.4336534630190305e-07,-3.413078054848029e-06,1.4336534630190305e-07,0.06578745786100626,,,,,,,,,,1.0,0.9999999987026416,0.0,,1.4335347052280653e-07,,,,,,,,,,,,,,5.0,1.432189573200703e-07,2
instance_5_907.mat,5,Lazy KRON,Optimal,-18.40498535088494,-18.40498535088494,-18.404985228929927,-18.40498532991768,2.0967259928283966e-08,1.1392163334308674e-09,-2.0967259928283966e-08,1.1392163334308674e-09,0.014032583218067884,-1.4932265202105555e-08,8.113163318213447e-10,4.4028407680803206e-09,4.4028407680803206e-09,1.9999999959375117,3.931764832176978e-09,508677421.28669786,1.000000000938552,1.0000000022155393,0.9999999953000465,0.9999999921019778,0.0,1.0702274622076402e-07,6.626194430358826e-09,,,,,,3.128911824341592e-10,3.128911824341592e-10,3.911139786049257e-11,3.911139786049257e-11,4,5,5,,,,
instance_5_907.mat,5,Full SEP,Optimal,-18.404985337454274,-18.404985337454274,-18.404985289841612,-18.40498532991768,7.536595347801267e-09,4.0948662602106193e-10,-7.536595347801267e-09,4.0948662602106193e-10,0.01334979198873043,-3.9944545449088764e-09,2.1703111801888444e-10,1.6607230890870442e-09,1.6607230890870442e-09,1.9999999980953926,1.5299495061205649e-09,1307232683.2319565,1.000000000232114,1.0000000006126015,0.9999999977972598,0.9999999968704981,0.0,4.361820771237035e-08,2.586943775520816e-09,3.66627290226347e-12,3.6663482076175925e-12,3.66627290226347e-12,3.6663482076175925e-12,,,,,,0,0,0,100,,,
instance_5_907.mat,5,Gurobi,OPTIMAL,-18.404985332368557,-18.404996393915997,-18.404985332368557,-18.40498532991768,1.1063998318405766e-05,6.011410207101757e-07,-1.1063998318405766e-05,6.011410207101757e-07,0.06725387508049607,,,,,,,,,,0.9999999998555957,1.0000000000000004,4.440892098500626e-16,,6.010078569453634e-07,,,,,,,,,,,,,,5.0,6.009035475944807e-07,1
instance_5_922.mat,5,Lazy KRON,Optimal,-23.249750370834313,-23.249750370834313,-21.101063795824366,-23.24500373931697,0.004746631517342337,0.00020415838628946127,-0.004746631517342337,0.00020415838628946127,0.08432450005784631,-5.451408213730247e-09,2.344716879441757e-10,0.07565384602937707,0.07565384602937707,1.915624100726621,0.07067102451078901,27.106216642354916,1.0000000024062692,1.000000004511637,0.9029300391708575,0.8580882846368512,0.0,2.1486865695585387,0.09241761914594017,,,,,,4.5274257316277975e-07,4.5274257316277975e-07,5.8241125219375216e-08,5.8241125219375216e-08,25,26,26,,,,
instance_5_922.mat,5,Full SEP,Optimal,-23.2450037422292,-23.2450037422292,-23.245003726332506,-23.24500373931697,2.9122304567863466e-09,1.252841466097808e-10,-2.9122304567863466e-09,1.252841466097808e-10,0.013629583176225424,-1.580993114203011e-10,6.801431962477255e-12,5.422751526805005e-10,5.422751526805005e-10,1.9999999994271538,4.782330423748115e-10,4182061510.211729,1.0000000000535954,1.0000000000533007,0.9999999993117745,0.9999999989708572,0.0,1.5738596204073474e-08,6.838757993664783e-10,7.844470593062131e-14,8.365562982066551e-14,7.844470593062131e-14,8.365562982066551e-14,,,,,,0,0,0,100,,,
instance_5_922.mat,5,Gurobi,OPTIMAL,-23.245003739585016,-23.245008147510948,-23.245003739585016,-23.24500373931697,4.408193976956909e-06,1.896404573826288e-07,-4.408193976956909e-06,1.896404573826288e-07,0.047717874869704247,,,,,,,,,,0.9999999999417218,0.9999999996983271,0.0,,1.8962892608352418e-07,,,,,,,,,,,,,,5.0,1.8962896188982286e-07,1
instance_5_940.mat,5,Lazy KRON,Optimal,-15.46344544931372,-15.46344544931372,-15.463423546862181,-15.463445175476032,2.738376885247362e-07,1.770871112924509e-08,-2.738376885247362e-07,1.770871112924509e-08,0.0521155409514904,-2.307773527832069e-09,1.492405774247737e-10,1.2947145041389796e-06,1.2947145041389796e-06,1.9999986704642174,1.2466917950013566e-06,1604244.6725672411,1.0000000109612979,1.0000000156172881,0.9999985548760653,0.9999974626986061,0.0,2.1900143766018232e-05,1.4164017722530337e-06,,,,,,1.1176880878993474e-07,1.1176880878993474e-07,1.397110772395878e-08,1.397110772395878e-08,10,11,11,,,,
instance_5_940.mat,5,Full SEP,Optimal,-15.463445231856472,-15.463445231856472,-15.463444147174856,-15.463445175476032,5.638043987232777e-08,3.6460464681038605e-09,-5.638043987232777e-08,3.6460464681038605e-09,0.013836875092238188,1.1975487268500729e-10,7.744384960105688e-12,5.7790291485064594e-08,5.7790291485064594e-08,1.999999940287214,4.549974934166209e-08,43956284.79772532,1.0000000037590855,1.0000000023575228,0.9999999236899129,0.9999999091001722,0.0,1.0848013705100357e-06,7.014488682009764e-08,4.493264578765403e-14,4.73257629354934e-14,4.493264578765403e-14,4.73257629354934e-14,,,,,,0,0,0,100,,,
instance_5_940.mat,5,Gurobi,OPTIMAL,-15.463445218701384,-15.463446574186198,-15.463445218701384,-15.463445175476032,1.3987101663559542e-06,9.045267881552886e-08,-1.3987101663559542e-06,9.045267881552886e-08,0.05435241665691137,,,,,,,,,,0.9999999999163828,0.9999999994223765,0.0,,8.765735424289185e-08,,,,,,,,,,,,,,5.0,8.765736169695508e-08,1
instance_5_949.mat,5,Lazy KRON,Optimal,-12.197567538956568,-12.197567538956568,-11.271584367008579,-12.196269633627725,0.0012979053288422193,0.00010640689831779753,-0.0012979053288422193,0.00010640689831779753,0.0750693753361702,9.815370205501495e-08,8.046989839698107e-09,0.05949896639468273,0.05949896639468273,1.9329970540158277,0.054511158800092434,35.46057534943744,1.0000000436738563,1.000000065429856,0.9217618400198522,0.8886074747757959,0.0,0.9259832701016908,0.0759153961632584,,,,,,2.3456162231276926e-07,2.3456162231276926e-07,2.998437256679704e-08,2.998437256679704e-08,20,21,21,,,,
instance_5_949.mat,5,Full SEP,Optimal,-12.196269643364497,-12.196269643364497,-12.196269222725018,-12.196269633627725,9.736771389157184e-09,7.983401215185967e-10,-9.736771389157184e-09,7.983401215185967e-10,0.0136356670409441,2.1433006480719996e-09,1.757341146715368e-10,2.7899140700083427e-08,2.7899140700083427e-08,1.9999999725738862,2.5017491321440238e-08,79944065.80886336,1.000000000911465,1.000000001096474,0.9999999678417306,0.9999999444764005,0.0,4.227827794522909e-07,3.4489191458067844e-08,1.4586762312124655e-12,1.5240354400581698e-12,1.4586762312124655e-12,1.5240354400581698e-12,,,,,,0,0,0,100,,,
instance_5_949.mat,5,Gurobi,OPTIMAL,-12.196269638154199,-12.196274842076413,-12.196269638154199,-12.196269633627725,5.2084486874548475e-06,4.270524200951928e-07,-5.2084486874548475e-06,4.270524200951928e-07,0.03361520916223526,,,,,,,,,,1.0000000000000004,0.9999999998692501,4.440892098500626e-16,,4.26681284360969e-07,,,,,,,,,,,,,,5.0,4.2657223696879695e-07,1
instance_5_970.mat,5,Lazy KRON,Optimal,-13.719220351455839,-13.719220351455839,-13.719220273288592,-13.719220351071927,3.8391156920170033e-10,2.798348297984447e-11,-3.8391156920170033e-10,2.798348297984447e-11,0.013301375322043896,1.478593247838944e-09,1.0777531156732537e-10,5.3039609013293725e-09,5.3039609013293725e-09,1.9999999944548705,4.9640989166579525e-09,402892856.89765376,1.000000000425858,1.0000000006760814,0.999999993506983,0.999999990610642,0.0,7.964584014530374e-08,5.697644975078335e-09,,,,,,1.9316788374440177e-10,1.9316788374440177e-10,2.414598551352237e-11,2.414598551352237e-11,4,5,5,,,,
instance_5_970.mat,5,Full SEP,Optimal,-13.719220360829006,-13.719220360829006,-13.719220170814706,-13.719220351071927,9.757078700545208e-09,7.111977535110909e-10,-9.757078700545208e-09,7.111977535110909e-10,0.01316787488758564,7.36865146677701e-09,5.37104243023599e-10,1.3098021393407421e-08,1.3098021393407421e-08,1.9999999872355803,1.2139487452219208e-08,164751600.51917696,1.0000000020353386,1.0000000029499703,0.9999999849161114,0.9999999790289986,0.0,1.9738295087279312e-07,1.3850225771468998e-08,2.8037995511954863e-13,2.842934174285424e-13,2.8037995511954863e-13,2.842934174285424e-13,,,,,,0,0,0,100,,,
instance_5_970.mat,5,Gurobi,OPTIMAL,-13.71922034921115,-13.719231880879914,-13.71922034921115,-13.719220351071927,1.1529807986576657e-05,8.404120643696829e-07,-1.1529807986576657e-05,8.404120643696829e-07,0.05523450020700693,,,,,,,,,,0.999999999881511,0.9999999995915829,0.0,,8.405476970667605e-07,,,,,,,,,,,,,,5.0,8.405484035877855e-07,1
instance_5_988.mat,5,Lazy KRON,Optimal,-18.59837462438871,-18.59837462438871,-18.598230071110653,-18.598373389237715,1.2351509965924379e-06,6.641177100351234e-08,-1.2351509965924379e-06,6.641177100351234e-08,0.03446404170244932,-4.428010669244031e-08,2.3808589506727233e-09,6.75412233719704e-06,6.75412233719704e-06,1.9999931350724507,6.0671607809809435e-06,329642.34957180254,1.0000000036351395,1.0000000082315958,0.9999919846240484,0.9999897323847784,0.0,0.00014450899795193095,7.772360809909998e-06,,,,,,7.156579711658539e-07,7.156579711658539e-07,8.945744350004858e-08,8.945744350004858e-08,12,13,13,,,,
instance_5_988.mat,5,Full SEP,Optimal,-18.59837346642778,-18.59837346642778,-18.598372425593176,-18.598373389237715,7.719006589468336e-08,4.150366484145529e-09,-7.719006589468336e-08,4.150366484145529e-09,0.01335974968969822,-4.6548656484901585e-08,2.502834808050677e-09,4.633443317402656e-08,4.633443317402656e-08,1.9999999499483776,3.7719185361804735e-08,53023413.17195097,1.0000000045274495,1.0000000077544524,0.9999999390326318,0.9999999364611656,0.0,9.942859477973798e-07,5.5963743612370647e-08,4.718198625201066e-13,5.210444467457103e-13,4.718198625201066e-13,5.210444467457103e-13,,,,,,0,0,0,100,,,
instance_5_988.mat,5,Gurobi,OPTIMAL,-18.598373400575152,-18.59838540994309,-18.598373400575152,-18.598373389237715,1.20207053768695e-05,6.46330587946789e-07,-1.20207053768695e-05,6.46330587946789e-07,0.047417457681149244,,,,,,,,,,1.0000000000000002,0.9999999999742174,2.220446049250313e-16,,6.457209953716564e-07,,,,,,,,,,,,,,5.0,6.456996895807983e-07,1
instance_5_999.mat,5,Lazy KRON,Optimal,-10.716400233262435,-10.716400233262435,-10.01638276613603,-10.715016098363064,0.001384134899371503,0.00012916043347049622,-0.001384134899371503,0.00012916043347049622,0.07747083296999335,1.5646843820604772e-09,1.460083934905569e-10,0.049109343532625915,0.049109343532625915,1.9553182554418318,0.038787285022994694,50.41132046964975,1.0000000008318273,1.0000000015685637,0.9426813705306519,0.9043544370487919,0.0,0.7000174686910903,0.06532207195412829,,,,,,7.805346361807106e-07,7.805346361807106e-07,9.927452684441585e-08,9.927452684441585e-08,20,21,21,,,,
instance_5_999.mat,5,Full SEP,Optimal,-10.715016105254279,-10.715016105254279,-10.715016063559199,-10.715016098363064,6.891214709980886e-09,6.431361971170225e-10,-6.891214709980886e-09,6.431361971170225e-10,0.013860540930181742,1.8484769270799006e-10,1.7251275303015837e-11,2.9899180354624423e-09,2.9899180354624423e-09,1.9999999973932314,2.2171419991356557e-09,902062203.5814232,0.9999999999674728,1.000000000184312,0.9999999965087752,0.9999999944516054,0.0,4.187992708182264e-08,3.89127547542078e-09,4.581602917401476e-12,4.5861300638132514e-12,4.581602917401476e-12,4.5861300638132514e-12,,,,,,0,0,0,100,,,
instance_5_999.mat,5,Gurobi,OPTIMAL,-10.715016103079938,-10.715020792958795,-10.715016103079938,-10.715016098363064,4.694595730825313e-06,4.3813220912369035e-07,-4.694595730825313e-06,4.3813220912369035e-07,0.05093004181981087,,,,,,,,,,0.9999999998068536,0.9999999997621036,0.0,,4.3769199775185645e-07,,,,,,,,,,,,,,5.0,4.3769218916044307e-07,2
instance_10_8.mat,10,Lazy KRON,Optimal,-73.31897431973027,-73.31897431973027,-73.31897252090224,-73.31897423142085,8.830942022086674e-08,1.2044552046754766e-09,-8.830942022086674e-08,1.2044552046754766e-09,0.053504624869674444,-7.008495117588609e-09,9.558910476605794e-11,2.0593040666626795e-08,2.0593040666626795e-08,1.9999999793643912,1.7138791474118118e-08,116694341.16079074,1.000000000694605,1.0000000008978378,0.9999999742277421,0.9999999735585451,0.0,1.7918195425181693e-06,2.4534277168027566e-08,,,,,,3.6164059498129297e-10,3.6164059498129297e-10,2.781850741391774e-11,2.781850741391774e-11,4,5,5,,,,
instance_10_8.mat,10,Full SEP,Optimal,-73.31897434212601,-73.31897434212601,-73.31896913627887,-73.31897423142085,1.1070515881783649e-07,1.5099114494053955e-09,-1.1070515881783649e-07,1.5099114494053955e-09,0.37707762513309717,-1.6617775600025197e-08,2.2665041006277852e-10,5.2460992338425793e-08,5.2460992338425793e-08,1.99999994705381,3.737961766699583e-08,53505093.735073194,1.0000000027552434,1.0000000037141283,0.9999999292178826,0.999999898611545,0.0,5.189229369761961e-06,7.10027273577247e-08,1.9887350283002916e-16,1.9898463360197672e-16,1.9887350283002916e-16,1.9898463360197672e-16,,,,,,0,0,0,2025,,,
instance_10_8.mat,10,Gurobi,OPTIMAL,-73.31897430516358,-73.31903661192544,-73.31897430516358,-73.31897423142085,6.238050458762245e-05,8.508091141158854e-07,-6.238050458762245e-05,8.508091141158854e-07,0.6084399167448282,,,,,,,,,,0.9999999999832401,0.9999999998929948,0.0,,8.498033354107735e-07,,,,,,,,,,,,,,5.0,8.498040571894511e-07,1
instance_10_47.mat,10,Lazy KRON,Optimal,-36.34235239866632,-36.34235239866632,-36.342312398439034,-36.342351015001235,1.3836650865073352e-06,3.807307439344825e-08,-1.3836650865073352e-06,3.807307439344825e-08,0.03539116634055972,-5.325802021616255e-10,1.4654532990032036e-11,1.2730775986420975e-06,1.2730775986420975e-06,1.9999988312820287,1.1682237631502048e-06,1711999.784946061,1.0000000007109011,0.9999999991374171,0.9999987263002948,0.9999981264367825,0.0,3.9999694706693845e-05,1.1006504710565715e-06,,,,,,3.229771484411142e-07,3.229771484411142e-07,2.4844402021507652e-08,2.4844402021507652e-08,3,4,4,,,,
instance_10_47.mat,10,Full SEP,Optimal,-36.34235101748909,-36.34235101748909,-36.34235101463754,-36.342351015001235,2.487851702426269e-09,6.845599232776758e-11,-2.487851702426269e-09,6.845599232776758e-11,0.49302837485447526,7.73070496506989e-11,2.127189009139676e-12,7.688744472031975e-11,7.688744472031975e-11,1.9999999999236953,5.771170300490321e-11,34655016154.24127,1.0000000000082356,0.9999999999896486,0.9999999999033397,0.9999999998728357,0.0,2.9288500513757754e-09,7.846336084181302e-11,3.361011121402849e-14,5.511622564934394e-14,3.361011121402849e-14,5.511622564934394e-14,,,,,,0,0,0,2025,,,
instance_10_47.mat,10,Gurobi,OPTIMAL,-36.342351015546384,-36.34238648440016,-36.342351015546384,-36.342351015001235,3.546939892373757e-05,9.75978804775594e-07,-3.546939892373757e-05,9.75978804775594e-07,4.851029917132109,,,,,,,,,,0.9999999999648339,0.9999999992152782,0.0,,9.759638043929585e-07,,,,,,,,,,,,,,5.0,9.759647574857772e-07,1
instance_10_69.mat,10,Lazy KRON,Optimal,-85.86412763249223,-85.86412763249223,-69.41277803856129,-85.82324459725305,0.040883035239176024,0.00047613638391762214,-0.040883035239176024,0.00047613638391762214,0.24647270888090134,6.63241621623456e-08,7.724315612477914e-10,0.14833653364918822,0.14833653364918822,1.836665410814486,0.13909568290316127,13.204330806536797,1.0000000058875549,1.0000000076919209,0.8147483868574247,0.717120754625316,0.0,16.451349660255104,0.19159746971802358,,,,,,6.4815335729736e-07,6.4815335729736e-07,5.16621679592444e-08,5.16621679592444e-08,21,22,22,,,,
instance_10_69.mat,10,Full SEP,Optimal,-85.82324461295366,-85.82324461295366,-85.82324205712676,-85.82324459725305,1.570060703670606e-08,1.8294119626346895e-10,-1.570060703670606e-08,1.8294119626346895e-10,0.473082416690886,4.044622414767218e-09,4.712735381897629e-11,2.1393118401031428e-08,2.1393118401031428e-08,1.9999999767963785,1.7990595348971803e-08,111169193.57038857,1.0000000003412557,1.0000000004562344,0.9999999711161117,0.9999999553613457,0.0,2.559871518315049e-06,2.978012434074906e-08,2.9678282754824e-12,2.9678941370107685e-12,2.9678282754824e-12,2.9678941370107685e-12,,,,,,0,0,0,2025,,,
instance_10_69.mat,10,Gurobi,OPTIMAL,-85.82324461288593,-85.8233008010177,-85.82324461288593,-85.82324459725305,5.6203764643214527e-05,6.548776861137466e-07,-5.6203764643214527e-05,6.548776861137466e-07,0.19479245878756046,,,,,,,,,,0.9999999999850614,0.9999999999284748,0.0,,6.546955342044489e-07,,,,,,,,,,,,,,5.0,6.546959631621379e-07,1
instance_10_80.mat,10,Lazy KRON,Optimal,-57.12009528354834,-57.12009528354834,-57.11999254606481,-57.12009381547564,1.4680726962978952e-06,2.5701509932892703e-08,-1.4680726962978952e-06,2.5701509932892703e-08,0.04950212500989437,1.3854258895662497e-07,2.425461446954691e-09,1.62855134197666e-06,1.62855134197666e-06,1.9999983838500761,1.5698248532924598e-06,1274026.4492917126,1.0000000211910467,1.0000000367795971,0.9999982827217261,0.9999978376462351,0.0,0.0001028760261192474,1.7986224116100364e-06,,,,,,4.7549225013159873e-07,4.7549225013159873e-07,3.65763378848885e-08,3.65763378848885e-08,3,4,4,,,,
instance_10_80.mat,10,Full SEP,Optimal,-57.120093825559984,-57.120093825559984,-57.120093819899516,-57.12009381547564,1.0084342250138434e-08,1.765463180248824e-10,-1.0084342250138434e-08,1.765463180248824e-10,0.4280642503872514,4.909139761366532e-11,8.594418238104855e-13,6.625592943345984e-11,6.625592943345984e-11,1.9999999999314149,5.0736444701673946e-11,39419395893.64702,1.0000000000028944,1.0000000000065008,0.9999999999124611,0.9999999998676847,0.0,5.7095590477729274e-09,9.909766022874296e-11,3.918892361861212e-15,3.921470631705673e-15,3.918892361861212e-15,3.921470631705673e-15,,,,,,0,0,0,2025,,,
instance_10_80.mat,10,Gurobi,OPTIMAL,-57.12009382358963,-57.120137053414,-57.12009382358963,-57.12009381547564,4.3237938356810446e-05,7.569648916699539e-07,-4.3237938356810446e-05,7.569648916699539e-07,0.39376500016078353,,,,,,,,,,0.9999999999654042,0.9999999999581245,0.0,,7.568228404364282e-07,,,,,,,,,,,,,,5.0,7.568234133420681e-07,2
instance_10_95.mat,10,Lazy KRON,Optimal,-34.956235670347496,-34.956235670347496,-34.956233611053364,-34.95623568278094,0.0,0.0,1.2433446272552828e-08,3.5568607516505007e-10,0.06920425035059452,2.5254927038531605e-08,7.224727306651823e-10,4.1436531474299674e-08,4.1436531474299674e-08,1.9999999534539898,3.8434024524613475e-08,52037224.26136178,1.0000000002474088,1.000000000968391,0.9999999458644602,0.9999999246393556,0.0,2.0845490595888805e-06,5.891063763187742e-08,,,,,,1.0930407163043482e-09,1.0930407163043482e-09,8.408005590856904e-11,8.408005590856904e-11,5,6,6,,,,
instance_10_95.mat,10,Full SEP,Optimal,-34.95623568265176,-34.95623568265176,-34.956235680343774,-34.95623568278094,0.0,0.0,1.2918377478854381e-10,3.695585988172586e-12,0.376783458981663,2.042881419583864e-10,5.844111586070221e-12,4.776703890569567e-11,4.776703890569567e-11,1.9999999999336948,3.19266431805756e-11,62643604234.30012,0.9999999999820652,1.000000000007927,0.9999999999162594,0.9999999999127427,0.0,2.512273056254344e-09,6.602498436184233e-11,8.934519470530232e-17,1.0416822759575399e-16,8.934519470530232e-17,1.0416822759575399e-16,,,,,,0,0,0,2025,,,
instance_10_95.mat,10,Gurobi,OPTIMAL,-34.956235680964994,-34.95624650331751,-34.956235680964994,-34.95623568278094,1.0820536566313876e-05,3.0954514997160687e-07,-1.0820536566313876e-05,3.0954514997160687e-07,0.19339274987578392,,,,,,,,,,0.9999999994894924,1.0,0.0,,3.095970991498593e-07,,,,,,,,,,,,,,5.0,3.0918080735836173e-07,1
instance_10_99.mat,10,Lazy KRON,Optimal,-88.44527562458464,-88.44527562458464,-88.44508038913881,-88.44527157584405,4.048740592565991e-06,4.577678755563271e-08,-4.048740592565991e-06,4.577678755563271e-08,0.059164040721952915,-1.6956846593529917e-08,1.9172133812443588e-10,2.2745592248952762e-06,2.2745592248952762e-06,1.9999977755512692,2.223827908221932e-06,899349.1664336441,1.0000000006594674,1.0000000007950074,0.999997724140212,0.9999971539087664,0.0,0.00019521848898307326,2.2074152005400986e-06,,,,,,8.325115020774852e-07,8.325115020774852e-07,6.403937186505544e-08,6.403937186505544e-08,3,4,4,,,,
instance_10_99.mat,10,Full SEP,Optimal,-88.44527158925658,-88.44527158925658,-88.4452695438962,-88.44527157584405,1.34125315298661e-08,1.5164780760869207e-10,-1.34125315298661e-08,1.5164780760869207e-10,0.45618300000205636,-1.7022998122229183e-08,1.9246928429690028e-10,1.8474870219780625e-08,1.8474870219780625e-08,1.9999999825902648,1.2461230156237876e-08,160497796.56698656,1.0000000010802421,1.000000001549005,0.9999999753087213,0.999999974012974,0.0,2.0283373771690094e-06,2.3125717616538905e-08,2.0642758057250274e-11,2.0740473613471298e-11,2.0642758057250274e-11,2.0740473613471298e-11,,,,,,0,0,0,2025,,,
instance_10_99.mat,10,Gurobi,OPTIMAL,-88.44527157384317,-88.44535690073641,-88.44527157384317,-88.44527157584405,8.532489236756646e-05,9.647187298178682e-07,-8.532489236756646e-05,9.647187298178682e-07,0.4357776250690222,,,,,,,,,,0.999999999986264,0.9999999998883882,0.0,,9.647413525332165e-07,,,,,,,,,,,,,,5.0,9.647422839026883e-07,1
instance_10_125.mat,10,Lazy KRON,Optimal,-68.44831554834865,-68.44831554834865,-68.44829552559554,-68.44831498727817,5.610704789660304e-07,8.196994688199693e-09,-5.610704789660304e-07,8.196994688199693e-09,0.06452633300796151,9.206198114952713e-08,1.3449853427656507e-09,3.0032352101853895e-07,3.0032352101853895e-07,1.9999997260279758,2.7607521211918417e-07,7244401.663864548,1.0000000188724127,1.0000000129973172,0.9999996989364286,0.9999996028542132,0.0,2.0114815086458293e-05,2.925236792885815e-07,,,,,,8.243201948716955e-08,8.243201948716955e-08,6.340924916523413e-09,6.340924916523413e-09,3,4,4,,,,
instance_10_125.mat,10,Full SEP,Optimal,-68.44831498703928,-68.44831498703928,-68.44831483113816,-68.44831498727817,0.0,0.0,2.388844677625457e-10,3.489997786022123e-12,0.5832964167930186,9.399769851370365e-10,1.373265339424384e-11,1.936621789246502e-09,1.936621789246502e-09,1.9999999981779566,1.4533520102526776e-09,1376129102.9763942,1.0000000001136748,0.9999999999629754,0.9999999975648057,0.9999999970176421,0.0,1.5684109655467182e-07,2.277647296344033e-09,7.243346626276634e-14,7.259192378501432e-14,7.243346626276634e-14,7.259192378501432e-14,,,,,,0,0,0,2025,,,
instance_10_125.mat,10,Gurobi,OPTIMAL,-68.4483149852936,-68.44833648922712,-68.4483149852936,-68.44831498727817,2.1501948950231053e-05,3.141339885391544e-07,-2.1501948950231053e-05,3.141339885391544e-07,0.8437244594097137,,,,,,,,,,0.9999999999825963,0.9999999998162996,0.0,,3.1416298208631157e-07,,,,,,,,,,,,,,5.0,3.141630807847219e-07,1
instance_10_137.mat,10,Lazy KRON,Optimal,-92.6029869953193,-92.6029869953193,-92.60290858387903,-92.60298572774725,1.2675720455490591e-06,1.3688241456111233e-08,-1.2675720455490591e-06,1.3688241456111233e-08,0.029453417286276817,3.9400546825163474e-08,4.254781417272751e-10,8.390289188305302e-07,8.390289188305302e-07,1.999999164579173,8.179024208083009e-07,2445278.4509460824,1.000000016496846,0.9999999624957986,0.9999991212020982,0.999998882327144,0.0,7.845084081736786e-05,8.467484993168317e-07,,,,,,2.696235041733316e-07,2.696235041733316e-07,2.074027275153461e-08,2.074027275153461e-08,3,4,4,,,,
instance_10_137.mat,10,Full SEP,Optimal,-92.60298579428225,-92.60298579428225,-92.60298578167259,-92.60298572774725,6.653499440290034e-08,7.184972906889632e-10,-6.653499440290034e-08,7.184972906889632e-10,0.42223062505945563,1.8630430531629827e-11,2.0118606729395715e-13,1.1434196672951859e-10,1.1434196672951859e-10,1.9999999998991917,8.163413085615787e-11,24499556483.58969,1.0000000000060019,1.0000000000048628,0.9999999998579507,0.9999999997761875,0.0,1.2628291301552963e-08,1.3616905289677944e-10,2.2743048036753086e-14,2.2748603019321475e-14,2.2743048036753086e-14,2.2748603019321475e-14,,,,,,0,0,0,2025,,,
instance_10_137.mat,10,Gurobi,OPTIMAL,-92.60298579225586,-92.60306067288484,-92.60298579225586,-92.60298572774725,7.494513758388166e-05,8.093159884706315e-07,-7.494513758388166e-05,8.093159884706315e-07,0.3280122089199722,,,,,,,,,,0.9999999999882131,0.9999999995810229,0.0,,8.08619374219257e-07,,,,,,,,,,,,,,5.0,8.086200282385381e-07,1
instance_10_169.mat,10,Lazy KRON,Optimal,-68.03155863531079,-68.03155863531079,-68.03143925193244,-68.03155621881993,2.416490858081488e-06,3.552014545242601e-08,-2.416490858081488e-06,3.552014545242601e-08,0.03255104226991534,2.5020341354320408e-09,3.677755126623538e-11,1.7463189049617476e-06,1.7463189049617476e-06,1.9999983206426386,1.6788690158222056e-06,1191277.1644446389,1.000000001514459,1.0000000018073758,0.9999982522704657,0.9999978322539251,0.0,0.00011938588038162834,1.754823507535056e-06,,,,,,5.92374627666147e-07,5.92374627666147e-07,4.556729293824837e-08,4.556729293824837e-08,3,4,4,,,,
instance_10_169.mat,10,Full SEP,Optimal,-68.03155622247509,-68.03155622247509,-68.03155561771786,-68.03155621881993,3.655159730442392e-09,5.372741611979859e-11,-3.655159730442392e-09,5.372741611979859e-11,0.41935129230841994,3.123304281871242e-09,4.590964039772206e-11,6.359716142257772e-09,6.359716142257772e-09,1.999999993194824,5.2909086697511e-09,378006901.65549767,1.0000000005518108,1.0000000006937244,0.9999999915046407,0.9999999880730495,0.0,6.078805370179907e-07,8.889363500056613e-09,2.805021360055106e-14,2.8060632899143514e-14,2.805021360055106e-14,2.8060632899143514e-14,,,,,,0,0,0,2025,,,
instance_10_169.mat,10,Gurobi,OPTIMAL,-68.03155621684361,-68.03158963052009,-68.03155621684361,-68.03155621881993,3.341170015858097e-05,4.911203801063606e-07,-3.341170015858097e-05,4.911203801063606e-07,0.2526442497037351,,,,,,,,,,0.9999999999735804,0.9999999999573357,0.0,,4.911494301077913e-07,,,,,,,,,,,,,,5.0,4.911496707090135e-07,1
instance_10_172.mat,10,Lazy KRON,Optimal,-69.28751469839533,-69.28751469839533,-64.47112594256564,-69.28226439844975,0.0052502999455725785,7.57755559342378e-05,-0.0052502999455725785,7.57755559342378e-05,0.19811687525361776,-2.3249214109455352e-08,3.355469482583966e-10,0.05282188605617072,0.05282188605617072,1.95018759873953,0.04288813008945414,45.47149979894008,1.000000004066836,1.0000000063415275,0.937618040416543,0.8978682674918974,0.0,4.816388732580478,0.06951308293846536,,,,,,1.2635117065256364e-06,1.2635117065256364e-06,9.837187688143118e-08,9.837187688143118e-08,20,21,21,,,,
instance_10_172.mat,10,Full SEP,Optimal,-69.28226498818516,-69.28226498818516,-69.282264987013,-69.28226439844975,5.89735407174885e-07,8.51206881408184e-09,-5.89735407174885e-07,8.51206881408184e-09,0.6252258331514895,-1.0942358130705543e-12,1.579388048668958e-14,1.1735615007413601e-11,1.1735615007413601e-11,1.999999999989309,9.540626319738363e-12,209629843257.9378,1.000000000001313,0.9999999999973934,0.9999999999857727,0.9999999999724694,0.0,1.1710739045156515e-09,1.6918732961871472e-11,4.563170743497071e-13,6.205313628301585e-13,4.563170743497071e-13,6.205313628301585e-13,,,,,,0,0,0,2025,,,
instance_10_172.mat,10,Gurobi,OPTIMAL,-69.28226498566012,-69.28232689409745,-69.28226498566012,-69.28226439844975,6.249564769689187e-05,9.020431399831667e-07,-6.249564769689187e-05,9.020431399831667e-07,1.892537625040859,,,,,,,,,,0.9999999999740169,0.9999999999276356,0.0,,8.935675244547902e-07,,,,,,,,,,,,,,5.0,8.935683229184245e-07,2
instance_10_257.mat,10,Lazy KRON,Optimal,-75.27547460168066,-75.27547460168066,-67.22698892444693,-75.27157467509454,0.0038999265861150434,5.1808727965535416e-05,-0.0038999265861150434,5.1808727965535416e-05,0.2923696250654757,-6.735897528642454e-07,8.94832953798748e-09,0.07613185122882986,0.07613185122882986,1.913313119268809,0.0692432711587018,27.631755219703585,1.000000040252312,1.0000000615489828,0.8994252078994458,0.8582459392766915,0.0,8.048485003643975,0.10692042421282896,,,,,,6.311869895335668e-07,6.311869895335668e-07,4.9438570539900527e-08,4.9438570539900527e-08,19,20,20,,,,
instance_10_257.mat,10,Full SEP,Optimal,-75.27157470821714,-75.27157470821714,-75.27157468874213,-75.27157467509454,3.312260332677397e-08,4.4004132310464453e-10,-3.312260332677397e-08,4.4004132310464453e-10,0.5424337079748511,-3.593925157474587e-11,4.774611360803974e-13,2.0751350073857126e-10,2.0751350073857126e-10,1.9999999998251368,1.5187394101110266e-10,13168816101.762499,1.000000000019935,0.9999999999684273,0.9999999997411733,0.9999999996917732,0.0,1.9439070797488966e-08,2.5872994054603845e-10,6.987920643865008e-13,7.32256743460335e-13,6.987920643865008e-13,7.32256743460335e-13,,,,,,0,0,0,2025,,,
instance_10_257.mat,10,Gurobi,OPTIMAL,-75.27157470616618,-75.27164926769443,-75.27157470616618,-75.27157467509454,7.45925998870689e-05,9.909786833790426e-07,-7.45925998870689e-05,9.909786833790426e-07,0.8230628329329193,,,,,,,,,,0.9999999999794176,0.9999999999549961,0.0,,9.905658900334318e-07,,,,,,,,,,,,,,5.0,9.905668718215702e-07,1
instance_10_258.mat,10,Lazy KRON,Optimal,-50.75311600653571,-50.75311600653571,-50.75311489827,-50.75311591155881,9.4976904563282e-08,1.871351200408097e-09,-9.4976904563282e-08,1.871351200408097e-09,0.06846320815384388,1.563876850241286e-08,3.0813415476596517e-10,1.5159597669809864e-08,1.5159597669809864e-08,1.999999982787687,1.3682837103861025e-08,146168515.17024395,1.000000000516369,1.000000001336083,0.9999999797133278,0.999999974287284,0.0,1.1239044823696531e-06,2.1836407319789466e-08,,,,,,1.3292567867061463e-10,1.3292567867061463e-10,1.0225052240400786e-11,1.0225052240400786e-11,4,5,5,,,,
instance_10_258.mat,10,Full SEP,Optimal,-50.75311599971116,-50.75311599971116,-50.753114017774216,-50.75311591155881,8.815235474912697e-08,1.7368855687526386e-09,-8.815235474912697e-08,1.7368855687526386e-09,0.41504150023683906,3.4493112366362766e-08,6.796255104131748e-10,3.028348778569901e-08,3.028348778569901e-08,1.9999999695403008,1.987684511662718e-08,100619588.15925375,1.0000000005182133,1.000000002831017,0.9999999581760046,0.999999954962405,0.0,2.0164300593705775e-06,3.905054710365949e-08,8.717273777167685e-14,8.717674837507737e-14,8.717273777167685e-14,8.717674837507737e-14,,,,,,0,0,0,2025,,,
instance_10_258.mat,10,Gurobi,OPTIMAL,-50.75311600561068,-50.753153046250716,-50.75311600561068,-50.75311591155881,3.713469190813612e-05,7.316726090750605e-07,-3.713469190813612e-05,7.316726090750605e-07,0.2321992078796029,,,,,,,,,,0.9999999998751894,0.9999999999727824,0.0,,7.298194853842789e-07,,,,,,,,,,,,,,5.0,7.298200177411489e-07,1
instance_10_261.mat,10,Lazy KRON,Optimal,-62.31904154084766,-62.31904154084766,-62.31904023159508,-62.3190415418932,0.0,0.0,1.0455423193889146e-09,1.6777252883230913e-11,0.036455375142395496,8.270738760529639e-09,1.3271607771933556e-10,1.7506387982668914e-08,1.7506387982668914e-08,1.9999999814146274,1.63980797395177e-08,121965499.20383857,1.0000000005030838,1.000000000620762,0.9999999788481577,0.9999999654581091,0.0,1.3175233135598319e-06,2.1008868917554502e-08,,,,,,9.223475001217637e-10,9.223475001217637e-10,7.094980799316714e-11,7.094980799316714e-11,4,5,5,,,,
instance_10_261.mat,10,Full SEP,Optimal,-62.31904154211217,-62.31904154211217,-62.31904130663692,-62.3190415418932,2.1896795487919007e-10,3.5136605034469635e-12,-2.1896795487919007e-10,3.5136605034469635e-12,0.45663654198870063,2.58410892683969e-09,4.146580022565776e-11,3.1756127966378396e-09,3.1756127966378396e-09,1.9999999968277664,2.3331152557977573e-09,857222973.3862464,1.0000000001425657,1.0000000001789733,0.9999999957786456,0.9999999955996777,0.0,2.3805935711607162e-07,3.778544123309555e-09,4.5414869805875404e-14,4.546919307478715e-14,4.5414869805875404e-14,4.546919307478715e-14,,,,,,0,0,0,2025,,,
instance_10_261.mat,10,Gurobi,OPTIMAL,-62.31904154181057,-62.31909120317288,-62.31904154181057,-62.3190415418932,4.966127968231149e-05,7.968870970920555e-07,-4.966127968231149e-05,7.968870970920555e-07,0.2130630831234157,,,,,,,,,,0.9999999999782164,0.9999999998985745,0.0,,7.96888422994169e-07,,,,,,,,,,,,,,5.0,7.968890583678849e-07,1
instance_10_263.mat,10,Lazy KRON,Optimal,-63.17911935722386,-63.17911935722386,-54.64254982565578,-63.176615821163026,0.0025035360608356427,3.962600438730854e-05,-0.0025035360608356427,3.962600438730854e-05,0.19026612490415573,1.3919991204147664e-07,2.2032581881114905e-09,0.10662237929123944,0.10662237929123944,1.901785121861039,0.08481803916645039,22.42194161231313,1.0000000219290304,1.0000000359264558,0.8755487884803308,0.7922732241289906,0.0,8.536569670767996,0.1351169439906417,,,,,,3.274910669808694e-07,3.274910669808694e-07,2.581042160246316e-08,2.581042160246316e-08,19,20,20,,,,
instance_10_263.mat,10,Full SEP,Optimal,-63.17661587695585,-63.17661587695585,-63.176615791860186,-63.176615821163026,5.5792824582567846e-08,8.831246151460719e-10,-5.5792824582567846e-08,8.831246151460719e-10,0.472675415687263,6.17461637375527e-11,9.773578859907734e-13,1.036221063308518e-09,1.036221063308518e-09,1.9999999990164774,8.474976121193665e-10,2359888653.8629985,1.0000000000092129,1.0000000000144658,0.9999999987685633,0.9999999978850163,0.0,8.515741001247079e-08,1.346948751013625e-09,9.832526133311834e-14,1.0660849207329435e-13,9.832526133311834e-14,1.0660849207329435e-13,,,,,,0,0,0,2025,,,
instance_10_263.mat,10,Gurobi,TIME_LIMIT,,-63.1768622460287,-63.176615875811905,-63.176615821163026,0.0002464248656721679,3.9005556292510905e-06,-0.0002464248656721679,3.9005556292510905e-06,5.0022236672230065,,,,,,,,,,1.0,0.9999999998928482,0.0,,3.89969061511052e-06,,,,,,,,,,,,,,5.0,3.899601939780445e-06,2
instance_10_269.mat,10,Lazy KRON,Optimal,-92.00572064139705,-92.00572064139705,-92.0057020513679,-92.00572038382023,2.5757681498816964e-07,2.7995739090192565e-09,-2.5757681498816964e-07,2.7995739090192565e-09,0.08123970916494727,-1.8633642184795463e-08,2.0252699565739223e-10,1.7043786264857044e-07,1.7043786264857044e-07,1.999999817712178,1.6565040842223195e-07,12073618.39165715,1.0000000020093809,1.000000001719094,0.9999997992626766,0.9999996577045849,0.0,1.8571395500543986e-05,2.02052970327634e-07,,,,,,2.136903497400876e-09,2.136903497400876e-09,1.643771988493766e-10,1.643771988493766e-10,6,7,7,,,,
instance_10_269.mat,10,Full SEP,Optimal,-92.00572062765247,-92.00572062765247,-92.00571531945742,-92.00572038382023,2.4383223262702813e-07,2.6501855641544096e-09,-2.4383223262702813e-07,2.6501855641544096e-09,0.44937654212117195,-1.540803395982948e-08,1.6746821670128382e-10,4.357018347659909e-08,4.357018347659909e-08,1.9999999544014748,3.528230977605268e-08,56685629.911875665,1.0000000022573583,1.0000000009043424,0.9999999419557281,0.9999999143249049,0.0,5.29278700867053e-06,5.7694184735671454e-08,1.837710159522864e-15,1.840192872197793e-15,1.837710159522864e-15,1.840192872197793e-15,,,,,,0,0,0,2025,,,
instance_10_269.mat,10,Gurobi,OPTIMAL,-92.0057205944002,-92.00578654170047,-92.0057205944002,-92.00572038382023,6.615788024078029e-05,7.190621669300664e-07,-6.615788024078029e-05,7.190621669300664e-07,0.1852855421602726,,,,,,,,,,0.9999999999791752,0.9999999997320455,0.0,,7.167733981756535e-07,,,,,,,,,,,,,,5.0,7.167739119401261e-07,2
instance_10_271.mat,10,Lazy KRON,Optimal,-86.32412709224367,-86.32412709224367,-86.32378752349024,-86.32412177051881,5.32172485634419e-06,6.164817456720456e-08,-5.32172485634419e-06,6.164817456720456e-08,0.0513628339394927,-2.3837742446630727e-08,2.761422935810095e-10,3.9870395711360485e-06,3.9870395711360485e-06,1.999996249543699,3.748415712762136e-06,533557.7488735741,1.0000000022721274,1.0000000026011746,0.999996008387743,0.9999945600954181,0.0,0.0003395449156897712,3.933648272740293e-06,,,,,,1.153027720877931e-06,1.153027720877931e-06,8.869450471088642e-08,8.869450471088642e-08,3,4,4,,,,
instance_10_271.mat,10,Full SEP,Optimal,-86.3241217808147,-86.3241217808147,-86.32411777604065,-86.32412177051881,1.0295892138856289e-08,1.1927016373243337e-10,-1.0295892138856289e-08,1.1927016373243337e-10,0.4580760831013322,-8.410140139858413e-09,9.742514567611324e-11,3.5618070236891906e-08,3.5618070236891906e-08,1.9999999622808546,2.9107533323439986e-08,68710733.40557772,1.0000000013498274,1.0000000012321695,0.9999999522687901,0.9999999352446891,0.0,3.996363915348411e-06,4.639229421478249e-08,3.5654039973994995e-14,3.5662741416563215e-14,3.5654039973994995e-14,3.5662741416563215e-14,,,,,,0,0,0,2025,,,
instance_10_271.mat,10,Gurobi,OPTIMAL,-86.32412176990347,-86.3242036877802,-86.32412176990347,-86.32412177051881,8.191726138306876e-05,9.489489376507823e-07,-8.191726138306876e-05,9.489489376507823e-07,2.5432319580577314,,,,,,,,,,1.0000000000000004,0.9999999999307121,4.440892098500626e-16,,9.489560659438188e-07,,,,,,,,,,,,,,5.0,9.487984276958991e-07,1
instance_10_275.mat,10,Lazy KRON,Optimal,-70.88071621635393,-70.88071621635393,-60.586414920968664,-70.84051009468914,0.04020612166479509,0.0005672363910950232,-0.04020612166479509,0.0005672363910950232,0.1897163330577314,1.4780628987409727e-07,2.085282115701798e-09,0.10208595522384895,0.10208595522384895,1.8909452246879461,0.09360288944826704,20.20178261412586,1.0000000230520594,1.000000035086125,0.8742421566477918,0.8059912786768811,0.0,10.294301443191557,0.1452341602187439,,,,,,9.506729993261544e-07,9.506729993261544e-07,7.491583072046695e-08,7.491583072046695e-08,22,23,23,,,,
instance_10_275.mat,10,Full SEP,Optimal,-70.84051012682102,-70.84051012682102,-70.8405100564138,-70.84051009468914,3.2131879379448947e-08,4.535805758869522e-10,-3.2131879379448947e-08,4.535805758869522e-10,0.4614103748463094,3.502975687297294e-10,4.944876428792158e-12,6.607487898545033e-10,6.607487898545033e-10,1.999999999245064,5.62238396137808e-10,3557209918.3970566,1.0000000000064273,1.0000000000789229,0.9999999990758002,0.9999999987274513,0.0,7.075750829699246e-08,9.93883451745582e-10,7.461699048794495e-15,8.021031567833624e-15,7.461699048794495e-15,8.021031567833624e-15,,,,,,0,0,0,2025,,,
instance_10_275.mat,10,Gurobi,OPTIMAL,-70.84051012469358,-70.84053175928162,-70.84051012469358,-70.84051009468914,2.166459248087449e-05,3.0582199120824595e-07,-2.166459248087449e-05,3.0582199120824595e-07,0.17286683339625597,,,,,,,,,,0.9999999999700189,0.9999999999677452,0.0,,3.0539844210959906e-07,,,,,,,,,,,,,,5.0,3.0539853557843954e-07,1
instance_10_283.mat,10,Lazy KRON,Optimal,-46.61412050135067,-46.61412050135067,-41.875737493242966,-46.59526834075056,0.018852160600111745,0.00040443025412365105,-0.018852160600111745,0.00040443025412365105,0.1739718751050532,3.878881216223817e-09,8.321257967553898e-11,0.07758641031630287,0.07758641031630287,1.9252355056647896,0.06501749644395552,29.61103719710778,1.0000000002857505,1.0000000003649963,0.9082960790616816,0.849519795219537,0.0,4.738383011986585,0.10165123694590368,,,,,,9.75564313005971e-07,9.75564313005971e-07,7.639900927317607e-08,7.639900927317607e-08,16,17,17,,,,
instance_10_283.mat,10,Full SEP,Optimal,-46.595268612865,-46.595268612865,-46.595268611851544,-46.59526834075056,2.7211444120212036e-07,5.839958633203143e-09,-2.7211444120212036e-07,5.839958633203143e-09,0.4638855420053005,4.661160346586257e-12,1.0003505689200612e-13,1.60314085568103e-11,1.60314085568103e-11,1.9999999999841234,1.3012475624342646e-11,153698654869.53854,1.0000000000002223,1.000000000000167,0.9999999999805272,0.9999999999669571,0.0,1.0181153697885748e-09,2.1750152743237387e-11,4.971476637165214e-14,5.6408651727967444e-14,4.971476637165214e-14,5.6408651727967444e-14,,,,,,0,0,0,2025,,,
instance_10_283.mat,10,Gurobi,OPTIMAL,-46.59526861086827,-46.59531207918295,-46.59526861086827,-46.59526834075056,4.373843239591224e-05,9.386874010326232e-07,-4.373843239591224e-05,9.386874010326232e-07,0.3042714996263385,,,,,,,,,,0.9999999999675988,0.9999999999205184,0.0,,9.328903004772241e-07,,,,,,,,,,,,,,5.0,9.328911706098561e-07,2
instance_10_299.mat,10,Lazy KRON,Optimal,-45.8412111869242,-45.8412111869242,-45.84105786567109,-45.84120912078903,2.0661351669559735e-06,4.507156581293211e-08,-2.0661351669559735e-06,4.507156581293211e-08,0.08935058396309614,-3.96050126028058e-08,8.639608679035685e-10,2.7011399557921592e-06,2.7011399557921592e-06,1.9999972776053003,2.6341734948970247e-06,759250.3992162006,1.0000000236200193,1.0000000407587126,0.9999971702990795,0.9999956554272003,0.0,0.0001532816480960264,3.3446161028215316e-06,,,,,,6.394462055500789e-07,6.394462055500789e-07,4.918819685319203e-08,4.918819685319203e-08,7,8,8,,,,
instance_10_299.mat,10,Full SEP,Optimal,-45.84120912090642,-45.84120912090642,-45.84120911573201,-45.84120912078903,1.1738876537492615e-10,2.5607693956176567e-12,-1.1738876537492615e-10,2.5607693956176567e-12,0.42282000044360757,-1.8118839761882555e-12,3.952522219493387e-14,7.617024351062929e-11,7.617024351062929e-11,1.9999999999114433,6.201521474083704e-11,32250150358.577126,1.0000000000074893,1.0000000000085363,0.9999999998910492,0.9999999998556854,0.0,5.172594796931662e-09,1.1287674954777757e-10,1.5745447371314286e-14,1.631829275783246e-14,1.5745447371314286e-14,1.631829275783246e-14,,,,,,0,0,0,2025,,,
instance_10_299.mat,10,Gurobi,OPTIMAL,-45.84120911810701,-45.84125175404555,-45.84120911810701,-45.84120912078903,4.263325651976402e-05,9.300194669313666e-07,-4.263325651976402e-05,9.300194669313666e-07,1.5620017917826772,,,,,,,,,,0.9999999998517924,1.0,0.0,,9.30077973660856e-07,,,,,,,,,,,,,,5.0,9.295778376045234e-07,2
instance_10_322.mat,10,Lazy KRON,Optimal,-60.75472739560127,-60.75472739560127,-60.7544579573157,-60.754722470423786,4.92517748540422e-06,8.106657204359062e-08,-4.92517748540422e-06,8.106657204359062e-08,0.04593216720968485,1.0377349468626562e-07,1.708072756388978e-09,3.882766520500246e-06,3.882766520500246e-06,1.9999963178813631,3.6515565139802602e-06,547710.6297613705,1.0000000174757537,1.0000000338648138,0.999996058213721,0.9999947014594299,0.0,0.00026954205906548623,4.434853008497042e-06,,,,,,1.0853484886423592e-06,1.0853484886423592e-06,8.34884048032304e-08,8.34884048032304e-08,3,4,4,,,,
instance_10_322.mat,10,Full SEP,Optimal,-60.75472247043649,-60.75472247043649,-60.754722468210645,-60.754722470423786,1.2704504115390591e-11,2.0911138424791024e-13,-1.2704504115390591e-11,2.0911138424791024e-13,0.4337721671909094,1.0871303857129533e-11,1.7893759390341312e-13,3.223513237546168e-11,3.223513237546168e-11,1.9999999999717075,2.009309479947897e-11,99536682623.10538,1.0000000000009617,1.000000000002775,0.999999999959774,0.9999999999595178,0.0,2.2367174778992194e-09,3.6636595206655684e-11,1.938729076470607e-13,1.9502790485640436e-13,1.938729076470607e-13,1.9502790485640436e-13,,,,,,0,0,0,2025,,,
instance_10_322.mat,10,Gurobi,OPTIMAL,-60.754722468440455,-60.75478214763349,-60.754722468440455,-60.754722470423786,5.9677209705455425e-05,9.822635782059168e-07,-5.9677209705455425e-05,9.822635782059168e-07,0.45605854084715247,,,,,,,,,,0.9999999999515901,0.9999999999710603,0.0,,9.822962230572813e-07,,,,,,,,,,,,,,5.0,9.822971881980046e-07,1
instance_10_333.mat,10,Lazy KRON,Optimal,-77.2463730042389,-77.2463730042389,-77.24534231840393,-77.24637286709998,1.371389259929856e-07,1.7753445328165776e-09,-1.371389259929856e-07,1.7753445328165776e-09,0.12895287480205297,5.59108457309776e-08,7.23798976657577e-10,1.0152755667122305e-05,1.0152755667122305e-05,1.9999889990327702,9.591766157606335e-06,208511.0256203197,1.0000000026070561,1.0000000038979726,0.9999874760454122,0.9999805606895373,0.0,0.0010307417458221835,1.3342837920945408e-05,,,,,,1.3156306453202186e-07,1.3156306453202186e-07,1.0120260022804642e-08,1.0120260022804642e-08,10,11,11,,,,
instance_10_333.mat,10,Full SEP,Optimal,-77.24637290108389,-77.24637290108389,-77.24637284250542,-77.24637286709998,3.398390902020765e-08,4.3994180883709555e-10,-3.398390902020765e-08,4.3994180883709555e-10,0.47171937534585595,1.8459900275047403e-11,2.389743308554541e-13,5.246233236682608e-10,5.246233236682608e-10,1.999999999459627,3.805857834725667e-10,5255057036.579482,1.0000000000030451,1.0000000000040725,0.9999999992854112,0.9999999989099451,0.0,5.859692464582622e-08,7.583328840638578e-10,1.1933661034953266e-12,1.1933847995419472e-12,1.1933661034953266e-12,1.1933847995419472e-12,,,,,,0,0,0,2025,,,
instance_10_333.mat,10,Gurobi,OPTIMAL,-77.24637290016395,-77.2464450481746,-77.24637290016395,-77.24637286709998,7.218107462847456e-05,9.344258442373493e-07,-7.218107462847456e-05,9.344258442373493e-07,0.21561912493780255,,,,,,,,,,1.0,0.9999999999178079,0.0,,9.339978119917281e-07,,,,,,,,,,,,,,5.0,9.339177613791295e-07,2
instance_10_343.mat,10,Lazy KRON,Optimal,-66.54500693848986,-66.54500693848986,-64.20696742356378,-66.54414620354493,0.0008607349449363255,1.2934628524900994e-05,-0.0008607349449363255,1.2934628524900994e-05,0.23647299967706203,-2.5879636211811885e-07,3.889042529627119e-09,0.025889239619591956,0.025889239619591956,1.9721786922271145,0.023501860288859925,83.91585465946895,1.000000017632769,1.0000000288272024,0.9676316119597023,0.9517568749525008,0.0,2.3380392561297185,0.03513470991275456,,,,,,7.724883169846111e-07,7.724883169846111e-07,5.978249495861357e-08,5.978249495861357e-08,20,21,21,,,,
instance_10_343.mat,10,Full SEP,Optimal,-66.5441462562206,-66.5441462562206,-66.54414625613903,-66.54414620354493,5.2675673600788286e-08,7.915898927903688e-10,-5.2675673600788286e-08,7.915898927903688e-10,0.530987249687314,-4.405364961712621e-13,6.6202141128240925e-15,8.138242537403809e-13,8.138242537403809e-13,1.9999999999988878,6.394424050762121e-13,3127725005601.5874,0.9999999999999135,1.0000000000002986,0.9999999999987497,0.9999999999985975,0.0,8.112976956908824e-11,1.2258073873422675e-12,1.8320810615207544e-14,2.7253077579176437e-14,1.8320810615207544e-14,2.7253077579176437e-14,,,,,,0,0,0,2025,,,
instance_10_343.mat,10,Gurobi,OPTIMAL,-66.54414625422012,-66.54421235126287,-66.54414625422012,-66.54414620354493,6.614771794488661e-05,9.940416395000168e-07,-6.614771794488661e-05,9.940416395000168e-07,1.1834761248901486,,,,,,,,,,0.999999999976529,0.9999999999495891,0.0,,9.932801127559e-07,,,,,,,,,,,,,,5.0,9.932810989351514e-07,1
instance_10_347.mat,10,Lazy KRON,Optimal,-97.2092095203064,-97.2092095203064,-97.20909807296744,-97.209207927517,1.592789402593553e-06,1.6385169784359056e-08,-1.592789402593553e-06,1.6385169784359056e-08,0.046590957790613174,-3.0634747361091286e-07,3.151424387901424e-09,1.1173238578714198e-06,1.1173238578714198e-06,1.9999989922552797,9.695370182263672e-07,2062839.2259988163,1.000000015456992,1.000000009565806,0.999998827787193,0.999998270308025,0.0,0.00011114099149267531,1.146468935569377e-06,,,,,,2.1980384566307853e-07,2.1980384566307853e-07,1.690799181660107e-08,1.690799181660107e-08,3,4,4,,,,
instance_10_347.mat,10,Full SEP,Optimal,-97.20920795988664,-97.20920795988664,-97.20920640129695,-97.209207927517,3.236964118968899e-08,3.3298945510435923e-10,-3.236964118968899e-08,3.3298945510435923e-10,0.49119204096496105,-9.436377013116726e-09,9.707287211938446e-11,1.2150596583994614e-08,1.2150596583994614e-08,1.9999999867836302,9.884239042889493e-09,202342332.8902984,1.0000000006944008,1.0000000000511133,0.999999983457534,0.999999975822217,0.0,1.5491533105205235e-06,1.6033354455236298e-08,1.8362095612800084e-12,2.537550009319248e-12,1.8362095612800084e-12,2.537550009319248e-12,,,,,,0,0,0,2025,,,
instance_10_347.mat,10,Gurobi,OPTIMAL,-97.20920794940808,-97.20930240621735,-97.20920794940808,-97.209207927517,9.447870034762218e-05,9.719100745401447e-07,-9.447870034762218e-05,9.719100745401447e-07,2.9240265423431993,,,,,,,,,,0.9999999999999998,0.9999999998398438,0.0,,9.71684879191732e-07,,,,,,,,,,,,,,5.0,9.715362807128397e-07,1
instance_10_353.mat,10,Lazy KRON,Optimal,-59.086636630963405,-59.086636630963405,-59.08649447534894,-59.086635453702954,1.1772604509019402e-06,1.9924309759831815e-08,-1.1772604509019402e-06,1.9924309759831815e-08,0.143327500205487,-1.4522348124046403e-07,2.457805851219529e-09,2.180885871842056e-06,2.180885871842056e-06,1.9999978430986591,2.109110672608597e-06,948265.9535476227,1.0000000118309185,1.0000000156458664,0.99999773110416,0.9999958850731909,0.0,0.00014201039098082902,2.4058843516500836e-06,,,,,,3.139024415015952e-07,3.139024415015952e-07,2.414635321386994e-08,2.414635321386994e-08,10,11,11,,,,
instance_10_353.mat,10,Full SEP,Optimal,-59.08663548961099,-59.08663548961099,-59.086631189790474,-59.086635453702954,3.5908037432363926e-08,6.077184313308467e-10,-3.5908037432363926e-08,6.077184313308467e-10,0.41013816697523,-2.5379229384725477e-08,4.295257154925977e-10,5.285920133402563e-08,5.285920133402563e-08,1.999999941276568,3.9450138441359696e-08,50696905.51908836,1.0000000023952207,1.0000000032207552,0.9999999248440341,0.999999907996415,0.0,4.274441288032449e-06,7.277145638412933e-08,5.02790447026658e-15,5.153206151145499e-15,5.02790447026658e-15,5.153206151145499e-15,,,,,,0,0,0,2025,,,
instance_10_353.mat,10,Gurobi,OPTIMAL,-59.086635462760434,-59.08669419434797,-59.086635462760434,-59.086635453702954,5.874064501654175e-05,9.941433653968184e-07,-5.874064501654175e-05,9.941433653968184e-07,1.5044641667045653,,,,,,,,,,1.0,0.9999999998502929,0.0,,9.939900740302464e-07,,,,,,,,,,,,,,5.0,9.938520398966643e-07,1
instance_10_366.mat,10,Lazy KRON,Optimal,-85.6565824744285,-85.6565824744285,-85.65630239252624,-85.65657666069524,5.81373326724588e-06,6.787258024193859e-08,-5.81373326724588e-06,6.787258024193859e-08,0.039577207993716,-1.194176917351797e-07,1.3941449481810702e-09,3.407260253359525e-06,3.407260253359525e-06,1.999996662794311,3.3347184900807192e-06,599749.7746041825,1.000000004218306,1.000000000670595,0.9999965873916666,0.9999955390790014,0.0,0.00027996248456929607,3.2698234527935496e-06,,,,,,1.192204798700991e-06,1.192204798700991e-06,9.170811760756142e-08,9.170811760756142e-08,3,4,4,,,,
instance_10_366.mat,10,Full SEP,Optimal,-85.65657678995278,-85.65657678995278,-85.65657667728811,-85.65657666069524,1.2925754333537043e-07,1.5090206517630983e-09,-1.2925754333537043e-07,1.5090206517630983e-09,0.43015483394265175,-1.0604708222672343e-09,1.2380495018703851e-11,1.0823792066481406e-09,1.0823792066481406e-09,1.9999999988874009,9.006570327985388e-10,2220601101.257115,1.0000000000507834,0.9999999995351382,0.9999999986183283,0.9999999979927725,0.0,1.1160419433053903e-07,1.3153066509893662e-09,1.0295868835406229e-13,1.0588607944670434e-13,1.0295868835406229e-13,1.0588607944670434e-13,,,,,,0,0,0,2025,,,
instance_10_366.mat,10,Gurobi,OPTIMAL,-85.65657678701332,-85.6566579988332,-85.65657678701332,-85.65657666069524,8.133813796007416e-05,9.495833699370123e-07,-8.133813796007416e-05,9.495833699370123e-07,0.5862082499079406,,,,,,,,,,0.9999999999868927,0.9999999996826091,0.0,,9.48108667469836e-07,,,,,,,,,,,,,,5.0,9.481095658830181e-07,1
instance_10_409.mat,10,Lazy KRON,Optimal,-87.06614274863831,-87.06614274863831,-87.06579234091566,-87.0661413379398,1.410698516224329e-06,1.6202607255693452e-08,-1.410698516224329e-06,1.6202607255693452e-08,0.12929758382961154,-6.949827167090916e-07,7.982238500165565e-09,3.2431156655325697e-06,3.2431156655325697e-06,1.9999966116976382,3.029798960043272e-06,660108.6864420449,1.0000000149221067,1.0000000212457762,0.9999961864452059,0.9999937332546065,0.0,0.00034971273993278373,4.0246152130699865e-06,,,,,,2.0033497201684394e-07,2.0033497201684394e-07,1.541039393366556e-08,1.541039393366556e-08,10,11,11,,,,
instance_10_409.mat,10,Full SEP,Optimal,-87.06614147815802,-87.06614147815802,-87.06614147060642,-87.0661413379398,1.4021821925780387e-07,1.6104793077683352e-09,-1.4021821925780387e-07,1.6104793077683352e-09,0.4577616252936423,-1.914628455779166e-10,2.1990505416614587e-12,6.773028462576542e-11,6.773028462576542e-11,1.9999999999360647,6.082947626732526e-11,32878796969.19848,1.0000000000019902,1.000000000010507,0.9999999999184428,0.9999999998742788,0.0,7.360128506661567e-09,8.673396137732744e-11,7.360733101972415e-13,7.361914515282755e-13,7.360733101972415e-13,7.361914515282755e-13,,,,,,0,0,0,2025,,,
instance_10_409.mat,10,Gurobi,TIME_LIMIT,,-87.06659310096897,-87.06614147644812,-87.0661413379398,0.00045176302917582234,5.188706863169941e-06,-0.00045176302917582234,5.188706863169941e-06,5.002026000060141,,,,,,,,,,1.0000000000000004,0.9999999998942513,4.440892098500626e-16,,5.187116031122278e-06,,,,,,,,,,,,,,5.0,5.187042869425012e-06,2
instance_10_444.mat,10,Lazy KRON,Optimal,-62.804093949507774,-62.804093949507774,-47.947322727944766,-62.77266573417734,0.03142821533043616,0.0005004166663992209,-0.03142821533043616,0.0005004166663992209,0.28602258302271366,-4.672713060926981e-08,7.440140868338413e-10,0.16207114734648198,0.16207114734648198,1.840871481736842,0.13552236937454804,13.583524920887115,1.0000000295390499,1.0000000475418733,0.8073389088845107,0.6873243856407525,0.0,14.856771174835878,0.23655736891144893,,,,,,8.733702169571473e-07,8.733702169571473e-07,6.975778620762078e-08,6.975778620762078e-08,22,23,23,,,,
instance_10_444.mat,10,Full SEP,Optimal,-62.772665852369954,-62.772665852369954,-62.77266585219263,-62.77266573417734,1.1819261658274627e-07,1.8828675662861616e-09,-1.1819261658274627e-07,1.8828675662861616e-09,0.5626519997604191,-2.842170943040401e-14,4.52772063197806e-16,1.939020802187531e-12,1.939020802187531e-12,1.9999999999980795,1.535821983267779e-12,1302234257477.332,0.9999999999998109,1.0000000000002256,0.9999999999976323,0.9999999999963607,0.0,1.772946234268602e-10,2.8248449022911117e-12,5.390294458293546e-14,6.64536757096812e-14,5.390294458293546e-14,6.64536757096812e-14,,,,,,0,0,0,2025,,,
instance_10_444.mat,10,Gurobi,OPTIMAL,-62.77266585036928,-62.77272372113888,-62.77266585036928,-62.77266573417734,5.7986961543576854e-05,9.237604823581932e-07,-5.7986961543576854e-05,9.237604823581932e-07,0.5335043342784047,,,,,,,,,,0.9999999999659347,0.9999999999660303,0.0,,9.219094882557574e-07,,,,,,,,,,,,,,5.0,9.219103380604524e-07,2
instance_10_446.mat,10,Lazy KRON,Optimal,-95.96722130542916,-95.96722130542916,-95.9669948133996,-95.9672178501058,3.4553233660972182e-06,3.6005245531702605e-08,-3.4553233660972182e-06,3.6005245531702605e-08,0.0381372501142323,-8.867112910593278e-08,9.239730805972224e-10,2.3879791947074355e-06,2.3879791947074355e-06,1.9999977504719004,2.236941943351064e-06,894076.7356151371,1.0000000074831963,1.0000000054037421,0.9999975927759008,0.9999967688794711,0.0,0.00022640335843959747,2.360097817648181e-06,,,,,,6.820898306528166e-07,6.820898306528166e-07,5.24684713545313e-08,5.24684713545313e-08,3,4,4,,,,
instance_10_446.mat,10,Full SEP,Optimal,-95.96721844749551,-95.96721844749551,-95.96721844682365,-95.9672178501058,5.97389714585006e-07,6.224935183589207e-09,-5.97389714585006e-07,6.224935183589207e-09,0.4229640420526266,-3.581135388230905e-12,3.731623617068963e-14,4.771060821041079e-12,4.771060821041079e-12,1.9999999999939457,3.9124761293522525e-12,511185227429.1229,1.0000000000004976,0.9999999999997781,0.9999999999929633,0.999999999988356,0.0,6.682796538370894e-10,7.000940530467715e-12,3.1299677522988365e-13,3.1323754469198916e-13,3.1299677522988365e-13,3.1323754469198916e-13,,,,,,0,0,0,2025,,,
instance_10_446.mat,10,Gurobi,OPTIMAL,-95.96721217832396,-95.96730751798772,-95.96721217832396,-95.9672178501058,8.96678819231056e-05,9.343586294353274e-07,-8.96678819231056e-05,9.343586294353274e-07,0.25179370772093534,,,,,,,,,,0.9999999990998258,0.9999998989079577,0.0,,9.934598169333772e-07,,,,,,,,,,,,,,5.0,9.934608038967655e-07,10
instance_10_452.mat,10,Lazy KRON,Optimal,-69.2670595094178,-69.2670595094178,-64.32159592845508,-69.26535534777057,0.0017041616472397436,2.4602771639353904e-05,-0.0017041616472397436,2.4602771639353904e-05,0.24567816592752934,-5.647346768000716e-08,8.153004917485897e-10,0.048653710273789987,0.048653710273789987,1.9560653848474359,0.03821973599933164,51.17945830085383,1.0000000033091803,1.0000000060317564,0.9434083878507039,0.905002047473476,0.0,4.945463524489256,0.0713970481205474,,,,,,7.330890441680289e-07,7.330890441680289e-07,5.7014334907035554e-08,5.7014334907035554e-08,19,20,20,,,,
instance_10_452.mat,10,Full SEP,Optimal,-69.26535535448689,-69.26535535448689,-69.26535405900911,-69.26535534777057,6.716319944644056e-09,9.696506876015016e-11,-6.716319944644056e-09,9.696506876015016e-11,0.48500525020062923,-4.6464805336654535e-09,6.708231712499925e-11,1.2185795286862694e-08,1.2185795286862694e-08,1.99999998833197,1.005810169344263e-08,198844677.58323303,1.0000000002205907,1.000000000498086,0.9999999854362778,0.9999999750332754,0.0,1.2908312925219434e-06,1.8703113070388516e-08,7.55663771958912e-15,7.703446404172296e-15,7.55663771958912e-15,7.703446404172296e-15,,,,,,0,0,0,2025,,,
instance_10_452.mat,10,Gurobi,OPTIMAL,-69.26535534556018,-69.26542215603409,-69.26535534556018,-69.26535534777057,6.680826352578606e-05,9.645254651778085e-07,-6.680826352578606e-05,9.645254651778085e-07,0.6026632082648575,,,,,,,,,,0.9999999999664998,0.9999999999634436,0.0,,9.645573769845267e-07,,,,,,,,,,,,,,5.0,9.645583073563577e-07,2
instance_10_461.mat,10,Lazy KRON,Optimal,-85.68874243446339,-85.68874243446339,-85.68868520990422,-85.68874145914049,9.753229051057133e-07,1.1382159165793119e-08,-9.753229051057133e-07,1.1382159165793119e-08,0.06484166579321027,-4.190235358692007e-08,4.890065182012433e-10,6.195905719274685e-07,6.195905719274685e-07,1.9999993822476154,5.928396545659528e-07,3373592.449229655,1.0000000213416909,1.0000000280897847,0.9999993284164972,0.9999991431952835,0.0,5.7182656817644784e-05,6.678188703142457e-07,,,,,,1.526494234091036e-07,1.526494234091036e-07,1.1742264714511943e-08,1.1742264714511943e-08,3,4,4,,,,
instance_10_461.mat,10,Full SEP,Optimal,-85.68874145923479,-85.68874145923479,-85.68874145851487,-85.68874145914049,9.43032318900805e-11,1.1005323486393359e-12,-9.43032318900805e-11,1.1005323486393359e-12,0.411060415674001,1.0231815394945443e-12,1.1940676477099485e-14,6.4954488981521245e-12,6.4954488981521245e-12,1.999999999993294,3.911051870977086e-12,511371381912.56976,1.000000000000907,1.0000000000003562,0.9999999999915499,0.999999999988915,0.0,7.209450814116281e-10,8.401592643470276e-12,5.241546068147103e-13,5.241583226880608e-13,5.241546068147103e-13,5.241583226880608e-13,,,,,,0,0,0,2025,,,
instance_10_461.mat,10,Gurobi,OPTIMAL,-85.68874145722813,-85.68882560657023,-85.68874145722813,-85.68874145914049,8.414742974593992e-05,9.820117051468595e-07,-8.414742974593992e-05,9.820117051468595e-07,2.8140360829420388,,,,,,,,,,0.9999999999834921,0.99999999994495,0.0,,9.820340225809647e-07,,,,,,,,,,,,,,5.0,9.820349863093618e-07,1
instance_10_506.mat,10,Lazy KRON,Optimal,-79.63487346228021,-79.63487346228021,-79.63480893420905,-79.6348722637268,1.1985534058567282e-06,1.5050609786231832e-08,-1.1985534058567282e-06,1.5050609786231832e-08,0.1282915840856731,-1.7131831953065557e-07,2.151297692609533e-09,5.890116588848996e-07,5.890116588848996e-07,1.999999413543343,4.7623007690335453e-07,4199649.519299933,1.000000021901125,1.0000000343212534,0.9999992851301347,0.9999988337402106,0.0,6.435675284421905e-05,8.10299161137162e-07,,,,,,1.388185506030276e-09,1.388185506030276e-09,1.0678351514100218e-10,1.0678351514100218e-10,10,11,11,,,,
instance_10_506.mat,10,Full SEP,Optimal,-79.63487259939049,-79.63487259939049,-79.6348725853271,-79.6348722637268,3.3566368529136525e-07,4.2150338706504615e-09,-3.3566368529136525e-07,4.2150338706504615e-09,0.46621812507510185,-2.114575181622058e-11,2.6553381861481657e-13,1.1376510965874507e-10,1.1376510965874507e-10,1.9999999998678186,9.577842277733451e-11,20881529909.063282,1.0000000000047296,1.0000000000089202,0.99999999983992,0.9999999997489061,0.0,1.4042242924006132e-08,1.7659836974398563e-10,5.670828745710417e-13,6.567436072365945e-13,5.670828745710417e-13,6.567436072365945e-13,,,,,,0,0,0,2025,,,
instance_10_506.mat,10,Gurobi,OPTIMAL,-79.63487259708721,-79.63495054806216,-79.63487259708721,-79.6348722637268,7.828433535905788e-05,9.83039919285325e-07,-7.828433535905788e-05,9.83039919285325e-07,1.7225173749029636,,,,,,,,,,0.9999999999796216,0.9999999999438576,0.0,,9.788538125335065e-07,,,,,,,,,,,,,,5.0,9.788547706892306e-07,2
instance_10_538.mat,10,Lazy KRON,Optimal,-78.77442241736283,-78.77442241736283,-78.77428086192157,-78.77442027500996,2.142352869327624e-06,2.7196046680951907e-08,-2.142352869327624e-06,2.7196046680951907e-08,0.046680249739438295,-1.6063003727140313e-07,2.039114122860244e-09,1.7567541061828738e-06,1.7567541061828738e-06,1.999998275296335,1.664324588316692e-06,1201687.6331311944,1.000000018663458,1.000000025012667,0.9999981544709055,0.9999979659229162,0.0,0.00014139481122299458,1.796972125168708e-06,,,,,,5.584073423447414e-07,5.584073423447414e-07,4.295442387447681e-08,4.295442387447681e-08,3,4,4,,,,
instance_10_538.mat,10,Full SEP,Optimal,-78.77442029319279,-78.77442029319279,-78.7744136554041,-78.77442027500996,1.818283124066511e-08,2.308215176067295e-10,-1.818283124066511e-08,2.308215176067295e-10,0.3826970001682639,-6.226713367141201e-09,7.904486436035729e-11,5.9081307986863244e-08,5.9081307986863244e-08,1.9999999343900459,4.2357256702115055e-08,47217409.48559066,1.0000000022022957,1.000000002821059,0.9999999141702473,0.9999998956158225,0.0,6.63156197333592e-06,8.426325020225708e-08,1.6129108924219244e-14,1.6130935402922315e-14,1.6129108924219244e-14,1.6130935402922315e-14,,,,,,0,0,0,2025,,,
instance_10_538.mat,10,Gurobi,OPTIMAL,-78.77442027451568,-78.77449473172885,-78.77442027451568,-78.77442027500996,7.445671889172445e-05,9.451881493533048e-07,-7.445671889172445e-05,9.451881493533048e-07,1.4157676668837667,,,,,,,,,,0.9999999999828907,0.9999999999270872,0.0,,9.45194423997787e-07,,,,,,,,,,,,,,5.0,9.451953175715301e-07,2
instance_10_551.mat,10,Lazy KRON,Optimal,-75.02819607104595,-75.02819607104595,-75.02818013827138,-75.02819536869818,7.023477763823394e-07,9.361117728557272e-09,-7.023477763823394e-07,9.361117728557272e-09,0.04500612523406744,-7.111503919077222e-08,9.478441827847192e-10,2.163883174906768e-07,2.163883174906768e-07,1.9999998055831552,1.9771454395580797e-07,10115592.740765614,1.0000000196661756,1.0000000233169057,0.9999997845018029,0.9999997546250259,0.0,1.5861659534266437e-05,2.123571591454777e-07,,,,,,6.27978206346372e-08,6.27978206346372e-08,4.83060175894553e-09,4.83060175894553e-09,3,4,4,,,,
instance_10_551.mat,10,Full SEP,Optimal,-75.02819536878006,-75.02819536878006,-75.02819536709862,-75.02819536869818,8.188294486899395e-11,1.0913623134145942e-12,-8.188294486899395e-11,1.0913623134145942e-12,0.38281454099342227,-1.254818471352337e-11,1.672462552490605e-13,1.7936819836271777e-11,1.7936819836271777e-11,1.9999999999843536,1.0706696412064258e-11,186798982899.22208,1.0000000000046894,1.0000000000067721,0.9999999999771053,0.9999999999749516,0.0,1.668894356043893e-09,2.241080879651652e-11,3.135799285218021e-16,3.137009471391913e-16,3.135799285218021e-16,3.137009471391913e-16,,,,,,0,0,0,2025,,,
instance_10_551.mat,10,Gurobi,OPTIMAL,-75.0281953667022,-75.02824291105212,-75.0281953667022,-75.02819536869818,4.7542353939888926e-05,6.336594340380807e-07,-4.7542353939888926e-05,6.336594340380807e-07,0.13675358286127448,,,,,,,,,,0.9999999999816628,0.9999999999294522,0.0,,6.33686036971999e-07,,,,,,,,,,,,,,5.0,6.336864389090609e-07,1
instance_10_582.mat,10,Lazy KRON,Optimal,-80.45461439801058,-80.45461439801058,-80.45447892807681,-80.45461262344662,1.7745639553368164e-06,2.2056708227548185e-08,-1.7745639553368164e-06,2.2056708227548185e-08,0.07215087534859776,-4.857557627246933e-07,6.03763707475683e-09,1.4849957253469136e-06,1.4849957253469136e-06,1.9999984792656391,1.4540409316876877e-06,1375476.051382037,1.0000000216434715,1.00000003391042,0.9999983841224986,0.9999979949923581,0.0,0.0001349841780040606,1.6838056434726396e-06,,,,,,4.4873206452098195e-07,4.4873206452098195e-07,3.451786071393637e-08,3.451786071393637e-08,3,4,4,,,,
instance_10_582.mat,10,Full SEP,Optimal,-80.45461264752545,-80.45461264752545,-80.45461230297252,-80.45461262344662,2.407882959687413e-08,2.992846376921153e-10,-2.407882959687413e-08,2.992846376921153e-10,0.493302958086133,-1.6469385855089058e-09,2.0470406000513644e-11,4.188677364317339e-09,4.188677364317339e-09,1.9999999967133664,2.7677014502083646e-09,722621291.6002185,1.0000000000911635,1.0000000001402336,0.9999999951650507,0.9999999964432515,0.0,3.429059916015831e-07,4.282575216620466e-09,4.5176957022852946e-15,4.531550808906116e-15,4.5176957022852946e-15,4.531550808906116e-15,,,,,,0,0,0,2025,,,
instance_10_582.mat,10,Gurobi,OPTIMAL,-80.45461264380914,-80.45468892244656,-80.45461264380914,-80.45461262344662,7.629899994299194e-05,9.483474607246265e-07,-7.629899994299194e-05,9.483474607246265e-07,0.36956966714933515,,,,,,,,,,0.9999999999813658,0.9999999999573383,0.0,,9.480943677000768e-07,,,,,,,,,,,,,,5.0,9.480952662305948e-07,1
instance_10_592.mat,10,Lazy KRON,Optimal,-69.59891696829291,-69.59891696829291,-52.79054940162977,-69.56483961304986,0.03407735524305622,0.0004896247919860706,-0.03407735524305622,0.0004896247919860706,0.24506191723048687,1.8525442158079386e-07,2.661742878343782e-09,0.1664582081051664,0.1664582081051664,1.8142878848092283,0.15685907084267842,11.566356188791056,1.0000000158217708,1.0000000267305427,0.7905093150194055,0.6823330107538138,0.0,16.808367751917565,0.24150329198830076,,,,,,9.57151345788681e-07,9.57151345788681e-07,7.663856618522765e-08,7.663856618522765e-08,20,21,21,,,,
instance_10_592.mat,10,Full SEP,Optimal,-69.56483967828802,-69.56483967828802,-69.56483464654693,-69.56483961304986,6.523816864500986e-08,9.378037661944247e-10,-6.523816864500986e-08,9.378037661944247e-10,0.45200770860537887,1.560808016165538e-08,2.2436737055439285e-10,4.798850170660783e-08,4.798850170660783e-08,1.9999999523986614,3.879986384499801e-08,51546571.41036583,1.00000000120117,1.0000000021019437,0.9999999394125547,0.9999999009162954,0.0,5.047349176834359e-06,7.233167099849102e-08,1.7711833327376514e-14,1.7711935512091183e-14,1.7711833327376514e-14,1.7711935512091183e-14,,,,,,0,0,0,2025,,,
instance_10_592.mat,10,Gurobi,OPTIMAL,-69.56483968507145,-69.56488045954129,-69.56483968507145,-69.56483961304986,4.0846491430102105e-05,5.871711582090376e-07,-4.0846491430102105e-05,5.871711582090376e-07,0.20870141685009003,,,,,,,,,,0.9999999999726699,0.9999999999641915,0.0,,5.861358428060663e-07,,,,,,,,,,,,,,5.0,5.861361859529294e-07,2
instance_10_602.mat,10,Lazy KRON,Optimal,-59.00992583820961,-59.00992583820961,-59.00992272915183,-59.009925857883765,0.0,0.0,1.9674153861615196e-08,3.3340414473655395e-10,0.050185542088001966,4.6024503319586074e-08,7.799451137385548e-10,3.778056245481173e-08,3.778056245481173e-08,1.9999999591836968,3.5930827545111045e-08,55662507.540988386,1.0000000009734809,1.0000000015922157,0.9999999536483342,0.9999999289078774,0.0,3.155082282546573e-06,5.268703078446907e-08,,,,,,9.920342105407706e-10,9.920342105407706e-10,7.631032456026464e-11,7.631032456026464e-11,4,5,5,,,,
instance_10_602.mat,10,Full SEP,Optimal,-59.00992586523803,-59.00992586523803,-59.009925829245056,-59.009925857883765,7.3542665290915465e-09,1.246276185109368e-10,-7.3542665290915465e-09,1.246276185109368e-10,0.4840263328514993,1.008530148283171e-09,1.7090856046597455e-11,4.06742904169026e-10,4.06742904169026e-10,1.9999999995768323,3.0836443362702366e-10,6485832286.339138,1.0000000000176013,1.000000000037329,0.9999999994450526,0.9999999991771565,0.0,3.700150585927986e-08,6.099478212054436e-10,4.835711985201764e-15,4.835716296856511e-15,4.835711985201764e-15,4.835716296856511e-15,,,,,,0,0,0,2025,,,
instance_10_602.mat,10,Gurobi,OPTIMAL,-59.00992586401679,-59.00998263694385,-59.00992586401679,-59.009925857883765,5.677906008827449e-05,9.621941500577114e-07,-5.677906008827449e-05,9.621941500577114e-07,0.23703216714784503,,,,,,,,,,0.9999999999648582,0.999999999960776,0.0,,9.62090218010397e-07,,,,,,,,,,,,,,5.0,9.62091143749286e-07,1
instance_10_607.mat,10,Lazy KRON,Optimal,-57.50854017843416,-57.50854017843416,-39.55516140323279,-57.31904694781505,0.1894932306191066,0.0032950450495032218,-0.1894932306191066,0.0032950450495032218,0.21366566698998213,2.711005464561822e-07,4.714091952517438e-09,0.2446824537270206,0.2446824537270206,1.7299789351399077,0.22692791052443362,7.623473600677422,1.000000020604005,1.0000000281225574,0.6975956380454288,0.5299917514659208,0.0,17.95337904630192,0.31218630692931293,,,,,,9.232747413371009e-07,9.232747413371009e-07,7.534907179537847e-08,7.534907179537847e-08,19,20,20,,,,
instance_10_607.mat,10,Full SEP,Optimal,-57.319046992088225,-57.319046992088225,-57.31904696029489,-57.31904694781505,4.4273171795339294e-08,7.723989514593699e-10,-4.4273171795339294e-08,7.723989514593699e-10,0.4562287498265505,2.574296331658843e-11,4.4911708528827676e-13,4.815724340824553e-10,4.815724340824553e-10,1.9999999995555524,4.319551586353589e-10,4630110231.520307,1.0000000000023075,1.0000000000024838,0.9999999994984947,0.9999999990400337,0.0,3.181907715088528e-08,5.546731122720365e-10,6.960132798707085e-14,6.964316034262274e-14,6.960132798707085e-14,6.964316034262274e-14,,,,,,0,0,0,2025,,,
instance_10_607.mat,10,Gurobi,OPTIMAL,-57.319046990419736,-57.31910349834444,-57.319046990419736,-57.31904694781505,5.655052938635663e-05,9.865913096144287e-07,-5.655052938635663e-05,9.865913096144287e-07,0.453923000022769,,,,,,,,,,1.0000000000000002,0.9999999999005729,2.220446049250313e-16,,9.85848020207436e-07,,,,,,,,,,,,,,5.0,9.857149859959947e-07,1
instance_10_631.mat,10,Lazy KRON,Optimal,-94.05123148254123,-94.05123148254123,-94.05079080722253,-94.05122733112582,4.151415410547088e-06,4.413993676752353e-08,-4.151415410547088e-06,4.413993676752353e-08,0.028746915981173515,-5.083231116032039e-07,5.404747004270371e-09,4.668269145853163e-06,4.668269145853163e-06,1.9999956906949887,4.25395075420673e-06,470150.1748033152,1.0000000226115415,0.9999999755630028,0.9999952262165261,0.9999929626624254,0.0,0.00044016699558824257,4.685481643923488e-06,,,,,,1.0800135673305781e-06,1.0800135673305781e-06,8.307804154114268e-08,8.307804154114268e-08,3,4,4,,,,
instance_10_631.mat,10,Full SEP,Optimal,-94.05122733921525,-94.05122733921525,-94.0512273388761,-94.05122733112582,8.089429570645734e-09,8.601088789059105e-11,-8.089429570645734e-09,8.601088789059105e-11,0.46082241693511605,-1.4210854715202004e-12,1.510969619136134e-14,3.1796660623018107e-12,3.1796660623018107e-12,1.9999999999969948,2.9819774083911438e-12,670695892721.7521,1.0000000000000542,0.999999999998582,0.9999999999963451,0.9999999999929181,0.0,3.377209623067756e-10,3.6059289960683843e-12,4.0065140667362686e-14,4.007558308749808e-14,4.0065140667362686e-14,4.007558308749808e-14,,,,,,0,0,0,2025,,,
instance_10_631.mat,10,Gurobi,OPTIMAL,-94.0512273372149,-94.05131865960225,-94.0512273372149,-94.05122733112582,9.132847642945308e-05,9.710493986798432e-07,-9.132847642945308e-05,9.710493986798432e-07,0.4405989581719041,,,,,,,,,,0.9999999999887191,0.9999999994936294,0.0,,9.709846565653677e-07,,,,,,,,,,,,,,5.0,9.709855995285836e-07,1
instance_10_650.mat,10,Lazy KRON,Optimal,-70.8436281399245,-70.8436281399245,-70.84357735881926,-70.84362753230808,6.076164282831087e-07,8.576867733016082e-09,-6.076164282831087e-07,8.576867733016082e-09,0.028636083006858826,-7.288426218110544e-08,1.0288047647298701e-09,6.969837361707875e-07,6.969837361707875e-07,1.999999320347807,6.640315563789423e-07,3011904.029462222,1.0000000099485247,1.000000012346564,0.9999992780709428,0.9999991740973422,0.0,5.070822098218741e-05,7.168055416934584e-07,,,,,,2.230350757627668e-07,2.230350757627668e-07,1.7156546349535018e-08,1.7156546349535018e-08,3,4,4,,,,
instance_10_650.mat,10,Full SEP,Optimal,-70.84362753437868,-70.84362753437868,-70.84362753421996,-70.84362753230808,2.070606797133223e-09,2.922784827934465e-11,-2.070606797133223e-09,2.922784827934465e-11,0.4261897918768227,-1.8474111129762605e-13,2.6077308253021867e-15,1.5931376112964498e-12,1.5931376112964498e-12,1.9999999999983684,8.658475593204252e-13,2309875426071.654,1.0000000000001115,1.0000000000000573,0.9999999999977994,0.999999999997131,0.0,1.5853629520279355e-10,2.2404419682923173e-12,1.3809921137948514e-14,1.3821207238772006e-14,1.3809921137948514e-14,1.3821207238772006e-14,,,,,,0,0,0,2025,,,
instance_10_650.mat,10,Gurobi,OPTIMAL,-70.84362753222887,-70.84367306878305,-70.84362753222887,-70.84362753230808,4.553647497118618e-05,6.427740544589525e-07,-4.553647497118618e-05,6.427740544589525e-07,0.326406457927078,,,,,,,,,,0.9999999999790764,0.9999999999321075,0.0,,6.427751725729738e-07,,,,,,,,,,,,,,5.0,6.427755855325671e-07,2
instance_10_660.mat,10,Lazy KRON,Optimal,-98.64424363923091,-98.64424363923091,-98.64398905083338,-98.64424066273565,2.9764952529376387e-06,3.0174038982178214e-08,-2.9764952529376387e-06,3.0174038982178214e-08,0.04902495816349983,7.163320958625263e-08,7.261772906712626e-10,2.538475789598452e-06,2.538475789598452e-06,1.9999975370622396,2.41276170948173e-06,828924.600884787,1.000000022307895,1.0000000156755817,0.9999973962502333,0.9999961255893473,0.0,0.0002546600307340441,2.5808743433175636e-06,,,,,,6.251254963824951e-07,6.251254963824951e-07,4.808660063361905e-08,4.808660063361905e-08,3,4,4,,,,
instance_10_660.mat,10,Full SEP,Optimal,-98.64424068778257,-98.64424068778257,-98.64424068765675,-98.64424066273565,2.5046915652637836e-08,2.5391158650522194e-10,-2.5046915652637836e-08,2.5391158650522194e-10,0.5636632917448878,5.542233338928781e-13,5.618405393245838e-15,1.1814432769507525e-12,1.1814432769507525e-12,1.999999999999178,1.0423575820411462e-12,1918727348903.411,1.000000000000031,0.9999999999999251,0.9999999999986737,0.9999999999983096,0.0,1.2637713098229142e-10,1.2755220859435553e-12,1.8549512586522545e-13,1.9218966271481517e-13,1.8549512586522545e-13,1.9218966271481517e-13,,,,,,0,0,0,2025,,,
instance_10_660.mat,10,Gurobi,OPTIMAL,-98.64424068574702,-98.64432972685071,-98.64424068574702,-98.64424066273565,8.906411505904543e-05,9.028812432064448e-07,-8.906411505904543e-05,9.028812432064448e-07,0.46524079237133265,,,,,,,,,,0.9999999999770014,0.9999999999999998,0.0,,9.026479670810172e-07,,,,,,,,,,,,,,5.0,9.021803445778322e-07,1
instance_10_673.mat,10,Lazy KRON,Optimal,-82.96449130486522,-82.96449130486522,-80.85241916411438,-82.96399939538,0.0004919094852198214,5.929156889689441e-06,-0.0004919094852198214,5.929156889689441e-06,0.3138892501592636,-5.040331103600693e-07,6.075287179281622e-09,0.020231313027301863,0.020231313027301863,1.9809274821673784,0.01436024481719815,137.94524448461877,1.000000014195359,1.0000000204514616,0.9751508339351882,0.9578440153951441,0.0,2.1120716367177295,0.025457543432523683,,,,,,1.0052614492152043e-06,1.0052614492152043e-06,7.770162586084516e-08,7.770162586084516e-08,21,22,22,,,,
instance_10_673.mat,10,Full SEP,Optimal,-82.96399940321731,-82.96399940321731,-82.9639993777445,-82.96399939538,7.837314797143335e-09,9.44664535644289e-11,-7.837314797143335e-09,9.44664535644289e-11,0.4341191668063402,-6.204174951562891e-10,7.478153170280139e-12,1.8723476721931228e-10,1.8723476721931228e-10,1.9999999997623397,1.3153413260284253e-10,15205178763.76005,1.0000000000187181,0.9999999999920485,0.999999999707895,0.999999999490685,0.0,2.485239747329615e-08,3.070345589856486e-10,3.4843515041592037e-12,4.163912228535315e-12,3.4843515041592037e-12,4.163912228535315e-12,,,,,,0,0,0,2025,,,
instance_10_673.mat,10,Gurobi,TIME_LIMIT,,-82.97607634364503,-82.96399939775611,-82.96399939538,0.012076948265033138,0.00014554735289020552,-0.012076948265033138,0.00014554735289020552,5.002556791994721,,,,,,,,,,0.9999999999334683,1.0,0.0,,0.00014554732425409912,,,,,,,,,,,,,,5.0,0.00014556821027217608,1
instance_10_675.mat,10,Lazy KRON,Optimal,-51.26166018107505,-51.26166018107505,-51.260897087124874,-51.26165856695438,1.6141206700126531e-06,3.148787347719494e-08,-1.6141206700126531e-06,3.148787347719494e-08,0.14566329214721918,2.135557508609054e-09,4.165993651133184e-11,9.84092551120902e-06,9.84092551120902e-06,1.9999911189635555,8.769197921443073e-06,228070.01699357628,1.0000000016282629,1.0000000022370197,0.9999899618252464,0.9999804384139275,0.0,0.0007630960857341051,1.4886251195943867e-05,,,,,,7.459633885449532e-07,7.459633885449532e-07,5.738192287220788e-08,5.738192287220788e-08,13,14,14,,,,
instance_10_675.mat,10,Full SEP,Optimal,-51.261658580062594,-51.261658580062594,-51.261658578745134,-51.26165856695438,1.3108213181567407e-08,2.557118428209742e-10,-1.3108213181567407e-08,2.557118428209742e-10,0.4812104576267302,6.927791673660977e-12,1.3514567935488983e-13,1.6312769737591303e-11,1.6312769737591303e-11,1.9999999999839977,1.199638891882434e-11,166716835667.57855,1.0000000000005205,1.0000000000012226,0.99999999997859,0.9999999999681101,0.0,1.3243877106106083e-09,2.5700688495657695e-11,6.772763963768208e-16,6.773230596870293e-16,6.772763963768208e-16,6.773230596870293e-16,,,,,,0,0,0,2025,,,
instance_10_675.mat,10,Gurobi,OPTIMAL,-51.26165857806321,-51.26170055641265,-51.26165857806321,-51.26165856695438,4.19894582677216e-05,8.191194949046395e-07,-4.19894582677216e-05,8.191194949046395e-07,0.17894987482577562,,,,,,,,,,0.9999999999341883,0.999999999967877,0.0,,8.189027866981678e-07,,,,,,,,,,,,,,5.0,8.189034575777132e-07,1
instance_10_686.mat,10,Lazy KRON,Optimal,-83.66645085437307,-83.66645085437307,-83.66642037163857,-83.66645069951554,1.548575312426692e-07,1.8508916018465857e-09,-1.548575312426692e-07,1.8508916018465857e-09,0.04994491674005985,-9.570351267029764e-08,1.1438696358337927e-09,3.0143353584195364e-07,3.0143353584195364e-07,1.9999996918436258,2.89263050428226e-07,6914120.862940564,1.0000000065326398,1.0000000083245313,0.9999996632328635,0.9999994080274385,0.0,3.038703098923179e-05,3.6433641191448747e-07,,,,,,2.5700854973649665e-08,2.5700854973649665e-08,1.9769889809060376e-09,1.9769889809060376e-09,4,5,5,,,,
instance_10_686.mat,10,Full SEP,Optimal,-83.66645069977501,-83.66645069977501,-83.66645065867036,-83.66645069951554,2.594759962448734e-10,3.1013147333805943e-12,-2.594759962448734e-10,3.1013147333805943e-12,0.4328257921151817,-2.1167068098293385e-10,2.5299349884278413e-12,3.94784391842928e-10,3.94784391842928e-10,1.9999999996151512,2.826095574636547e-10,7076901494.643766,1.0000000000203522,1.0000000000278744,0.9999999994801219,0.9999999994338805,0.0,4.0892984998208703e-08,4.912919734899447e-10,4.763159854706172e-14,4.763916757616252e-14,4.763159854706172e-14,4.763916757616252e-14,,,,,,0,0,0,2025,,,
instance_10_686.mat,10,Gurobi,OPTIMAL,-83.66645069753,-83.66650635355526,-83.66645069753,-83.66645069951554,5.5654039726960036e-05,6.651890003842035e-07,-5.5654039726960036e-05,6.651890003842035e-07,0.2385809998959303,,,,,,,,,,0.9999999999833136,0.9999999999416507,0.0,,6.652127319908803e-07,,,,,,,,,,,,,,5.0,6.652131741594507e-07,1
instance_10_718.mat,10,Lazy KRON,Optimal,-91.11500659844425,-91.11500659844425,-91.11471772423056,-91.11500428873123,2.3097130252835996e-06,2.5349424990581484e-08,-2.3097130252835996e-06,2.5349424990581484e-08,0.03461199998855591,-1.0133234695786086e-07,1.1121367460844926e-09,3.151529352264526e-06,3.151529352264526e-06,1.9999968838434,3.0935046638294716e-06,646514.9082295514,1.0000000125698612,1.0000000075975273,0.9999968033468083,0.9999958662206836,0.0,0.0002887728813476542,3.170435085053755e-06,,,,,,1.102276157289685e-06,1.102276157289685e-06,8.47905219048314e-08,8.47905219048314e-08,3,4,4,,,,
instance_10_718.mat,10,Full SEP,Optimal,-91.11500430387814,-91.11500430387814,-91.1150042334039,-91.11500428873123,1.5146909504437645e-08,1.662394642919744e-10,-1.5146909504437645e-08,1.662394642919744e-10,0.3848428330384195,-4.027356226288248e-11,4.420080158100625e-13,5.607744937260112e-10,5.607744937260112e-10,1.9999999993831454,4.477524222935718e-10,4466754169.945802,1.0000000000109477,1.0000000000149103,0.9999999992200783,0.9999999989018706,0.0,7.043396976769145e-08,7.734647423701514e-10,2.569231479194261e-16,2.5796426480566286e-16,2.569231479194261e-16,2.5796426480566286e-16,,,,,,0,0,0,2025,,,
instance_10_718.mat,10,Gurobi,OPTIMAL,-91.11500430316457,-91.11508490086943,-91.11500430316457,-91.11500428873123,8.061213820553803e-05,8.84728783310049e-07,-8.061213820553803e-05,8.84728783310049e-07,0.23707416700199246,,,,,,,,,,1.0,0.9999999998824703,0.0,,8.845703755132245e-07,,,,,,,,,,,,,,5.0,8.844576518106682e-07,4
instance_10_721.mat,10,Lazy KRON,Optimal,-67.49526370215966,-67.49526370215966,-67.49521028531731,-67.4952627400914,9.62068256171733e-07,1.4253863210567018e-08,-9.62068256171733e-07,1.4253863210567018e-08,0.032113749999552965,1.8637157950252004e-07,2.7612541870335215e-09,7.804147583482446e-07,7.804147583482446e-07,1.9999992475190567,7.315426485510049e-07,2733947.571587977,1.000000012993318,1.0000000248336829,0.9999991776609518,0.999999098111749,0.0,5.3603213927999604e-05,7.914161589798766e-07,,,,,,2.2552551855495497e-07,2.2552551855495497e-07,1.7348119119876314e-08,1.7348119119876314e-08,3,4,4,,,,
instance_10_721.mat,10,Full SEP,Optimal,-67.4952627396758,-67.4952627396758,-67.49526271326096,-67.4952627400914,0.0,0.0,4.156106570007978e-10,6.157627070824482e-12,0.43424337496981025,4.659170826926129e-10,6.9029597601482106e-12,2.7424930988831944e-10,2.7424930988831944e-10,1.9999999996910764,2.0043100427609876e-10,9978496125.958767,1.0000000000090647,1.000000000055915,0.9999999996111364,0.9999999995077332,0.0,2.6880755399361078e-08,3.913584041971735e-10,6.869484151087664e-12,6.869551039651034e-12,6.869484151087664e-12,6.869551039651034e-12,,,,,,0,0,0,2025,,,
instance_10_721.mat,10,Gurobi,OPTIMAL,-67.49526273809184,-67.49530885158084,-67.49526273809184,-67.4952627400914,4.6111489439226716e-05,6.831806569049682e-07,-4.6111489439226716e-05,6.831806569049682e-07,0.17286741686984897,,,,,,,,,,0.9999999999683133,0.9999999999659634,0.0,,6.832102821747601e-07,,,,,,,,,,,,,,5.0,6.832107485302764e-07,1
instance_10_730.mat,10,Lazy KRON,Optimal,-73.43694039763307,-73.43694039763307,-58.98421335836742,-73.43404411624243,0.0028962813906332485,3.943902584926588e-05,-0.0028962813906332485,3.943902584926588e-05,0.2717956667765975,-4.679945675434283e-08,6.372740544600796e-10,0.1577957836808823,0.1577957836808823,1.8586545076995369,0.1248184896927315,14.89085881647045,1.0000000142277543,1.0000000202695716,0.819871543930314,0.689227320893363,0.0,14.45272699246619,0.19680459127258887,,,,,,5.291789489177435e-07,5.291789489177435e-07,4.218739760010705e-08,4.218739760010705e-08,21,22,22,,,,
instance_10_730.mat,10,Full SEP,Optimal,-73.43404413746669,-73.43404413746669,-73.43404188692914,-73.43404411624243,2.1224252577667357e-08,2.8902470001428887e-10,-2.1224252577667357e-08,2.8902470001428887e-10,0.45563587499782443,-1.0292637853126507e-09,1.401616644435236e-11,2.3940523892330915e-08,2.3940523892330915e-08,1.9999999792124286,1.7734643150630607e-08,112773624.04336356,1.0000000003798737,1.0000000004879654,0.9999999719194845,0.9999999522490952,0.0,2.2495082845352954e-06,3.064705988557103e-08,2.5860526739239364e-14,2.6369720605933306e-14,2.5860526739239364e-14,2.6369720605933306e-14,,,,,,0,0,0,2025,,,
instance_10_730.mat,10,Gurobi,OPTIMAL,-73.43404413149443,-73.43408103290236,-73.43404413149443,-73.43404411624243,3.6916659922781037e-05,5.027183482590382e-07,-3.6916659922781037e-05,5.027183482590382e-07,0.3437784998677671,,,,,,,,,,1.0000000000000002,0.999999999851084,2.220446049250313e-16,,5.025106517976605e-07,,,,,,,,,,,,,,5.0,5.023665029718679e-07,2
instance_10_737.mat,10,Lazy KRON,Optimal,-41.6750366020713,-41.6750366020713,-41.674854255451756,-41.67503654116997,6.090132842473395e-08,1.461338330815217e-09,-6.090132842473395e-08,1.461338330815217e-09,0.08920962503179908,3.441208917820404e-07,8.257242700656373e-09,3.592031759376248e-06,3.592031759376248e-06,1.9999961436747316,3.254932203035865e-06,614450.9375062686,1.0000000170547838,1.0000000191386476,0.9999954576623961,0.9999937953218805,0.0,0.00018269074043786304,4.375439937514491e-06,,,,,,7.041588121906098e-08,7.041588121906098e-08,5.416610596494463e-09,5.416610596494463e-09,7,8,8,,,,
instance_10_737.mat,10,Full SEP,Optimal,-41.67503656881711,-41.67503656881711,-41.675035513939804,-41.67503654116997,2.7647139688724565e-08,6.63398090678851e-10,-2.7647139688724565e-08,6.63398090678851e-10,0.466535999905318,1.045381026187897e-08,2.508410579224523e-10,1.9186539220313796e-08,1.9186539220313796e-08,1.9999999790535492,1.5931434258291724e-08,125537973.95941442,1.0000000004976088,0.9999999995045792,0.9999999738010893,0.9999999619206044,0.0,1.0653311193209447e-06,2.5311970808163994e-08,4.976164372785458e-13,5.048707678626825e-13,4.976164372785458e-13,5.048707678626825e-13,,,,,,0,0,0,2025,,,
instance_10_737.mat,10,Gurobi,OPTIMAL,-41.675036577770854,-41.6750777042497,-41.675036577770854,-41.67503654116997,4.116307972878985e-05,9.877145285944448e-07,-4.116307972878985e-05,9.877145285944448e-07,0.775956166908145,,,,,,,,,,1.0,0.9999999998008007,0.0,,9.86836284747887e-07,,,,,,,,,,,,,,5.0,9.866556637997037e-07,1
instance_10_739.mat,10,Lazy KRON,Optimal,-45.390307350467964,-45.390307350467964,-40.70109681330205,-45.36545089153282,0.02485645893514743,0.0005476160084844891,-0.02485645893514743,0.0005476160084844891,0.2637961246073246,4.7388866164510546e-09,1.0440305195250452e-10,0.08235197124723645,0.08235197124723645,1.916262222851358,0.07228187917827612,26.510962977665347,1.0000000002518223,1.0000000003749654,0.9006924490293251,0.8422672025617769,0.0,4.689210541904799,0.10330863153138724,,,,,,1.0451451044405824e-06,1.0451451044405824e-06,8.195655832092846e-08,8.195655832092846e-08,19,20,20,,,,
instance_10_739.mat,10,Full SEP,Optimal,-45.36545102366944,-45.36545102366944,-45.3654506971599,-45.36545089153282,1.3213662697353357e-07,2.912714940375909e-09,-1.3213662697353357e-07,2.912714940375909e-09,0.5264269579201937,8.42220515551162e-10,1.856524065222526e-11,5.9310083833891674e-09,5.9310083833891674e-09,1.9999999938606883,5.699723687298223e-09,350894201.8220406,1.0000000000392113,1.0000000000361835,0.9999999933029692,0.9999999876640182,0.0,3.2735176347387096e-07,7.1973172445252076e-09,3.3391389553758307e-12,3.3466080612545185e-12,3.3391389553758307e-12,3.3466080612545185e-12,,,,,,0,0,0,2025,,,
instance_10_739.mat,10,Gurobi,OPTIMAL,-45.36545102355129,-45.36547692896531,-45.36545102355129,-45.36545089153282,2.603743249096624e-05,5.739481705821471e-07,-2.603743249096624e-05,5.739481705821471e-07,0.27394312527030706,,,,,,,,,,1.0,0.9999999998932783,0.0,,5.710380618439822e-07,,,,,,,,,,,,,,5.0,5.70939446817535e-07,2
instance_10_747.mat,10,Lazy KRON,Optimal,-78.02101401662902,-78.02101401662902,-77.598116156013,-78.02091992676782,9.408986120718055e-05,1.2059553748830626e-06,-9.408986120718055e-05,1.2059553748830626e-06,0.15283179190009832,5.340764630545891e-07,6.845289948945788e-09,0.004531820456977817,0.004531820456977817,1.995384858538763,0.0040023298124394445,498.5558292415096,1.0000000227815824,1.0000000195077565,0.9944979863241199,0.991480078774029,0.0,0.42289839469248136,0.005420307156298736,,,,,,6.701190341337172e-07,6.701190341337172e-07,5.1601432582570804e-08,5.1601432582570804e-08,13,14,14,,,,
instance_10_747.mat,10,Full SEP,Optimal,-78.0209200384834,-78.0209200384834,-78.02092003777827,-78.02091992676782,1.1171557900979678e-07,1.431866978173209e-09,-1.1171557900979678e-07,1.431866978173209e-09,0.5337433749809861,1.0231815394945443e-12,1.3114194744048975e-14,7.2585050829101544e-12,7.2585050829101544e-12,1.9999999999931894,6.076076534803266e-12,329159777454.63776,1.0000000000001064,1.0000000000000289,0.9999999999907754,0.9999999999862462,0.0,7.061515816531028e-10,9.037683736180084e-12,8.206675501936296e-14,8.207038341735392e-14,8.206675501936296e-14,8.207038341735392e-14,,,,,,0,0,0,2025,,,
instance_10_747.mat,10,Gurobi,OPTIMAL,-78.02092003648382,-78.02093511558692,-78.02092003648382,-78.02091992676782,1.518881910556047e-05,1.946761991901077e-07,-1.518881910556047e-05,1.946761991901077e-07,0.22627016715705395,,,,,,,,,,0.9999999999851235,0.9999999998389267,0.0,,1.932699612630438e-07,,,,,,,,,,,,,,5.0,1.932699987984706e-07,1
instance_10_754.mat,10,Lazy KRON,Optimal,-77.7112400761205,-77.7112400761205,-75.24885204898177,-77.71073271665668,0.0005073594638247414,6.528778376561325e-06,-0.0005073594638247414,6.528778376561325e-06,0.26674237521365285,-1.4599881126287073e-07,1.8787348023253843e-09,0.023898791786957325,0.023898791786957325,1.973178383103014,0.02174632021560432,90.73619644794606,1.0000000395763091,1.000000051757174,0.9683737204237131,0.9556325063966278,0.0,2.462387881139918,0.03168638185064022,,,,,,7.419410960703974e-07,7.419410960703974e-07,5.7394108791645104e-08,5.7394108791645104e-08,18,19,19,,,,
instance_10_754.mat,10,Full SEP,Optimal,-77.71073295577402,-77.71073295577402,-77.71073292620827,-77.71073271665668,2.391173410387637e-07,3.0770182179963205e-09,-2.391173410387637e-07,3.0770182179963205e-09,0.4290478746406734,-2.6403768060845323e-11,3.3976990122937045e-13,3.0205836972161905e-10,3.0205836972161905e-10,1.9999999997060627,2.546999402504121e-10,7852377184.461577,1.000000000006175,1.0000000000086025,0.9999999996395216,0.9999999993826958,0.0,2.95393505211905e-08,3.804590841535045e-10,2.5947574057422022e-15,2.717458809422131e-15,2.5947574057422022e-15,2.717458809422131e-15,,,,,,0,0,0,2025,,,
instance_10_754.mat,10,Gurobi,TIME_LIMIT,,-77.71081330982494,-77.7107329538532,-77.71073271665668,8.05931682634764e-05,1.0370907835201751e-06,-8.05931682634764e-05,1.0370907835201751e-06,5.002043500076979,,,,,,,,,,1.0,0.9999999998585669,0.0,,1.0340384860785738e-06,,,,,,,,,,,,,,5.0,1.0339078286925119e-06,3
instance_10_762.mat,10,Lazy KRON,Optimal,-65.74703710392437,-65.74703710392437,-65.74695064393619,-65.7470370281374,7.57869713652326e-08,1.1527055013207426e-09,-7.57869713652326e-08,1.1527055013207426e-09,0.050939499866217375,6.830863696904999e-08,1.0389614494882343e-09,8.88761467623195e-07,8.88761467623195e-07,1.999999079528515,8.617491262220836e-07,2320860.0028369394,1.0000000058316294,1.0000000096549402,0.9999990045033003,0.999998258540974,0.0,8.652829681921048e-05,1.3150400685825084e-06,,,,,,7.894092329698515e-08,7.894092329698515e-08,6.072379959036471e-09,6.072379959036471e-09,4,5,5,,,,
instance_10_762.mat,10,Full SEP,Optimal,-65.74703708238296,-65.74703708238296,-65.74703685770326,-65.7470370281374,5.424556093203137e-08,8.250647229024191e-10,-5.424556093203137e-08,8.250647229024191e-10,0.5285745412111282,1.0657856819307199e-09,1.6210398661695724e-11,2.5688317296411204e-09,2.5688317296411204e-09,1.99999999748355,1.7547888878772983e-09,1139738239.3405023,1.00000000006164,1.000000000121025,0.9999999965536975,0.9999999961402402,0.0,2.257454809750925e-07,3.417335674178466e-09,6.970466492480961e-14,7.01860527106109e-14,6.970466492480961e-14,7.01860527106109e-14,,,,,,0,0,0,2025,,,
instance_10_762.mat,10,Gurobi,OPTIMAL,-65.74703708088528,-65.74709135492266,-65.74703708088528,-65.7470370281374,5.432678526062773e-05,8.262994474897046e-07,-5.432678526062773e-05,8.262994474897046e-07,0.22394537506625056,,,,,,,,,,0.9999999999630357,0.9999999999707353,0.0,,8.254971628887198e-07,,,,,,,,,,,,,,5.0,8.254978443348483e-07,1
instance_10_769.mat,10,Lazy KRON,Optimal,-54.104983419241336,-54.104983419241336,-54.104971551840244,-54.10498336825066,5.099067834635207e-08,9.424395891824314e-10,-5.099067834635207e-08,9.424395891824314e-10,0.06141075026243925,-1.3931277464962477e-08,2.57486031499422e-10,1.797610954791405e-07,1.797610954791405e-07,1.9999998030196555,1.6000367772750937e-07,12499711.453043658,1.0000000187280855,1.0000000206754138,0.9999997637981488,0.9999996731160696,0.0,1.185346981458224e-05,2.1934025928980885e-07,,,,,,0.0,0.0,0.0,0.0,4,5,5,,,,
instance_10_769.mat,10,Full SEP,Optimal,-54.104983367180175,-54.104983367180175,-54.10498265881159,-54.10498336825066,0.0,0.0,1.0704823694140941e-09,1.9785282293280658e-11,0.4164644591510296,5.607105890703679e-10,1.0363381599531038e-11,1.120206405283881e-08,1.120206405283881e-08,1.9999999888257687,8.76479067676507e-09,228185710.59861678,1.0000000006597134,1.0000000001314386,0.9999999855190131,0.9999999828504422,0.0,7.08929292159155e-07,1.3092483122354635e-08,7.45817519146314e-15,7.494153623329106e-15,7.45817519146314e-15,7.494153623329106e-15,,,,,,0,0,0,2025,,,
instance_10_769.mat,10,Gurobi,OPTIMAL,-54.10498336772203,-54.10503355539478,-54.10498336772203,-54.10498336825066,5.018714412585723e-05,9.2758733943809e-07,-5.018714412585723e-05,9.2758733943809e-07,0.382874249946326,,,,,,,,,,1.0000000000000004,0.9999999998846163,4.440892098500626e-16,,9.275971098707063e-07,,,,,,,,,,,,,,5.0,9.27495349581996e-07,1
instance_10_804.mat,10,Lazy KRON,Optimal,-64.60055247104007,-64.60055247104007,-64.60044291008384,-64.60055233494674,1.360933339356052e-07,2.1066899388610455e-09,-1.360933339356052e-07,2.1066899388610455e-09,0.08953912509605289,3.5682319321495015e-09,5.5235316040820425e-11,1.380409269830479e-06,1.380409269830479e-06,1.9999985174015922,1.1623383521134133e-06,1720668.094419417,1.0000000022370603,1.0000000022897217,0.9999982131330254,0.9999981863773528,0.0,0.00010956452446464482,1.6959755302685375e-06,,,,,,7.377837740395931e-08,7.377837740395931e-08,5.675261326450995e-09,5.675261326450995e-09,6,7,7,,,,
instance_10_804.mat,10,Full SEP,Optimal,-64.6005524574976,-64.6005524574976,-64.60055201216763,-64.60055233494674,1.2255085835022328e-07,1.8970558871126175e-09,-1.2255085835022328e-07,1.8970558871126175e-09,0.38273441698402166,3.4914648949779803e-10,5.404698198633993e-12,5.064340271522493e-09,5.064340271522493e-09,1.999999994586533,3.6839187848503056e-09,542900132.0038064,1.0000000000974427,1.0000000001397809,0.9999999930329004,0.9999999908692481,0.0,4.456791202755994e-07,6.893593891152803e-09,1.129270421232945e-16,1.1895897795633582e-16,1.129270421232945e-16,1.1895897795633582e-16,,,,,,0,0,0,2025,,,
instance_10_804.mat,10,Gurobi,OPTIMAL,-64.60055245525092,-64.60060962599873,-64.60055245525092,-64.60055233494674,5.729105198781781e-05,8.86850020758331e-07,-5.729105198781781e-05,8.86850020758331e-07,0.527392250020057,,,,,,,,,,0.999999999980935,0.9999999998853618,0.0,,8.84987744538963e-07,,,,,,,,,,,,,,5.0,8.849885279629447e-07,3
instance_10_805.mat,10,Lazy KRON,Optimal,-88.8232879683588,-88.8232879683588,-88.82251434194595,-88.82328699985702,9.685017801075446e-07,1.0903692063871251e-08,-9.685017801075446e-07,1.0903692063871251e-08,0.1400864589959383,-5.044909840989931e-07,5.679715259794324e-09,6.667752801806408e-06,6.667752801806408e-06,1.9999924889541896,6.072791231477617e-06,329336.6119005471,1.000000018147234,1.0000000245153753,0.9999911932468798,0.9999878873505038,0.0,0.0007731219218669594,8.709725011830732e-06,,,,,,4.514536981766809e-09,4.514536981766809e-09,3.4727261524488113e-10,3.4727261524488113e-10,11,12,12,,,,
instance_10_805.mat,10,Full SEP,Optimal,-88.82328700885601,-88.82328700885601,-88.82328698071838,-88.82328699985702,8.998995326692238e-09,1.0131346890815924e-10,-8.998995326692238e-09,1.0131346890815924e-10,0.4250514581799507,-2.779358965199208e-10,3.129088169099276e-12,2.3162012903754613e-10,2.3162012903754613e-10,1.9999999997429145,2.0527741459119848e-10,9742913041.485018,1.0000000000114513,1.0000000000166145,0.9999999996966766,0.9999999995065154,0.0,2.78596985481272e-08,3.1678217945077504e-10,2.575808966929556e-15,2.699115471445803e-15,2.575808966929556e-15,2.699115471445803e-15,,,,,,0,0,0,2025,,,
instance_10_805.mat,10,Gurobi,OPTIMAL,-88.82328700708558,-88.82337392040813,-88.82328700708558,-88.82328699985702,8.692055111225727e-05,9.785774540623067e-07,-8.692055111225727e-05,9.785774540623067e-07,2.2078459160402417,,,,,,,,,,1.0000000000000002,0.9999999999377749,2.220446049250313e-16,,9.784960727310796e-07,,,,,,,,,,,,,,5.0,9.783984631728539e-07,1
instance_10_811.mat,10,Lazy KRON,Optimal,-70.50529932383857,-70.50529932383857,-55.813179772258195,-70.44513793472599,0.0601613891125794,0.0008532888972820545,-0.0601613891125794,0.0008532888972820545,0.29047037521377206,-2.787076880395034e-08,3.9530034013382235e-10,0.15304366656168675,0.15304366656168675,1.8320696961738836,0.1433287642089521,12.782289070064104,1.0000000112048348,1.0000000193883316,0.8101640507460803,0.7077124772988719,0.0,14.692119523709607,0.20838319519924112,,,,,,8.52203894686262e-07,8.52203894686262e-07,6.800216639385882e-08,6.800216639385882e-08,22,23,23,,,,
instance_10_811.mat,10,Full SEP,Optimal,-70.44513795615975,-70.44513795615975,-70.4451379392294,-70.44513793472599,2.143376320873358e-08,3.04261782013579e-10,-2.143376320873358e-08,3.04261782013579e-10,0.4728974997997284,-1.4352963262354024e-12,2.037466839980685e-14,1.727048833962839e-10,1.727048833962839e-10,1.9999999998160352,1.6027059017212566e-10,12478895832.779408,1.0000000000020801,1.000000000003229,0.9999999997911707,0.9999999996391291,0.0,1.6928922264014545e-08,2.403339400211989e-10,3.863082492619262e-14,4.076608299547311e-14,3.863082492619262e-14,4.076608299547311e-14,,,,,,0,0,0,2025,,,
instance_10_811.mat,10,Gurobi,OPTIMAL,-70.4451379553238,-70.44518763765929,-70.4451379553238,-70.44513793472599,4.97029332962029e-05,7.055547009378993e-07,-4.97029332962029e-05,7.055547009378993e-07,0.7158735413104296,,,,,,,,,,0.9999999999816159,0.9999999999999999,0.0,,7.052623060934699e-07,,,,,,,,,,,,,,5.0,7.051257774935192e-07,3
instance_10_820.mat,10,Lazy KRON,Optimal,-93.55480758925621,-93.55480758925621,-93.55452812637682,-93.55480445095327,3.1383029437392906e-06,3.3545074001089513e-08,-3.1383029437392906e-06,3.3545074001089513e-08,0.030596999917179346,-8.076199264905881e-09,8.632586045565602e-11,2.966462596404322e-06,2.966462596404322e-06,1.999997328194974,2.6697654574383012e-06,749128.475920134,1.0000000018712425,1.000000001826085,0.999997029352188,0.9999956855508185,0.0,0.0002794548031914701,2.98715679709044e-06,,,,,,7.435526703790918e-07,7.435526703790918e-07,5.7196391028372084e-08,5.7196391028372084e-08,3,4,4,,,,
instance_10_820.mat,10,Full SEP,Optimal,-93.55480478397801,-93.55480478397801,-93.55480467275834,-93.55480445095327,3.3302474378160696e-07,3.559675470977414e-09,-3.3302474378160696e-07,3.559675470977414e-09,0.5153152500279248,2.2382096176443156e-11,2.3924047758022005e-13,9.56074352637767e-10,9.56074352637767e-10,1.9999999990894208,6.95428715110668e-10,2875923808.770462,1.0000000000389633,0.9999999999830679,0.9999999987904447,0.9999999984081738,0.0,1.1124205911983154e-07,1.1888184394213211e-09,9.115449333677549e-12,9.118573259939987e-12,9.115449333677549e-12,9.118573259939987e-12,,,,,,0,0,0,2025,,,
instance_10_820.mat,10,Gurobi,OPTIMAL,-93.55480478293468,-93.55489250870735,-93.55480478293468,-93.55480445095327,8.80577540840477e-05,9.412415719023137e-07,-8.80577540840477e-05,9.412415719023137e-07,0.6021842090412974,,,,,,,,,,1.0000000000000002,0.999999999887539,2.220446049250313e-16,,9.376930518586481e-07,,,,,,,,,,,,,,5.0,9.375868647617319e-07,1
instance_10_841.mat,10,Lazy KRON,Optimal,-62.630362304911884,-62.630362304911884,-62.63018957185268,-62.630361555356544,7.495553404623934e-07,1.196792279139679e-08,-7.495553404623934e-07,1.196792279139679e-08,0.0947303338907659,-2.9246722732523267e-07,4.66973551743761e-09,2.3903068415192566e-06,2.3903068415192566e-06,1.9999982060690484,1.6568242699971973e-06,1207127.5404919265,1.000000013552606,1.0000000267377402,0.9999974562432081,0.9999968629342334,0.0,0.00017244059197452088,2.7579763687284186e-06,,,,,,2.805376887158841e-07,2.805376887158841e-07,2.1579830946475698e-08,2.1579830946475698e-08,8,9,9,,,,
instance_10_841.mat,10,Full SEP,Optimal,-62.6303615558199,-62.6303615558199,-62.63036155551515,-62.630361555356544,4.6335912884387653e-10,7.398314768323719e-12,-4.6335912884387653e-10,7.398314768323719e-12,0.5605940828099847,-3.154809746774845e-12,5.037189101907213e-14,2.7232197695708983e-12,2.7232197695708983e-12,1.9999999999960556,2.5085824220326107e-12,797263020911.8384,0.9999999999996311,1.0000000000005675,0.9999999999957709,0.9999999999943971,0.0,3.015969696207321e-10,4.8658792923603685e-12,8.100992559761494e-14,1.1074159112238632e-13,8.100992559761494e-14,1.1074159112238632e-13,,,,,,0,0,0,2025,,,
instance_10_841.mat,10,Gurobi,TIME_LIMIT,,-62.630852048752985,-62.630361553576655,-62.630361555356544,0.0004904933964411384,7.831498061998733e-06,-0.0004904933964411384,7.831498061998733e-06,5.00267979176715,,,,,,,,,,0.999999999939736,0.9999999999718295,0.0,,7.831526480712172e-06,,,,,,,,,,,,,,5.0,7.831587814226427e-06,2
instance_10_856.mat,10,Lazy KRON,Optimal,-78.31113417559865,-78.31113417559865,-60.91312467920195,-78.19994789231106,0.11118628328759428,0.0014198017237022644,-0.11118628328759428,0.0014198017237022644,0.22281304094940424,-2.7007743597096123e-08,3.4487744152110106e-10,0.1716715512368118,0.1716715512368118,1.8225817556593558,0.15379202145840196,11.85095129367509,1.00000001056239,1.0000000160622495,0.793592753702992,0.6673818217101486,0.0,17.39800946938896,0.222165209067012,,,,,,1.009520275601494e-06,1.009520275601494e-06,8.088480198418346e-08,8.088480198418346e-08,22,23,23,,,,
instance_10_856.mat,10,Full SEP,Optimal,-78.19994809323988,-78.19994809323988,-78.19993126986472,-78.19994789231106,2.009288238014051e-07,2.5694240047555056e-09,-2.009288238014051e-07,2.5694240047555056e-09,0.4915397078730166,-7.150759984142496e-10,9.14420042276301e-12,1.8094077534951534e-07,1.8094077534951534e-07,1.99999982881561,1.6673951128863698e-07,11994756.451897474,1.0000000004104972,1.0000000006454326,0.9999998108613141,0.9999996327932881,0.0,1.6822660086290853e-05,2.1513281750814345e-07,4.327643100021386e-15,4.359952230778648e-15,4.327643100021386e-15,4.359952230778648e-15,,,,,,0,0,0,2025,,,
instance_10_856.mat,10,Gurobi,OPTIMAL,-78.19994808342041,-78.20001772785756,-78.19994808342041,-78.19994789231106,6.983554649764301e-05,8.93037476547338e-07,-6.983554649764301e-05,8.93037476547338e-07,1.1629580003209412,,,,,,,,,,0.9999999999775407,0.9999999999032412,0.0,,8.905936235135452e-07,,,,,,,,,,,,,,5.0,8.905944163078043e-07,2
instance_10_869.mat,10,Lazy KRON,Optimal,-83.26497201563198,-83.26497201563198,-83.26494338197229,-83.26497176749712,2.4813486732000456e-07,2.9800630602916706e-09,-2.4813486732000456e-07,2.9800630602916706e-09,0.053178582806140184,4.182919610684621e-08,5.023624591982484e-10,3.0006875531448004e-07,3.0006875531448004e-07,1.9999996978101722,2.644447775766824e-07,7563014.53988904,1.0000000107983273,1.0000000119783505,0.9999996447843014,0.9999996551751922,0.0,2.8675488891849454e-05,3.438860183651655e-07,,,,,,4.645957827645492e-08,4.645957827645492e-08,3.573813902856512e-09,3.573813902856512e-09,3,4,4,,,,
instance_10_869.mat,10,Full SEP,Optimal,-83.26497177056478,-83.26497177056478,-83.2649685212827,-83.26497176749712,3.067668785661226e-09,3.684224855217792e-11,-3.067668785661226e-09,3.684224855217792e-11,0.4135528332553804,8.919812444219133e-09,1.0712562863526244e-10,3.129067535305355e-08,3.129067535305355e-08,1.9999999744100556,1.7314985728576377e-08,115506879.74921559,1.0000000011170058,1.0000000010775913,0.9999999609723799,0.9999999502002885,0.0,3.2582019002802554e-06,3.9023397459250665e-08,2.4959353371891384e-17,3.152475724512858e-17,2.4959353371891384e-17,3.152475724512858e-17,,,,,,0,0,0,2025,,,
instance_10_869.mat,10,Gurobi,OPTIMAL,-83.26497177060962,-83.26504334191632,-83.26497177060962,-83.26497176749712,7.157441920924157e-05,8.595974533434297e-07,-7.157441920924157e-05,8.595974533434297e-07,0.23969499999657273,,,,,,,,,,0.9999999999811289,0.9999999998841046,0.0,,8.595600726623256e-07,,,,,,,,,,,,,,5.0,8.595608113358087e-07,3
instance_10_879.mat,10,Lazy KRON,Optimal,-90.73153374185678,-90.73153374185678,-63.48349667859116,-90.66729976384217,0.06423397801461306,0.0007079564883953932,-0.06423397801461306,0.0007079564883953932,0.23190300026908517,7.770374566007376e-08,8.564138889258855e-10,0.23597475997765494,0.23597475997765494,1.7393332217322968,0.22303842079648414,7.798356962540486,1.000000009342783,1.0000000126193291,0.7089376698431549,0.5432373757067005,0.0,27.248037140969366,0.3003149615081995,,,,,,7.843386629269718e-07,7.843386629269718e-07,6.388944458323529e-08,6.388944458323529e-08,19,20,20,,,,
instance_10_879.mat,10,Full SEP,Optimal,-90.66732526415694,-90.66732526415694,-90.66730414589124,-90.66729976384217,2.5500314777104904e-05,2.8125142881198256e-07,-2.5500314777104904e-05,2.8125142881198256e-07,0.45539916725829244,1.1245987252550549e-08,1.2403572312060217e-10,1.7664075909822715e-07,1.7664075909822715e-07,1.9999998162889003,1.521436587373114e-07,13145469.439130982,1.0000000011725088,1.0000000007997,0.9999997753322659,0.9999996278093124,0.0,2.1129511694084613e-05,2.3292035631694807e-07,1.501904214627825e-13,1.5019776486348905e-13,1.501904214627825e-13,1.5019776486348905e-13,,,,,,0,0,0,2025,,,
instance_10_879.mat,10,Gurobi,OPTIMAL,-90.66732526827701,-90.66741453419672,-90.66732526827701,-90.66729976384217,0.00011477035455698115,1.265839057467483e-06,-0.00011477035455698115,1.265839057467483e-06,0.18231795821338892,,,,,,,,,,0.9999999999869644,0.999999999904315,0.0,,9.845424640223491e-07,,,,,,,,,,,,,,5.0,9.845434335039032e-07,1
instance_10_885.mat,10,Lazy KRON,Optimal,-68.87765742714726,-68.87765742714726,-67.00005253386459,-68.87719587641372,0.0004615507335330449,6.70102251983864e-06,-0.0004615507335330449,6.70102251983864e-06,0.29436754202470183,2.737465223390245e-07,3.974387814053775e-09,0.019647708194372848,0.019647708194372848,1.9778390231395149,0.01779955080133033,111.11735600606798,1.0000000165095442,1.0000000281505887,0.9739299156172854,0.9636507410271304,0.0,1.8776051670291878,0.027259999300478985,,,,,,5.456542322796994e-07,5.456542322796994e-07,4.216777801362165e-08,4.216777801362165e-08,21,22,22,,,,
instance_10_885.mat,10,Full SEP,Optimal,-68.87719630962977,-68.87719630962977,-68.87719164454857,-68.87719587641372,4.332160443709654e-07,6.289687553823923e-09,-4.332160443709654e-07,6.289687553823923e-09,0.4158074171282351,1.8804215073942032e-08,2.730107507484738e-10,4.6846000184402065e-08,4.6846000184402065e-08,1.9999999496624417,3.978195290867151e-08,50274051.50908239,1.0000000010693029,1.0000000017944433,0.9999999391098215,0.9999999040414104,0.0,4.683885407530397e-06,6.773041648625043e-08,8.769531950991177e-14,8.864208792949547e-14,8.769531950991177e-14,8.864208792949547e-14,,,,,,0,0,0,2025,,,
instance_10_885.mat,10,Gurobi,OPTIMAL,-68.87719631798043,-68.87725277415836,-68.87719631798043,-68.87719587641372,5.6897744642014914e-05,8.260745362271771e-07,-5.6897744642014914e-05,8.260745362271771e-07,0.32462833262979984,,,,,,,,,,0.9999999999714025,0.9999999999623099,0.0,,8.196636139807324e-07,,,,,,,,,,,,,,5.0,8.196642856234014e-07,1
instance_10_887.mat,10,Lazy KRON,Optimal,-47.09854104331185,-47.09854104331185,-47.09853213332302,-47.09854097672836,6.658348894461597e-08,1.413705976229407e-09,-6.658348894461597e-08,1.413705976229407e-09,0.07800983311608434,-8.827072406347725e-09,1.8741710912510736e-10,1.2793219243805309e-07,1.2793219243805309e-07,1.999999864333333,1.1298590204687432e-07,17701322.272079535,1.000000000601912,1.000000001203815,0.9999998390933621,0.9999997847119539,0.0,8.901161756114107e-06,1.8917759724928259e-07,,,,,,2.7480326777410657e-09,2.7480326777410657e-09,2.1138713500704214e-10,2.1138713500704214e-10,7,8,8,,,,
instance_10_887.mat,10,Full SEP,Optimal,-47.0985410281856,-47.0985410281856,-47.09853982559682,-47.09854097672836,5.1457242022934224e-08,1.0925442890500622e-09,-5.1457242022934224e-08,1.0925442890500622e-09,0.4956966247409582,-3.3196627668985457e-09,7.04833460746041e-11,1.716215783055177e-08,1.716215783055177e-08,1.9999999823611911,1.165953763191005e-08,171533387.129139,1.0000000001258975,1.0000000005750538,0.9999999764203892,0.9999999715322605,0.0,1.1992691142381773e-06,2.553346135043546e-08,1.7671089613051238e-14,2.098394412984071e-14,1.7671089613051238e-14,2.098394412984071e-14,,,,,,0,0,0,2025,,,
instance_10_887.mat,10,Gurobi,OPTIMAL,-47.09854102177926,-47.098586402885786,-47.09854102177926,-47.09854097672836,4.5426157427641556e-05,9.644908880929437e-07,-4.5426157427641556e-05,9.644908880929437e-07,3.669885624665767,,,,,,,,,,0.9999999998594198,1.0000000000000004,4.440892098500626e-16,,9.635343646196737e-07,,,,,,,,,,,,,,5.0,9.634286558548892e-07,1
instance_10_900.mat,10,Lazy KRON,Optimal,-82.4423571516495,-82.4423571516495,-82.44234892527493,-82.44235665645245,4.951970566935415e-07,6.00658537434399e-09,-4.951970566935415e-07,6.00658537434399e-09,0.08395820809528232,-8.749611879466102e-08,1.0613005476507097e-09,7.257481435541755e-08,7.257481435541755e-08,1.9999999198881417,6.600124935089755e-08,30302455.477093842,1.000000002437005,1.000000003049216,0.9999999052229402,0.9999998675452106,0.0,8.138878456520615e-06,9.97833499615153e-08,,,,,,1.3122597327848516e-09,1.3122597327848516e-09,1.0094305805804803e-10,1.0094305805804803e-10,6,7,7,,,,
instance_10_900.mat,10,Full SEP,Optimal,-82.4423570350144,-82.4423570350144,-82.44235642471897,-82.44235665645245,3.785619497875814e-07,4.591838023587814e-09,-3.785619497875814e-07,4.591838023587814e-09,0.3808067087084055,-3.5996663427795283e-09,4.366282663717027e-11,5.31042877492807e-09,5.31042877492807e-09,1.9999999943198887,4.6799979009572404e-09,427350617.8092113,1.0000000001166205,1.000000000148792,0.9999999931702226,0.9999999895315372,0.0,6.066957638495296e-07,7.402692646610144e-09,2.0576497481097046e-17,2.579000391044015e-17,2.0576497481097046e-17,2.579000391044015e-17,,,,,,0,0,0,2025,,,
instance_10_900.mat,10,Gurobi,OPTIMAL,-82.44235702888042,-82.44243595143315,-82.44235702888042,-82.44235665645245,7.929498070780028e-05,9.6182238907294e-07,-7.929498070780028e-05,9.6182238907294e-07,0.5809112079441547,,,,,,,,,,0.9999999999788047,0.9999999999545802,0.0,,9.573049585511429e-07,,,,,,,,,,,,,,5.0,9.573058751571773e-07,2
instance_10_913.mat,10,Lazy KRON,Optimal,-57.101077348543484,-57.101077348543484,-33.69256891267419,-57.05684624430815,0.044231104235336716,0.0007746106779273395,-0.044231104235336716,0.0007746106779273395,0.18853295827284455,1.7200657964622224e-07,3.0123175889711954e-09,0.26401110601899785,0.26401110601899785,1.7307605082924908,0.2318503668064412,7.464989303801297,1.0000000086252967,1.0000000133749785,0.6860532015342811,0.4864519008306002,0.0,23.408508607875874,0.40994863009299054,,,,,,4.522455264468089e-07,4.522455264468089e-07,3.7037449574220824e-08,3.7037449574220824e-08,22,23,23,,,,
instance_10_913.mat,10,Full SEP,Optimal,-57.05684625891882,-57.05684625891882,-57.0568451391196,-57.05684624430815,1.4610670007186854e-08,2.5607216250412705e-10,-1.4610670007186854e-08,2.5607216250412705e-10,0.4817015831358731,3.6054359497939004e-09,6.319024247209104e-11,1.2327822685956868e-08,1.2327822685956868e-08,1.9999999884753463,1.0063396416494787e-08,198740058.09779802,1.000000000007934,1.0000000002541332,0.9999999855857002,0.9999999750060277,0.0,1.1234046510821827e-06,1.962602717386168e-08,1.996215951470867e-15,2.128233700253769e-15,1.996215951470867e-15,2.128233700253769e-15,,,,,,0,0,0,2025,,,
instance_10_913.mat,10,Gurobi,OPTIMAL,-57.056846258822674,-57.05690286941632,-57.056846258822674,-57.05684624430815,5.662510817217026e-05,9.924322093290923e-07,-5.662510817217026e-05,9.924322093290923e-07,3.6487345420755446,,,,,,,,,,0.9999999999524787,0.9999999999663827,0.0,,9.92177822467211e-07,,,,,,,,,,,,,,5.0,9.921788071340841e-07,2
instance_10_928.mat,10,Lazy KRON,Optimal,-58.080420649112426,-58.080420649112426,-54.12946886816755,-58.067391292620414,0.013029356492012312,0.00022433302559442505,-0.013029356492012312,0.00022433302559442505,0.23190924990922213,2.419726996549798e-08,4.1661664456054107e-10,0.05351438974388231,0.05351438974388231,1.9440996803239048,0.04816029066188241,40.36727464900057,1.0000000015667287,1.0000000022317925,0.9345469677155296,0.8986514334094619,0.0,3.9509518051421466,0.06802553660577275,,,,,,1.2707744449754734e-06,1.2707744449754734e-06,9.898236060779384e-08,9.898236060779384e-08,19,20,20,,,,
instance_10_928.mat,10,Full SEP,Optimal,-58.06739129264066,-58.06739129264066,-58.06739129221284,-58.067391292620414,2.0243362541805254e-11,3.486184257836783e-13,-2.0243362541805254e-11,3.486184257836783e-13,0.5723504591733217,2.4513724383723456e-12,4.221599048626501e-14,5.270229935399393e-12,5.270229935399393e-12,1.9999999999932059,4.198701465896664e-12,476337747810.34375,0.9999999999995309,1.0000000000023157,0.9999999999920546,0.9999999999912188,0.0,4.3026915363952867e-10,7.367608078776859e-12,2.8039604954436196e-13,2.8125927111482893e-13,2.8039604954436196e-13,2.8125927111482893e-13,,,,,,0,0,0,2025,,,
instance_10_928.mat,10,Gurobi,OPTIMAL,-58.06739129064257,-58.06742075763481,-58.06739129064257,-58.067391292620414,2.946501439282656e-05,5.074276420130551e-07,-2.946501439282656e-05,5.074276420130551e-07,0.40123958280310035,,,,,,,,,,0.999999999974647,0.9999999999245017,0.0,,5.07461703202913e-07,,,,,,,,,,,,,,5.0,5.074619607204238e-07,1
instance_10_941.mat,10,Lazy KRON,Optimal,-44.21864094158267,-44.21864094158267,-44.21852245681231,-44.21863640123413,4.540348541581807e-06,1.0267951354678833e-07,-4.540348541581807e-06,1.0267951354678833e-07,0.0564882499165833,3.2309230846294668e-09,7.306699201582983e-11,2.4742126017652488e-06,2.4742126017652488e-06,1.9999976027283168,2.395432069461255e-06,834921.4441209876,0.9999999990926819,1.0000000007982939,0.9999975234700386,0.9999968264746306,0.0,0.00011848800128433368,2.6795208499912853e-06,,,,,,8.402324621943765e-07,8.402324621943765e-07,6.46332947383563e-08,6.46332947383563e-08,3,4,4,,,,
instance_10_941.mat,10,Full SEP,Optimal,-44.218636401198694,-44.218636401198694,-44.21863639670063,-44.21863640123413,0.0,0.0,3.5434766232356196e-11,8.013536625332758e-13,0.42456079088151455,7.45075112718041e-11,1.6849798486726815e-12,1.473614949697405e-10,1.473614949697405e-10,1.9999999997843976,1.094966903735863e-10,18265392250.31092,0.9999999999052315,1.0000000000120912,0.9999999997428242,0.999999999884349,0.0,4.572569878291688e-09,1.0172322651943987e-10,5.356507031095441e-15,5.553335770909892e-15,5.356507031095441e-15,5.553335770909892e-15,,,,,,0,0,0,2025,,,
instance_10_941.mat,10,Gurobi,OPTIMAL,-44.218636399262685,-44.2186754736532,-44.218636399262685,-44.21863640123413,3.907241907086245e-05,8.836180336098706e-07,-3.907241907086245e-05,8.836180336098706e-07,0.42387512512505054,,,,,,,,,,0.999999999592287,0.9999999999705835,0.0,,8.8366261756522e-07,,,,,,,,,,,,,,5.0,8.836633982648431e-07,1
instance_10_952.mat,10,Lazy KRON,Optimal,-92.96585514524023,-92.96585514524023,-92.96572188399598,-92.96585319647369,1.948766538362179e-06,2.0962175148258763e-08,-1.948766538362179e-06,2.0962175148258763e-08,0.04018616722896695,-3.2224785684320523e-07,3.466303368476077e-09,1.4024803943618535e-06,1.4024803943618535e-06,1.999998595816841,1.3738036948803293e-06,1455811.0472916283,1.0000000225443613,0.9999999334170877,0.9999985307273334,0.9999980507786916,0.0,0.00013293899638711082,1.4334428918634744e-06,,,,,,4.434136165454957e-07,4.434136165454957e-07,3.4108748738156534e-08,3.4108748738156534e-08,3,4,4,,,,
instance_10_952.mat,10,Full SEP,Optimal,-92.96585321073492,-92.96585321073492,-92.96584555842432,-92.96585319647369,1.4261232195167395e-08,1.5340290765513704e-10,-1.4261232195167395e-08,1.5340290765513704e-10,0.45751612493768334,-1.5612187098668073e-08,1.6793464007992676e-10,6.5627667662052e-08,6.5627667662052e-08,1.9999999320874913,5.457242735516774e-08,36648542.66186679,1.0000000015689743,0.9999999727156905,0.9999999147215914,0.9999998771176295,0.0,7.636698413193699e-06,8.231313257509847e-08,2.512164142392074e-14,2.5125629386151633e-14,2.512164142392074e-14,2.5125629386151633e-14,,,,,,0,0,0,2025,,,
instance_10_952.mat,10,Gurobi,OPTIMAL,-92.96585319450807,-92.96593173091853,-92.96585319450807,-92.96585319647369,7.853444483885141e-05,8.447658553690642e-07,-7.853444483885141e-05,8.447658553690642e-07,0.21405016584321856,,,,,,,,,,0.999999999988525,0.9999999994139649,0.0,,8.447869987811282e-07,,,,,,,,,,,,,,5.0,8.447877127525267e-07,1
instance_10_968.mat,10,Lazy KRON,Optimal,-93.61742513513757,-93.61742513513757,-93.61739184024192,-93.61742507423412,6.090344584208651e-08,6.505567286663979e-10,-6.090344584208651e-08,6.505567286663979e-10,0.07193204201757908,4.9222421694139484e-09,5.257826908087516e-11,2.750940437468156e-07,2.750940437468156e-07,1.9999996946588106,2.5476562883366774e-07,7850351.335911867,1.0000000020827937,1.0000000018696171,0.9999996435886491,0.9999994978651614,0.0,3.3299817886245364e-05,3.5564848740514364e-07,,,,,,4.2189643208612665e-09,4.2189643208612665e-09,3.245357377046878e-10,3.245357377046878e-10,5,6,6,,,,
instance_10_968.mat,10,Full SEP,Optimal,-93.61742509883445,-93.61742509883445,-93.61742479340197,-93.61742507423412,2.4600325332357897e-08,2.627750689189183e-10,-2.4600325332357897e-08,2.627750689189183e-10,0.5013262080028653,3.4513902846811106e-10,3.6866964467751435e-12,2.5471005947644557e-09,2.5471005947644557e-09,1.9999999976324867,1.540898145309061e-09,1297944321.4472444,1.0000000000564246,1.0000000000238962,0.9999999966250999,0.9999999962848739,0.0,3.0577761833683326e-07,3.2625601375589194e-09,2.6990588856476082e-11,2.6995114719694302e-11,2.6990588856476082e-11,2.6995114719694302e-11,,,,,,0,0,0,2025,,,
instance_10_968.mat,10,Gurobi,OPTIMAL,-93.61742509855227,-93.61747433618095,-93.61742509855227,-93.61742507423412,4.9261946827527936e-05,5.262046127267648e-07,-4.9261946827527936e-05,5.262046127267648e-07,0.19907658267766237,,,,,,,,,,1.0,0.9999999998855017,0.0,,5.259448518779108e-07,,,,,,,,,,,,,,5.0,5.258352399287008e-07,1
instance_10_974.mat,10,Lazy KRON,Optimal,-67.37242940542608,-67.37242940542608,-67.37180456705258,-67.37242256211788,6.84330819922252e-06,1.0157431251353049e-07,-6.84330819922252e-06,1.0157431251353049e-07,0.1438557500950992,-2.242475432012725e-07,3.3284764284188324e-09,6.94483697568352e-06,6.94483697568352e-06,1.9999940442855633,5.596379271569038e-06,357372.85613325343,1.000000018655545,1.0000000287424955,0.999992531876769,0.9999875838972863,0.0,0.0006246141259538263,9.274392789622396e-06,,,,,,8.375677214399657e-07,8.375677214399657e-07,6.442837966422034e-08,6.442837966422034e-08,11,12,12,,,,
instance_10_974.mat,10,Full SEP,Optimal,-67.37242257098745,-67.37242257098745,-67.37242252762779,-67.37242256211788,8.869577072800894e-09,1.3164996499057754e-10,-8.869577072800894e-09,1.3164996499057754e-10,0.4194330829195678,-1.7929835394170368e-10,2.6613018665431638e-12,4.239294287377558e-10,4.239294287377558e-10,1.99999999955976,3.519492934327473e-10,5682636780.010848,1.0000000000121794,1.0000000000270477,0.9999999994681109,0.9999999991442834,0.0,4.318036417316762e-08,6.435817634644663e-10,4.171624666521419e-14,4.594002174209127e-14,4.171624666521419e-14,4.594002174209127e-14,,,,,,0,0,0,2025,,,
instance_10_974.mat,10,Gurobi,OPTIMAL,-67.37242256059545,-67.37248940813136,-67.37242256059545,-67.37242256211788,6.684601348183605e-05,9.921855948782595e-07,-6.684601348183605e-05,9.921855948782595e-07,2.1104612918570638,,,,,,,,,,0.9999999996643303,0.9999999999999999,0.0,,9.922081919811701e-07,,,,,,,,,,,,,,5.0,9.91475382647886e-07,1
instance_10_990.mat,10,Lazy KRON,Optimal,-99.98998258546521,-99.98998258546521,-99.98986068391554,-99.98998185921069,7.262545267394671e-07,7.2632728595458044e-09,-7.262545267394671e-07,7.2632728595458044e-09,0.06762875011190772,-2.188674841363536e-08,2.1888941119604585e-10,1.031042922973268e-06,1.031042922973268e-06,1.9999988923664815,9.74152286871728e-07,2053065.9521305752,1.000000004611567,0.9999999945785822,0.9999987463976237,0.9999980647173424,0.0,0.00012187966292742658,1.2191376228278303e-06,,,,,,4.18081724582151e-08,4.18081724582151e-08,3.2160140384908476e-09,3.2160140384908476e-09,5,6,6,,,,
instance_10_990.mat,10,Full SEP,Optimal,-99.98998250459961,-99.98998250459961,-99.98998245985767,-99.98998185921069,6.453889227486798e-07,6.454535810314712e-09,-6.453889227486798e-07,6.454535810314712e-09,0.5611917497590184,-2.583391278676572e-10,2.5836500957060718e-12,3.670889394419184e-10,3.670889394419184e-10,1.9999999996570061,1.5201541205241678e-10,13156560724.036203,1.000000000016441,0.9999999999933328,0.9999999995372525,0.9999999994242149,0.0,4.448359902653465e-08,4.4746420625030256e-10,3.8349640883869674e-12,4.2703958437472675e-12,3.8349640883869674e-12,4.2703958437472675e-12,,,,,,0,0,0,2025,,,
instance_10_990.mat,10,Gurobi,OPTIMAL,-99.98998250386289,-99.99007951956854,-99.98998250386289,-99.98998185921069,9.766035785219174e-05,9.767004719011063e-07,-9.766035785219174e-05,9.767004719011063e-07,3.6080951672047377,,,,,,,,,,1.0000000000000004,0.99999999983858,4.440892098500626e-16,,9.702533102755134e-07,,,,,,,,,,,,,,5.0,9.701002033534669e-07,1
instance_20_10.mat,20,Lazy KRON,Optimal,-339.42216720437784,-339.42216720437784,-339.42200240289657,-339.42216408836447,3.116013374437898e-06,9.1803472946469e-09,-3.116013374437898e-06,9.1803472946469e-09,0.545650000218302,-8.585490718360234e-07,2.5294431383412306e-09,4.612677359382543e-07,4.612677359382543e-07,1.999999539033701,4.526860228713954e-07,4418072.21338019,1.0000000242364906,1.0000000271942422,0.9999995227095387,0.9999993873381396,0.0,0.00016394293220400868,4.855354104689693e-07,,,,,,1.5500831740127894e-07,1.5500831740127894e-07,6.739492381464785e-09,6.739492381464785e-09,3,4,4,,,,
instance_20_10.mat,20,Full SEP,Optimal,-339.42216412325365,-339.42216412325365,-339.4221598014608,-339.42216408836447,3.488918309813016e-08,1.0278993768203342e-10,-3.488918309813016e-08,1.0278993768203342e-10,1560.6589693329297,-5.039510142523795e-09,1.484732193473909e-11,1.0826021457377569e-08,1.0826021457377569e-08,1.9999999904387922,7.37661525612013e-09,271127057.73551893,1.0000000001998655,1.0000000002689806,0.9999999865460802,0.9999999880082595,0.0,4.316753347666236e-06,1.273279506944454e-08,1.5611771848436786e-13,1.5629901901157778e-13,1.5611771848436786e-13,1.5629901901157778e-13,,,,,,0,0,0,36100,,,
instance_20_10.mat,20,Gurobi,TIME_LIMIT,,-339.4244038750258,-339.4221641184369,-339.42216408836447,0.0022397866613346196,6.5987790970954955e-06,-0.0022397866613346196,6.5987790970954955e-06,4682.690734874923,,,,,,,,,,0.9999999999972298,1.0000000000000002,2.220446049250313e-16,,6.598690498744962e-06,,,,,,,,,,,,,,4681.976907998789,6.5986134644072445e-06,1
instance_20_13.mat,20,Lazy KRON,Optimal,-348.88379816010314,-348.88379816010314,-255.0301150638569,-348.6251902722113,0.2586078878918556,0.0007412436153689779,-0.2586078878918556,0.0007412436153689779,2.3102102079428732,-3.8646265920760925e-07,1.1077116829319232e-09,0.20411371116041566,0.20411371116041566,1.772522763005892,0.18672320311893398,9.492782543350424,1.0000000020713693,1.0000000028092615,0.744307522725931,0.6140235166620002,0.0,93.85368270978358,0.2690112971459245,,,,,,9.810738948202768e-07,9.810738948202768e-07,4.385795337117231e-08,4.385795337117231e-08,21,22,22,,,,
instance_20_13.mat,20,Full SEP,Optimal,-348.62519092899635,-348.62519092899635,-348.62519081410346,-348.6251902722113,6.567850618921511e-07,1.8839288696895027e-09,-6.567850618921511e-07,1.8839288696895027e-09,630.7332629170269,-8.856773092702497e-10,2.5404856915535785e-12,2.575793344452247e-10,2.575793344452247e-10,1.9999999997388547,2.3017491980644309e-10,8689043973.25599,1.0000000000049662,1.000000000004448,0.9999999996994732,0.9999999994760347,0.0,1.1400720723031554e-07,3.295599042439413e-10,2.864570306481162e-13,2.9077026733328214e-13,2.864570306481162e-13,2.9077026733328214e-13,,,,,,0,0,0,36100,,,
instance_20_13.mat,20,Gurobi,TIME_LIMIT,,-348.6347761116398,-348.6251908822858,-348.6251902722113,0.009585839428496001,2.7495362153505952e-05,-0.009585839428496001,2.7495362153505952e-05,1892.2126880832948,,,,,,,,,,0.9999999999696467,1.0000000000000002,2.220446049250313e-16,,2.749361225781041e-05,,,,,,,,,,,,,,1892.1997887510806,2.749349553504324e-05,2
instance_20_14.mat,20,Lazy KRON,Optimal,-331.86174439516293,-331.86174439516293,-331.861471804835,-331.8617440567152,3.3844770541691105e-07,1.0198454963037436e-09,-3.3844770541691105e-07,1.0198454963037436e-09,0.6959195001982152,-1.2056960940753925e-07,3.6331276938016544e-10,6.017673020825305e-07,6.017673020825305e-07,1.9999993144773784,5.591416025742712e-07,3576910.223223315,1.0000000130765863,1.0000000174869885,0.9999992191321028,0.9999988733917256,0.0,0.0002724697583289526,8.213972611852916e-07,,,,,,1.1241673285379387e-08,1.1241673285379387e-08,4.887684437260925e-10,4.887684437260925e-10,6,7,7,,,,
instance_20_14.mat,20,Full SEP,Optimal,-331.8617440570914,-331.8617440570914,-331.8617140291234,-331.8617440567152,3.7618974602082744e-10,1.1335737027769916e-12,-3.7618974602082744e-10,1.1335737027769916e-12,1239.9281240841374,1.5566570255032275e-09,4.6906793367403925e-12,6.262836304089686e-08,6.262836304089686e-08,1.9999999316926123,4.1780856617767786e-08,47868811.06793989,1.0000000011911665,1.0000000017161723,0.9999999099250878,0.9999998908588088,0.0,3.002952468023068e-05,9.048336712784632e-08,3.5208885849936184e-13,3.9644064079470167e-13,3.5208885849936184e-13,3.9644064079470167e-13,,,,,,0,0,0,36100,,,
instance_20_14.mat,20,Gurobi,OPTIMAL,-331.86174404673017,-331.86207599187827,-331.86174404673017,-331.8617440567152,0.00033193516304663717,1.0002202332235176e-06,-0.00033193516304663717,1.0002202332235176e-06,1946.1961681661196,,,,,,,,,,1.0000000000000004,0.9999999999811876,4.440892098500626e-16,,1.0002503211993243e-06,,,,,,,,,,,,,,3719.784372252412,9.99974646538236e-07,2
instance_20_23.mat,20,Lazy KRON,Optimal,-276.41015781893867,-276.41015781893867,-180.32507854318987,-276.15195446241876,0.258203356519914,0.0009341312148486563,-0.258203356519914,0.0009341312148486563,1.9083427502773702,6.284088271968358e-07,2.2734650280416697e-09,0.23063349289187732,0.23063349289187732,1.7587746805704425,0.20851330264134763,8.434832014509956,1.000000013062574,1.0000000180773556,0.722690447201697,0.5516658378581415,0.0,96.08507990415762,0.3476177577333787,,,,,,1.0973770740226866e-06,1.0973770740226866e-06,4.923247383632854e-08,4.923247383632854e-08,18,19,19,,,,
instance_20_23.mat,20,Full SEP,Optimal,-276.15195453090917,-276.15195453090917,-276.15195449026817,-276.15195446241876,6.849040801171213e-08,2.480171039457413e-10,-6.849040801171213e-08,2.480171039457413e-10,1368.5514758750796,4.331468517193571e-11,1.5685090929561962e-13,9.310508584581216e-11,9.310508584581216e-11,1.9999999999055893,8.012233079089824e-11,24961829993.752327,0.9999999999993426,1.0000000000032812,0.9999999998860278,0.9999999998063065,0.0,4.068431280757068e-08,1.4716896786566061e-10,2.5250022763763182e-12,2.7172335018163648e-12,2.5250022763763182e-12,2.7172335018163648e-12,,,,,,0,0,0,36100,,,
instance_20_23.mat,20,Gurobi,OPTIMAL,-276.1519545297605,-276.1522297699742,-276.1519545297605,-276.15195446241876,0.00027530755545512875,9.96941272878553e-07,-0.00027530755545512875,9.96941272878553e-07,41.031483250204474,,,,,,,,,,1.0000000000000002,0.9999999999994892,2.220446049250313e-16,,9.96697415654371e-07,,,,,,,,,,,,,,4105.654427625239,9.966136703758213e-07,2
instance_20_29.mat,20,Lazy KRON,Optimal,-311.865641951776,-311.865641951776,-311.8639458937298,-311.8656306391894,1.13125865937036e-05,3.627391117182723e-08,-1.13125865937036e-05,3.627391117182723e-08,0.4388225842267275,1.2157215678598732e-07,3.898222196749269e-10,4.850422891633539e-06,4.850422891633539e-06,1.999995184124968,4.679315667199295e-06,427411.8966036807,1.000000016140714,1.0000000251136973,0.9999949726047445,0.9999932658435032,0.0,0.001696179618363658,5.438425456527637e-06,,,,,,1.4611237899618329e-06,1.4611237899618329e-06,6.352715391959656e-08,6.352715391959656e-08,3,4,4,,,,
instance_20_29.mat,20,Full SEP,Optimal,-311.86563063979713,-311.86563063979713,-311.86563003032734,-311.8656306391894,6.077129910408985e-10,1.9486372698208712e-12,-6.077129910408985e-10,1.9486372698208712e-12,492.9460745421238,5.034621608501766e-10,1.6143560283232116e-12,1.2296659276880455e-09,1.2296659276880455e-09,1.9999999986852743,8.606807823817364e-10,2323741902.486464,1.0000000000249003,1.0000000000398215,0.9999999982516795,0.9999999974080347,0.0,6.099732559050608e-07,1.95427047377383e-09,8.154783215841481e-15,8.15869407370188e-15,8.154783215841481e-15,8.15869407370188e-15,,,,,,0,0,0,36100,,,
instance_20_29.mat,20,Gurobi,OPTIMAL,-311.86563050250174,-311.8659425237355,-311.86563050250174,-311.8656306391894,0.00031188454607899985,1.0000596524106282e-06,-0.00031188454607899985,1.0000596524106282e-06,337.8717482504435,,,,,,,,,,0.9999999997345853,1.0,0.0,,1.0004979422521102e-06,,,,,,,,,,,,,,1478.8382236263715,9.998535098672266e-07,3
instance_20_31.mat,20,Lazy KRON,Optimal,-381.77352131792986,-381.77352131792986,-381.7731581687748,-381.7735177166535,3.601276375775342e-06,9.433017678500295e-09,-3.601276375775342e-06,9.433017678500295e-09,0.4922013753093779,-1.176651380774274e-07,3.08206650034902e-10,9.465266219704974e-07,9.465266219704974e-07,1.9999990746516056,9.163870209801367e-07,2182482.978111665,1.000000015060192,1.0000000119487327,0.99999903799292,0.9999987913075691,0.0,0.00036303148993965806,9.512161917989997e-07,,,,,,3.17521984001084e-07,3.17521984001084e-07,1.3805304962589895e-08,1.3805304962589895e-08,3,4,4,,,,
instance_20_31.mat,20,Full SEP,Optimal,-381.7735177344343,-381.7735177344343,-381.7735123371035,-381.7735177166535,1.778079194991733e-08,4.6574188946981486e-11,-1.778079194991733e-08,4.6574188946981486e-11,714.172827874776,-1.532498572487384e-10,4.014156302882712e-13,1.1322142930087343e-08,1.1322142930087343e-08,1.9999999907226615,6.371096496301678e-09,313917705.0423943,1.000000001134138,0.9999999992822977,0.9999999858291431,0.999999978149187,0.0,5.397177517352247e-06,1.4137520064877671e-08,2.2347526786759996e-16,2.23533298045142e-16,2.2347526786759996e-16,2.23533298045142e-16,,,,,,0,0,0,36100,,,
instance_20_31.mat,20,Gurobi,OPTIMAL,-381.77351772118055,-381.77389918250867,-381.77351772118055,-381.7735177166535,0.00038146585518461507,9.99193124520683e-07,-0.00038146585518461507,9.99193124520683e-07,99.09016499994323,,,,,,,,,,0.9999999999971083,0.9999999999549989,0.0,,9.991812665420963e-07,,,,,,,,,,,,,,2142.518483624328,9.991822650551904e-07,1
instance_20_46.mat,20,Lazy KRON,Optimal,-181.55873196616074,-181.55873196616074,-181.55848980881342,-181.55872764218165,4.3239790841198555e-06,2.3815869593789446e-08,-4.3239790841198555e-06,2.3815869593789446e-08,0.43770079175010324,1.3782607766188448e-07,7.591266813185982e-10,1.2928713535968286e-06,1.2928713535968286e-06,1.9999987293931267,1.262020750789879e-06,1584758.9892173791,1.0000000046223523,1.000000006636759,0.9999986945870395,0.9999984420303221,0.0,0.0002422951733933587,1.333768663689668e-06,,,,,,4.826227610338807e-07,4.826227610338807e-07,2.0983600937193734e-08,2.0983600937193734e-08,3,4,4,,,,
instance_20_46.mat,20,Full SEP,Optimal,-181.55872764265777,-181.55872764265777,-181.55872757732837,-181.55872764218165,4.761204763781279e-10,2.6224047863742683e-12,-4.761204763781279e-10,2.6224047863742683e-12,2106.974322000053,3.2369484870287124e-10,1.7828658137545691e-12,3.1296740503001655e-10,3.1296740503001655e-10,1.99999999972822,2.095714014527176e-10,9543286850.517385,1.0000000000157765,1.000000000004756,0.9999999996026842,0.9999999996208909,0.0,6.565309718098433e-08,3.5982518263105584e-10,5.844905073851483e-12,7.8659577659522e-12,5.844905073851483e-12,7.8659577659522e-12,,,,,,0,0,0,36100,,,
instance_20_46.mat,20,Gurobi,OPTIMAL,-181.55872764097694,-181.55890906162037,-181.55872764097694,-181.55872764218165,0.00018141943871796684,9.99231817681796e-07,-0.00018141943871796684,9.99231817681796e-07,204.85107029229403,,,,,,,,,,0.9999999999897551,0.9999999999858884,0.0,,9.992384530543252e-07,,,,,,,,,,,,,,4032.0547127500176,9.99239452002438e-07,1
instance_20_48.mat,20,Lazy KRON,Optimal,-330.2097580040182,-330.2097580040182,-265.0873299296755,-330.09019555934117,0.11956244467705801,0.0003620802892069685,-0.11956244467705801,0.0003620802892069685,2.1775806667283177,5.09634276113502e-07,1.543365281492682e-09,0.14821628307324694,0.14821628307324694,1.849370203578412,0.13019846739393848,14.204239424591808,1.0000000168433771,1.0000000241656049,0.822235742015943,0.713647357614398,0.0,65.12242858397701,0.19721533508876585,,,,,,1.3418021866786651e-06,1.3418021866786651e-06,5.951369467618674e-08,5.951369467618674e-08,20,21,21,,,,
instance_20_48.mat,20,Full SEP,Optimal,-330.09020150472185,-330.09020150472185,-330.09008660144076,-330.09019555934117,5.945380678440415e-06,1.8011381893004685e-08,-5.945380678440415e-06,1.8011381893004685e-08,699.197096707765,2.2920801256987033e-08,6.943799347118505e-11,2.6277008129134375e-07,2.6277008129134375e-07,1.9999997362925221,2.375940488498662e-07,8417718.14561023,1.0000000007914902,1.0000000005574092,0.999999697557646,0.9999994506852677,0.0,0.00011492620188846558,3.4809661287557165e-07,2.6410937438052748e-11,3.238684488354129e-11,2.6410937438052748e-11,3.238684488354129e-11,,,,,,0,0,0,36100,,,
instance_20_48.mat,20,Gurobi,OPTIMAL,-330.09020151451676,-330.09053120890167,-330.09020151451676,-330.09019555934117,0.0003356495604975862,1.0168409232107493e-06,-0.0003356495604975862,1.0168409232107493e-06,136.98972225002944,,,,,,,,,,1.0000000000000002,0.9999999999130117,2.220446049250313e-16,,9.98799885882268e-07,,,,,,,,,,,,,,1936.2062523327768,9.986780653855144e-07,1
instance_20_60.mat,20,Lazy KRON,Optimal,-339.60158880555343,-339.60158880555343,-339.6008909396314,-339.6015843499224,4.455631028577045e-06,1.3120171328551167e-08,-4.455631028577045e-06,1.3120171328551167e-08,0.41325866617262363,-9.752420737640932e-08,2.8717241200025423e-10,1.8551970548209803e-06,1.8551970548209803e-06,1.9999983026364718,1.6567525015375812e-06,1207179.8900441283,1.0000000164859701,1.0000000195840244,0.9999980777438935,0.9999972055098763,0.0,0.0006977683977993365,2.0549548206215602e-06,,,,,,4.0018348546384045e-07,4.0018348546384045e-07,1.73992855158281e-08,1.73992855158281e-08,3,4,4,,,,
instance_20_60.mat,20,Full SEP,Optimal,-339.6015843548876,-339.6015843548876,-339.601584336341,-339.6015843499224,4.965215794072719e-09,1.4620708567967136e-11,-4.965215794072719e-09,1.4620708567967136e-11,1084.916933291126,4.149569576838985e-12,1.2218934681125152e-14,3.788107865760751e-11,3.788107865760751e-11,1.9999999999590985,2.9955669614627054e-11,66765324417.335625,1.0000000000007931,1.0000000000015394,0.9999999999481859,0.9999999999265381,0.0,1.8550792901805835e-08,5.461294701395603e-11,5.212743787634546e-13,5.220641934045459e-13,5.212743787634546e-13,5.220641934045459e-13,,,,,,0,0,0,36100,,,
instance_20_60.mat,20,Gurobi,OPTIMAL,-339.601584352888,-339.60192384421606,-339.601584352888,-339.6015843499224,0.000339494293655207,9.996830695545222e-07,-0.000339494293655207,9.996830695545222e-07,252.50717595918104,,,,,,,,,,0.9999999999960096,0.9999999999867925,0.0,,9.99674337042139e-07,,,,,,,,,,,,,,3254.750799873378,9.996753352202382e-07,1
instance_20_61.mat,20,Lazy KRON,Optimal,-321.2251821571112,-321.2251821571112,-237.04059147980323,-321.0144838701665,0.21069828694470516,0.0006559208264115876,-0.21069828694470516,0.0006559208264115876,2.3909028749912977,6.657932658526988e-07,2.0726683424435243e-09,0.20895299299025608,0.20895299299025608,1.770843349002614,0.19539758328321144,9.062769964948512,1.000000022953724,1.0000000269114868,0.742228124807086,0.5977978857248746,0.0,84.18459134310123,0.2620734467702264,,,,,,9.864524021501941e-07,9.864524021501941e-07,4.413347830712659e-08,4.413347830712659e-08,22,23,23,,,,
instance_20_61.mat,20,Full SEP,Optimal,-321.0144842996885,-321.0144842996885,-321.0144828089484,-321.0144838701665,4.295220037420222e-07,1.3380144035526904e-09,-4.295220037420222e-07,1.3380144035526904e-09,1995.0592281660065,9.325731298304163e-10,2.905081158144244e-12,3.353722896550743e-09,3.353722896550743e-09,1.999999996233246,2.8137223505570648e-09,710802185.5238428,1.0000000000324285,0.999999999881087,0.999999995381633,0.9999999930841996,0.0,1.4916726627234311e-06,4.6438405819779e-09,1.7149488392040072e-11,1.7850612534387652e-11,1.7149488392040072e-11,1.7850612534387652e-11,,,,,,0,0,0,36100,,,
instance_20_61.mat,20,Gurobi,OPTIMAL,-321.01448429819385,-321.01480521489634,-321.01448429819385,-321.0144838701665,0.0003213447298548999,1.0010277552145382e-06,-0.0003213447298548999,1.0010277552145382e-06,231.43681566603482,,,,,,,,,,0.9999999999999999,0.9999999999048449,0.0,,9.996943981358827e-07,,,,,,,,,,,,,,5985.1776844980195,9.996038312452029e-07,2
instance_20_66.mat,20,Lazy KRON,Optimal,-336.49018009801335,-336.49018009801335,-336.4882173887622,-336.49016097940506,1.9118608292956196e-05,5.68177302748844e-08,-1.9118608292956196e-05,5.68177302748844e-08,0.4277749168686569,7.34394348000933e-07,2.1825134623156535e-09,5.519763765127219e-06,5.519763765127219e-06,1.999994556119284,5.367562049689207e-06,372607.62662913004,1.0000000194956102,1.0000000241153444,0.9999943456279786,0.9999926717573323,0.0,0.0019634436454794013,5.8328871605100025e-06,,,,,,1.786569557904069e-06,1.786569557904069e-06,7.767698134831378e-08,7.767698134831378e-08,3,4,4,,,,
instance_20_66.mat,20,Full SEP,Optimal,-336.49016151712823,-336.49016151712823,-336.4901573880632,-336.49016097940506,5.37723167326476e-07,1.598035333045256e-09,-5.37723167326476e-07,1.598035333045256e-09,1240.4096998344176,3.6870574149361346e-08,1.0957400354032205e-10,9.115651168753922e-09,9.115651168753922e-09,1.9999999917740472,6.0834002825687e-09,328763503.7767978,1.0000000008185883,1.0000000011227133,0.9999999884501515,0.9999999823082144,0.0,4.165935592936876e-06,1.227098290235548e-08,2.948822695534076e-17,2.954961399483784e-17,2.948822695534076e-17,2.954961399483784e-17,,,,,,0,0,0,36100,,,
instance_20_66.mat,20,Gurobi,OPTIMAL,-336.49016154345975,-336.49049778059515,-336.49016154345975,-336.49016097940506,0.000336801190087499,1.0009233315916886e-06,-0.000336801190087499,1.0009233315916886e-06,42.25178720895201,,,,,,,,,,0.9999999999960824,0.9999999999853698,0.0,,9.99247044471778e-07,,,,,,,,,,,,,,3721.2290995032527,9.992480421227786e-07,6
instance_20_85.mat,20,Lazy KRON,Optimal,-391.0017430855999,-391.0017430855999,-391.00142145941095,-391.0017423099934,7.756065087960451e-07,1.9836395169886638e-09,-7.756065087960451e-07,1.9836395169886638e-09,0.6367925000376999,-4.342456350059365e-08,1.1105976960078908e-10,6.297170346049134e-07,6.297170346049134e-07,1.9999992982695942,5.775028966325969e-07,3463184.8773946133,1.000000003122405,1.0000000016655575,0.9999991748489762,0.9999988258548986,0.0,0.00032158276439986366,8.22569706276098e-07,,,,,,1.523921199293301e-08,1.523921199293301e-08,6.62574490711964e-10,6.62574490711964e-10,5,6,6,,,,
instance_20_85.mat,20,Full SEP,Optimal,-391.00174293092266,-391.00174293092266,-391.0017429182336,-391.0017423099934,6.209292564562929e-07,1.5880472854209017e-09,-6.209292564562929e-07,1.5880472854209017e-09,1315.190775041934,-2.2737367544323206e-13,5.815157593387035e-16,2.6288332002928546e-11,2.6288332002928546e-11,1.9999999999768034,1.7604542095121648e-11,113607044657.58406,1.0000000000002254,1.000000000000703,0.9999999999666339,0.9999999999706072,0.0,1.2688815331785008e-08,3.245264998141503e-11,1.0621439073372876e-13,1.1318969460646165e-13,1.0621439073372876e-13,1.1318969460646165e-13,,,,,,0,0,0,36100,,,
instance_20_85.mat,20,Gurobi,OPTIMAL,-391.0017429279198,-391.00213201553663,-391.0017429279198,-391.0017423099934,0.000389705543227592,9.966839342249593e-07,-0.000389705543227592,9.966839342249593e-07,40.868154833093286,,,,,,,,,,1.0000000000000002,0.9999999998237774,2.220446049250313e-16,,9.951035684454102e-07,,,,,,,,,,,,,,3204.3742751250975,9.9493222587463e-07,6
instance_20_98.mat,20,Lazy KRON,Optimal,-393.54634744809323,-393.54634744809323,-368.82243466733684,-393.5049495723798,0.04139787571341458,0.00010519186871344232,-0.04139787571341458,0.00010519186871344232,1.8197117913514376,-7.096605258993804e-08,1.8032451082346307e-10,0.05274250801351909,0.05274250801351909,1.9485717126075743,0.04444691897065937,43.840422637480906,1.0000000067782222,1.0000000011257526,0.9371849042848692,0.898493007812412,0.0,24.72391270979034,0.06282338266147255,,,,,,1.4962617383189626e-06,1.4962617383189626e-06,6.551114857585138e-08,6.551114857585138e-08,17,18,18,,,,
instance_20_98.mat,20,Full SEP,Optimal,-393.50511005551147,-393.50511005551147,-393.50508992795636,-393.5049495723798,0.00016048313165129002,4.078298541755933e-07,-0.00016048313165129002,4.078298541755933e-07,1666.6712336246856,-1.8521859601605684e-09,4.706891760311021e-12,4.1954789619364986e-08,4.1954789619364986e-08,1.9999999552543186,3.944430116055232e-08,50704408.40398232,1.0000000003643914,0.9999999962789317,0.9999999490642353,0.999999905941122,0.0,2.0125702917539456e-05,5.114941226725172e-08,5.4631547920542145e-14,5.685744336341433e-14,5.4631547920542145e-14,5.685744336341433e-14,,,,,,0,0,0,36100,,,
instance_20_98.mat,20,Gurobi,OPTIMAL,-393.5051100533026,-393.5055034379683,-393.5051100533026,-393.5049495723798,0.0005538655884720356,1.4075167529628879e-06,-0.0005538655884720356,1.4075167529628879e-06,89.35484366724268,,,,,,,,,,1.0,0.999999999826667,0.0,,9.99692919825127e-07,,,,,,,,,,,,,,5000.013700874057,9.995232245882679e-07,1
instance_20_105.mat,20,Lazy KRON,Optimal,-333.42355779236794,-333.42355779236794,-333.4225465018873,-333.42354765241157,1.0139956373222958e-05,3.041163749904375e-08,-1.0139956373222958e-05,3.041163749904375e-08,0.45119129214435816,-1.2558848538901657e-07,3.7666350338455687e-10,2.9627695266374834e-06,2.9627695266374834e-06,1.999997098731618,2.863806925867348e-06,698370.0893613448,1.0000000059255794,1.0000000071282562,0.9999969863960612,0.9999962968543004,0.0,0.00101116489213382,3.0330504758424046e-06,,,,,,9.998229488719242e-07,9.998229488719242e-07,4.347057576772009e-08,4.347057576772009e-08,3,4,4,,,,
instance_20_105.mat,20,Full SEP,Optimal,-333.42354768569334,-333.42354768569334,-333.42354582032675,-333.42354765241157,3.328176489958423e-08,9.981827957441621e-11,-3.328176489958423e-08,9.981827957441621e-11,843.7144807078876,-8.337224244314712e-10,2.500490532892392e-12,4.175938270057979e-09,4.175938270057979e-09,1.9999999954866023,2.74644144080708e-09,728215051.5828493,1.0000000001069915,1.0000000001379807,0.9999999940167357,0.9999999947793977,0.0,1.8645328623279056e-06,5.594585618502124e-09,1.1983687310836109e-11,1.2613812543671982e-11,1.1983687310836109e-11,1.2613812543671982e-11,,,,,,0,0,0,36100,,,
instance_20_105.mat,20,Gurobi,OPTIMAL,-333.4235476581194,-333.4238802387139,-333.4235476581194,-333.42354765241157,0.00033258630230648123,9.974879485787491e-07,-0.00033258630230648123,9.974879485787491e-07,33.90813049999997,,,,,,,,,,0.9999999999999998,0.9999999995478555,0.0,,9.974708297742592e-07,,,,,,,,,,,,,,2531.1434421236627,9.96607548497186e-07,1
instance_20_111.mat,20,Lazy KRON,Optimal,-377.64349095021834,-377.64349095021834,-377.6404737661907,-377.6434811722582,9.77796014467458e-06,2.589203939427498e-08,-9.77796014467458e-06,2.589203939427498e-08,0.6238009999506176,-1.1217293263143802e-06,2.9703393629052344e-09,7.618376821905119e-06,7.618376821905119e-06,1.999992655669747,7.224661864947017e-06,276828.5482499068,1.0000000108421419,1.0000000089884467,0.9999921639876117,0.9999866446378076,0.0,0.003016062298286215,7.989503592451063e-06,,,,,,1.3597308347321413e-06,1.3597308347321413e-06,5.911878619338056e-08,5.911878619338056e-08,5,6,6,,,,
instance_20_111.mat,20,Full SEP,Optimal,-377.6434812831946,-377.6434812831946,-377.6434762499945,-377.6434811722582,1.1093641205661697e-07,2.937596372103821e-10,-1.1093641205661697e-07,2.937596372103821e-10,769.6547076250426,-1.1564679880393669e-08,3.0623274208515524e-11,9.707136193374436e-09,9.707136193374436e-09,1.9999999895343574,7.76660533351953e-09,257512761.83722773,1.000000000141341,0.9999999993815695,0.9999999868055843,0.9999999796390472,0.0,5.02163544524592e-06,1.3327914751828908e-08,3.179743687010709e-11,3.1896582362435724e-11,3.179743687010709e-11,3.1896582362435724e-11,,,,,,0,0,0,36100,,,
instance_20_111.mat,20,Gurobi,TIME_LIMIT,,-377.64533320262086,-377.64348126926416,-377.6434811722582,0.0018520303626701207,4.904152652871357e-06,-0.0018520303626701207,4.904152652871357e-06,2309.13978266716,,,,,,,,,,1.0000000000000002,0.9999999998201989,2.220446049250313e-16,,4.903895782317433e-06,,,,,,,,,,,,,,2308.964122875128,4.903743617694185e-06,2
instance_20_114.mat,20,Lazy KRON,Optimal,-316.92232313833335,-316.92232313833335,-239.02512178769052,-316.7060043883731,0.21631874996023726,0.0006825607859305522,-0.21631874996023726,0.0006825607859305522,2.047491292003542,-1.6323629097314551e-06,5.15067191722858e-09,0.17587026696180444,0.17587026696180444,1.8028400556191353,0.15781250242229597,11.423936810753135,1.0000000349055915,1.000000046858996,0.7768647594265513,0.6691546761631062,0.0,77.89719971827992,0.24579272478903766,,,,,,1.8131430146884807e-06,1.8131430146884807e-06,8.074365965051149e-08,8.074365965051149e-08,20,21,21,,,,
instance_20_114.mat,20,Full SEP,Optimal,-316.70604332232546,-316.70604332232546,-316.70600025944475,-316.7060043883731,3.89339523394483e-05,1.229340366575308e-07,-3.89339523394483e-05,1.229340366575308e-07,1134.444773583673,-5.6099167977663456e-08,1.7713324125163252e-10,8.465977196552205e-08,8.465977196552205e-08,1.9999998952692266,6.678989875616998e-08,29944646.30902691,1.00000000132555,1.0000000018174333,0.9999998720877569,0.9999998254625011,0.0,4.3006781538679206e-05,1.359711366885093e-07,1.0606283294441813e-14,1.2001791757368262e-14,1.0606283294441813e-14,1.2001791757368262e-14,,,,,,0,0,0,36100,,,
instance_20_114.mat,20,Gurobi,TIME_LIMIT,,-316.7130497578338,-316.7060431899544,-316.7060043883731,0.0070453694606840145,2.2245276808363497e-05,-0.0070453694606840145,2.2245276808363497e-05,3403.2454965002835,,,,,,,,,,0.9999999996245051,1.0,0.0,,2.2122763443893704e-05,,,,,,,,,,,,,,3403.334320751019,2.212238988066161e-05,2
instance_20_115.mat,20,Lazy KRON,Optimal,-373.3536310494869,-373.3536310494869,-373.35241873339,-373.3536220893777,8.96010919859691e-06,2.3998987698098146e-08,-8.96010919859691e-06,2.3998987698098146e-08,0.4240766246803105,3.251909674872877e-08,8.709998790508203e-11,3.156279278551996e-06,3.156279278551996e-06,1.9999969703961982,2.9608527467028186e-06,675480.0530432925,1.0000000220494836,1.0000000158388336,0.9999967342800479,0.9999955719416919,0.0,0.0012123486160362518,3.2470987185305133e-06,,,,,,8.27852999901392e-07,8.27852999901392e-07,3.599362073534051e-08,3.599362073534051e-08,3,4,4,,,,
instance_20_115.mat,20,Full SEP,Optimal,-373.3536220898077,-373.3536220898077,-373.35362207932315,-373.3536220893777,4.299636202631518e-10,1.1516256835985028e-12,-4.299636202631518e-10,1.1516256835985028e-12,558.285469958093,8.640199666842818e-12,2.3142134308166632e-14,2.216715844844032e-11,2.216715844844032e-11,1.9999999999805764,1.560851384099803e-11,128135197261.84857,1.0000000000005835,1.000000000004292,0.9999999999716169,0.9999999999599799,0.0,1.0493181434867438e-08,2.808206647765857e-11,1.3625840039020307e-13,1.3628685119081138e-13,1.3625840039020307e-13,1.3628685119081138e-13,,,,,,0,0,0,36100,,,
instance_20_115.mat,20,Gurobi,OPTIMAL,-373.3536220737116,-373.3539954633088,-373.3536220737116,-373.3536220893777,0.00037337393109737604,1.0000533960646181e-06,-0.00037337393109737604,1.0000533960646181e-06,1037.0893604173325,,,,,,,,,,1.0,0.9999999996429592,0.0,,1.0000953565184283e-06,,,,,,,,,,,,,,1674.856409874279,9.999254681682464e-07,2
instance_20_120.mat,20,Lazy KRON,Optimal,-348.55142862959144,-348.55142862959144,-348.55041065712686,-348.55141933097053,9.298620909703459e-06,2.6677902157116625e-08,-9.298620909703459e-06,2.6677902157116625e-08,0.4352228748612106,-1.1931601306969242e-06,3.4231967873094146e-09,2.883144053650437e-06,2.883144053650437e-06,1.9999971696816212,2.7882430985912465e-06,717296.555200698,1.0000000165159753,1.0000000124760362,0.9999970429900017,0.999996061250475,0.0,0.0010167793044502105,2.9205803820207987e-06,,,,,,8.77107448507172e-07,8.77107448507172e-07,3.8135117934313794e-08,3.8135117934313794e-08,3,4,4,,,,
instance_20_120.mat,20,Full SEP,Optimal,-348.5514193778069,-348.5514193778069,-348.5514144184847,-348.55141933097053,4.683636234403821e-08,1.3437432682857808e-10,-4.683636234403821e-08,1.3437432682857808e-10,2124.0137020000257,-1.7854915768111823e-08,5.1226059558111464e-11,1.1127957625013886e-08,1.1127957625013886e-08,1.999999988059299,9.237050428449787e-09,216519331.9611388,0.9999999987550942,1.0000000273552028,0.9999999839671054,1.0000000101386903,1.0138690331729094e-08,4.9414672957937e-06,1.4228380479455835e-08,1.9862886404878477e-08,2.0511576681302113e-08,1.9862886404878477e-08,2.0511576681302113e-08,,,,,,0,0,0,36100,,,
instance_20_120.mat,20,Gurobi,TIME_LIMIT,,-348.5528072464175,-348.5514193596526,-348.55141933097053,0.0013879154469691457,3.981937365341392e-06,-0.0013879154469691457,3.981937365341392e-06,6372.066481041256,,,,,,,,,,1.0,0.9999999998154627,0.0,,3.981855076369126e-06,,,,,,,,,,,,,,6372.041106000077,3.981691738264883e-06,3
instance_20_129.mat,20,Lazy KRON,Optimal,-331.6491120023275,-331.6491120023275,-331.6488657594116,-331.6491095625699,2.4397576225965167e-06,7.356442499925628e-09,-2.4397576225965167e-06,7.356442499925628e-09,0.47679716628044844,-4.4128427134637604e-07,1.3305757663035116e-09,6.887227690759079e-07,6.887227690759079e-07,1.9999993136357144,6.713828250939871e-07,2978925.344650772,1.00000001163164,1.000000017819743,0.999999290830697,0.9999990962787917,0.0,0.00024580163164955593,7.424802509924229e-07,,,,,,2.3061792633371664e-07,2.3061792633371664e-07,1.0026867069191377e-08,1.0026867069191377e-08,3,4,4,,,,
instance_20_129.mat,20,Full SEP,Optimal,-331.6491095840934,-331.6491095840934,-331.6490788997962,-331.6491095625699,2.152353317796951e-08,6.489851037128135e-11,-2.152353317796951e-08,6.489851037128135e-11,1633.041356250178,-2.6878012704401044e-08,8.104352439874655e-11,7.720605331317868e-08,7.720605331317868e-08,1.9999999314442196,5.1006945768306853e-08,39210344.81321403,1.000000001143015,1.0000000017567103,0.9999999025784503,0.9999999113084678,0.0,3.065741918817366e-05,9.252036659877631e-08,6.27907079235332e-14,6.503390098763168e-14,6.27907079235332e-14,6.503390098763168e-14,,,,,,0,0,0,36100,,,
instance_20_129.mat,20,Gurobi,OPTIMAL,-331.6491095532759,-331.6494408695752,-331.6491095532759,-331.6491095625699,0.00033130700529682144,9.989674773102107e-07,-0.00033130700529682144,9.989674773102107e-07,93.80994245782495,,,,,,,,,,0.9999999999802676,0.9999999999400357,0.0,,9.989955009144304e-07,,,,,,,,,,,,,,4899.124068750534,9.989964994216276e-07,4
instance_20_133.mat,20,Lazy KRON,Optimal,-336.9374896072727,-336.9374896072727,-336.937239238701,-336.9374857761389,3.831133824405697e-06,1.1370458742573248e-08,-3.831133824405697e-06,1.1370458742573248e-08,0.4375499999150634,-1.9211024095966422e-06,5.701658226978064e-09,6.84442583595067e-07,6.84442583595067e-07,1.9999993155368303,6.556921426979819e-07,3050210.8921229653,1.000000017899783,1.0000000226622767,0.9999992809224408,0.9999989050880719,0.0,0.0002484474692892036,7.430712800484879e-07,,,,,,1.618142223958698e-07,1.618142223958698e-07,7.035401529121082e-09,7.035401529121082e-09,3,4,4,,,,
instance_20_133.mat,20,Full SEP,Optimal,-336.9374860744641,-336.9374860744641,-336.9374834842376,-336.9374857761389,2.983252329613606e-07,8.854023232530141e-10,-2.983252329613606e-07,8.854023232530141e-10,2613.877646042034,-8.077222446445376e-09,2.3972466051641067e-11,5.976559581652822e-09,5.976559581652822e-09,1.9999999940013127,4.141868818648788e-09,482873814.109298,1.0000000000296327,1.0000000005610854,0.9999999920473519,0.9999999921185496,0.0,2.5821493068178825e-06,7.687558186066244e-09,1.5311981156960545e-10,1.7991531396399899e-10,1.5311981156960545e-10,1.7991531396399899e-10,,,,,,0,0,0,36100,,,
instance_20_133.mat,20,Gurobi,TIME_LIMIT,,-336.93967259062106,-336.9374860631947,-336.9374857761389,0.0021868144821723945,6.4902255806170865e-06,-0.0021868144821723945,6.4902255806170865e-06,7841.684315166902,,,,,,,,,,1.0000000000000002,0.9999999998871552,2.220446049250313e-16,,6.489373630487286e-06,,,,,,,,,,,,,,7841.632938126102,6.489307065417632e-06,2
instance_20_140.mat,20,Lazy KRON,Optimal,-290.3344070084801,-290.3344070084801,-263.83716876675226,-290.29263644361214,0.04177056486798847,0.00014387052949865644,-0.04177056486798847,0.00014387052949865644,1.9048098330385983,-2.769739921859582e-07,9.539826679166837e-10,0.07330929671141372,0.07330929671141372,1.928226720006959,0.06208620062182207,31.057251058928955,1.0000000092545152,1.0000000126624715,0.9128672341692374,0.8580609954988219,0.0,26.49723796475388,0.09126454737055652,,,,,,2.215322861660823e-06,2.215322861660823e-06,9.726298873806164e-08,9.726298873806164e-08,19,20,20,,,,
instance_20_140.mat,20,Full SEP,Optimal,-290.2926695573638,-290.2926695573638,-290.2926685684038,-290.29263644361214,3.3113751669588964e-05,1.1407023029579279e-07,-3.3113751669588964e-05,1.1407023029579279e-07,2091.562185499817,-7.73354713601293e-10,2.664051816329013e-12,2.570522659994434e-09,2.570522659994434e-09,1.999999997365093,2.1796523488608027e-09,917577520.2914331,1.0000000000295368,1.0000000000119622,0.9999999967652382,0.9999999945646125,0.0,9.88186627637333e-07,3.406768706419261e-09,1.3231743202297986e-12,1.366189547800126e-12,1.3231743202297986e-12,1.366189547800126e-12,,,,,,0,0,0,36100,,,
instance_20_140.mat,20,Gurobi,OPTIMAL,-290.2926695476481,-290.29295987162266,-290.2926695476481,-290.29263644361214,0.00032342801051754577,1.1141434868436925e-06,-0.00032342801051754577,1.1141434868436925e-06,3036.4367349999957,,,,,,,,,,1.0,0.999999999931022,0.0,,1.0001068393471993e-06,,,,,,,,,,,,,,3785.690933624748,9.99954510841287e-07,1
instance_20_150.mat,20,Lazy KRON,Optimal,-384.0044501004053,-384.0044501004053,-384.0020081423203,-384.0044340769567,1.6023448552004993e-05,4.172724703532825e-08,-1.6023448552004993e-05,4.172724703532825e-08,0.45136716589331627,-1.4813820143899648e-06,3.857720956105142e-09,6.334013598412488e-06,6.334013598412488e-06,1.999993821784248,6.133825796747902e-06,326059.768903875,1.0000000125965967,1.0000000072064779,0.9999935843425759,0.9999910741573521,0.0,0.002440476702986416,6.359192150930307e-06,,,,,,1.8971600276409223e-06,1.8971600276409223e-06,8.24852738349143e-08,8.24852738349143e-08,3,4,4,,,,
instance_20_150.mat,20,Full SEP,Optimal,-384.0044343251234,-384.0044343251234,-384.00443082293896,-384.0044340769567,2.4816665700200247e-07,6.4625987311357e-10,-2.4816665700200247e-07,6.4625987311357e-10,1414.5737195839174,-1.3159706213627942e-08,3.4269672528015835e-11,6.948510249545349e-09,6.948510249545349e-09,1.9999999930047587,5.080918558209362e-09,393629610.49106187,1.000000000124999,0.9999999995310316,0.9999999907172645,0.9999999886411569,0.0,3.4890247206931235e-06,9.120166627923813e-09,7.862989676809104e-13,8.918970881596049e-13,7.862989676809104e-13,8.918970881596049e-13,,,,,,0,0,0,36100,,,
instance_20_150.mat,20,Gurobi,TIME_LIMIT,,-384.03788121307156,-384.00443430694196,-384.0044340769567,0.0334471361148303,8.709332529692088e-05,-0.0334471361148303,8.709332529692088e-05,4243.764369292185,,,,,,,,,,1.0000000000000002,0.9999999995281663,2.220446049250313e-16,,8.709272643612123e-05,,,,,,,,,,,,,,4243.721158751752,8.710010177785714e-05,2
instance_20_152.mat,20,Lazy KRON,Optimal,-361.26003059968525,-361.26003059968525,-361.2489669826031,-361.2600304361526,1.63532661190402e-07,4.526729982249646e-10,-1.63532661190402e-07,4.526729982249646e-10,0.6612597079947591,1.0220069839306234e-06,2.829006525394215e-09,2.4493212040107163e-05,2.4493212040107163e-05,1.9999731840039676,2.3318757417047222e-05,85766.7133902205,1.000000023353261,1.0000000226552395,0.9999696317898539,0.9999546058879478,0.0,0.01106463908911337,3.062507929195497e-05,,,,,,1.0862581488666984e-06,1.0862581488666984e-06,4.722876863387303e-08,4.722876863387303e-08,5,6,6,,,,
instance_20_152.mat,20,Full SEP,Optimal,-361.2600308864889,-361.2600308864889,-361.26003075200884,-361.2600304361526,4.503363015828654e-07,1.2465710653841057e-09,-4.503363015828654e-07,1.2465710653841057e-09,991.1826750002801,2.0799006961169653e-10,5.757350712208981e-13,2.737146367432104e-10,2.737146367432104e-10,1.9999999997198026,1.8713345902713526e-10,10687559617.170294,1.0000000000042464,0.9999999999934996,0.999999999623975,0.9999999995200921,0.0,1.3468803672367358e-07,3.722527685226177e-10,1.8077724849826995e-12,1.8110183631423832e-12,1.8077724849826995e-12,1.8110183631423832e-12,,,,,,0,0,0,36100,,,
instance_20_152.mat,20,Gurobi,OPTIMAL,-361.26003088294067,-361.26039219374115,-361.26003088294067,-361.2600304361526,0.00036175758856415996,1.0013762825406893e-06,-0.00036175758856415996,1.0013762825406893e-06,303.07837266707793,,,,,,,,,,1.0000000000000002,0.9999999999250457,2.220446049250313e-16,,1.0001395345102145e-06,,,,,,,,,,,,,,2973.5480250008404,9.999175537431795e-07,5
instance_20_164.mat,20,Lazy KRON,Optimal,-334.32021537822436,-334.32021537822436,-334.3199976204744,-334.3202116337517,3.7444726785906823e-06,1.1200258035113048e-08,-3.7444726785906823e-06,1.1200258035113048e-08,0.4690749580040574,-5.012203132537252e-07,1.4992222731332079e-09,6.246712688161901e-07,6.246712688161901e-07,1.9999993723333611,6.149825535527057e-07,3252123.756648904,1.0000000252327248,1.0000000288049908,0.9999993539090646,0.9999991729246138,0.0,0.00021725652965187692,6.513448482879689e-07,,,,,,2.1811748054552e-07,2.1811748054552e-07,9.483369329267011e-09,9.483369329267011e-09,3,4,4,,,,
instance_20_164.mat,20,Full SEP,Optimal,-334.32021163486365,-334.32021163486365,-334.32021153766914,-334.3202116337517,1.1119709597551264e-09,3.3260656133156373e-12,-1.1119709597551264e-09,3.3260656133156373e-12,1255.509450667072,-3.387867764104158e-11,1.0133601398303444e-13,2.5428244110007705e-10,2.5428244110007705e-10,1.9999999997654907,1.8040297655558142e-10,11086291578.727354,1.0000000000047633,1.0000000000027423,0.9999999996918145,0.9999999997373152,0.0,9.71606368693756e-08,2.9072282250517987e-10,8.360431179949818e-13,8.467588074502243e-13,8.360431179949818e-13,8.467588074502243e-13,,,,,,0,0,0,36100,,,
instance_20_164.mat,20,Gurobi,OPTIMAL,-334.3202116328515,-334.32054576897974,-334.3202116328515,-334.3202116337517,0.0003341352280585852,9.99445688538321e-07,-0.0003341352280585852,9.99445688538321e-07,92.21027104230598,,,,,,,,,,0.9999999999964755,0.9999999999730045,0.0,,9.99448381081129e-07,,,,,,,,,,,,,,3766.5283520012163,9.994493794691127e-07,1
instance_20_172.mat,20,Lazy KRON,Optimal,-338.09557754414266,-338.09557754414266,-289.6253304007362,-337.9530963775337,0.1424811666089454,0.00042142274573332055,-0.1424811666089454,0.00042142274573332055,2.0319556249305606,-3.0262469863373553e-08,8.950862381340202e-11,0.11360339402193044,0.11360339402193044,1.8803466680978742,0.10150116358832868,18.525370563476866,1.0000000005241108,1.0000000006172605,0.8610696672614488,0.7834091314221995,0.0,48.47024711314401,0.143362558881972,,,,,,1.212138809365502e-06,1.212138809365502e-06,5.3513686429091933e-08,5.3513686429091933e-08,20,21,21,,,,
instance_20_172.mat,20,Full SEP,Optimal,-337.95309635125454,-337.95309635125454,-337.9530963497562,-337.9530963775337,0.0,0.0,2.6279167286702432e-08,7.775980622277088e-11,1029.508373666089,-4.945377440890297e-12,1.463332484384246e-14,3.4774428620853057e-12,3.4774428620853057e-12,1.9999999999964526,3.06594221963942e-12,652328014267.5582,1.0000000000000997,1.000000000000094,0.9999999999957896,0.9999999999926108,0.0,1.4933903003111482e-09,4.4335610294119925e-12,1.0402302049857106e-14,1.1098932622892041e-14,1.0402302049857106e-14,1.1098932622892041e-14,,,,,,0,0,0,36100,,,
instance_20_172.mat,20,Gurobi,TIME_LIMIT,,-337.9582415495549,-337.95309613181365,-337.9530963775337,0.005145172021173039,1.5224283324419539e-05,-0.005145172021173039,1.5224283324419539e-05,3088.516265875194,,,,,,,,,,0.9999999997735736,1.0000000000000002,2.220446049250313e-16,,1.522501039667049e-05,,,,,,,,,,,,,,3088.525120998267,1.5224284555544579e-05,3
instance_20_183.mat,20,Lazy KRON,Optimal,-312.7094053450678,-312.7094053450678,-312.7092495335842,-312.70940191752214,3.4275456641807978e-06,1.0960801324151342e-08,-3.4275456641807978e-06,1.0960801324151342e-08,0.4180884580127895,-1.388700979987334e-06,4.440867323625695e-09,4.7136174806029116e-07,4.7136174806029116e-07,1.9999995282193714,4.613633959325628e-07,4334976.605971814,1.0000000231996455,1.0000000283572443,0.9999995112234032,0.9999994022372483,0.0,0.00015442278260024977,4.982628629551537e-07,,,,,,1.6505679623172923e-07,1.6505679623172923e-07,7.1763827854935355e-09,7.1763827854935355e-09,3,4,4,,,,
instance_20_183.mat,20,Full SEP,Optimal,-312.70940214584465,-312.70940214584465,-312.70939621967557,-312.70940191752214,2.2832250579085667e-07,7.301427594568111e-10,-2.2832250579085667e-07,7.301427594568111e-10,920.4729990828782,-1.4177771845425013e-08,4.533848917920491e-11,1.691806141055269e-08,1.691806141055269e-08,1.9999999859568396,1.129683866386642e-08,177040678.8541606,1.0000000002973626,1.0000000004089222,0.9999999797488124,0.9999999836653319,0.0,5.911991308948927e-06,1.8951042214043964e-08,1.6319205343289197e-13,1.6324745903094374e-13,1.6319205343289197e-13,1.6324745903094374e-13,,,,,,0,0,0,36100,,,
instance_20_183.mat,20,Gurobi,OPTIMAL,-312.70940212646303,-312.7097142906602,-312.70940212646303,-312.70940191752214,0.00031237313805831946,9.989236783606029e-07,-0.00031237313805831946,9.989236783606029e-07,74.9660982908681,,,,,,,,,,1.0000000000000004,0.9999999998762261,4.440892098500626e-16,,9.982555159085571e-07,,,,,,,,,,,,,,2761.4189972486347,9.981150053276257e-07,1
instance_20_189.mat,20,Lazy KRON,Optimal,-254.28070757643889,-254.28070757643889,-198.8007420444573,-254.15610419290607,0.12460338353281486,0.0004900229542398849,-0.12460338353281486,0.0004900229542398849,1.7085315422154963,1.4899569578119554e-07,5.859496664189759e-10,0.16876585537626343,0.16876585537626343,1.8170059173950834,0.1557998241690617,11.66243881907987,1.000000003075078,1.0000000041575607,0.7919086201593362,0.676870087760329,0.0,55.47996568097727,0.21818393562281496,,,,,,1.493996594397488e-06,1.493996594397488e-06,6.646494174841895e-08,6.646494174841895e-08,17,18,18,,,,
instance_20_189.mat,20,Full SEP,Optimal,-254.15610466159313,-254.15610466159313,-254.15605625719544,-254.15610419290607,4.6868706249370007e-07,1.8440913041130892e-09,-4.6868706249370007e-07,1.8440913041130892e-09,1002.7995518748648,4.912936901746434e-08,1.9330391092859923e-10,1.3485964262361967e-07,1.3485964262361967e-07,1.99999985036523,1.159353506886121e-07,17250992.371920973,1.0000000009052081,1.0000000010603523,0.9999998173544079,0.9999997169597268,0.0,4.845352705729056e-05,1.9045144617998915e-07,2.83433019059059e-11,3.379948507705154e-11,2.83433019059059e-11,3.379948507705154e-11,,,,,,0,0,0,36100,,,
instance_20_189.mat,20,Gurobi,OPTIMAL,-254.15610470162403,-254.15635886685087,-254.15610470162403,-254.15610419290607,0.00025467394479505856,1.0020364862422304e-06,-0.00025467394479505856,1.0020364862422304e-06,610.5796955418773,,,,,,,,,,1.0,0.9999999999329244,0.0,,1.000034891780972e-06,,,,,,,,,,,,,,3008.3986556245945,9.996832888237252e-07,3
instance_20_190.mat,20,Lazy KRON,Optimal,-306.71956206603164,-306.71956206603164,-266.64642280575674,-306.64502462205047,0.07453744398117124,0.000243014966111371,-0.07453744398117124,0.000243014966111371,2.0585588747635484,-2.300510004715761e-09,7.500369357662618e-12,0.09479884599002214,0.09479884599002214,1.8949498904682023,0.083497182392365,22.694776472379225,1.0000000002771265,1.0000000003898302,0.879135576798931,0.8233313164457035,0.0,40.07313925797439,0.1306507449030845,,,,,,9.325328687618477e-07,9.325328687618477e-07,4.1067261579107294e-08,4.1067261579107294e-08,21,22,22,,,,
instance_20_190.mat,20,Full SEP,Optimal,-306.64502461890055,-306.64502461890055,-306.64502459726083,-306.64502462205047,0.0,0.0,3.1499212127528153e-09,1.0272207144515686e-11,1362.3294089999981,-1.7053025658242404e-12,5.561161698102215e-15,4.5584921567714e-11,4.5584921567714e-11,1.9999999999387053,3.3847548879331065e-11,59088473646.01935,0.99999999999551,1.0000000000144091,0.9999999999279381,0.9999999999206235,0.0,2.163801582355518e-08,7.056928822835108e-11,1.2171110773444616e-12,1.4046882060910092e-12,1.2171110773444616e-12,1.4046882060910092e-12,,,,,,0,0,0,36100,,,
instance_20_190.mat,20,Gurobi,OPTIMAL,-306.64502457981234,-306.6453314045043,-306.64502457981234,-306.64502462205047,0.00030678245383342073,1.000447169465416e-06,-0.00030678245383342073,1.000447169465416e-06,1885.998926084023,,,,,,,,,,0.9999999998255011,1.0,0.0,,1.0005849120733618e-06,,,,,,,,,,,,,,4086.9882269999944,9.99981893179883e-07,2
instance_20_212.mat,20,Lazy KRON,Optimal,-340.82766140854113,-340.82766140854113,-340.82659697225125,-340.82765192954184,9.478999288603518e-06,2.7811707680736898e-08,-9.478999288603518e-06,2.7811707680736898e-08,0.38785820780321956,-2.9342271545829135e-07,8.609122694022574e-10,2.970401428456682e-06,2.970401428456682e-06,1.9999970914603955,2.8906774359897865e-06,691878.3350088951,1.0000000081013936,1.0000000110688867,0.9999969956524113,0.9999959669587852,0.0,0.001064142867164719,3.123092431762062e-06,,,,,,9.55450130543602e-07,9.55450130543602e-07,4.1541322797739896e-08,4.1541322797739896e-08,3,4,4,,,,
instance_20_212.mat,20,Full SEP,Optimal,-340.8276521567063,-340.8276521567063,-340.8276496242624,-340.82765192954184,2.2716443481840543e-07,6.665082289566088e-10,-2.2716443481840543e-07,6.665082289566088e-10,727.9308183752,-1.0468795608176151e-08,3.0715804723974664e-11,5.734890627817472e-09,5.734890627817472e-09,1.9999999952875567,3.704384943401299e-09,539900692.2458748,1.0000000003581602,1.0000000005080925,0.9999999930882434,0.9999999893455147,0.0,2.5219750909855065e-06,7.430277063990429e-09,3.652208713944254e-16,3.652753004016864e-16,3.652208713944254e-16,3.652753004016864e-16,,,,,,0,0,0,36100,,,
instance_20_212.mat,20,Gurobi,OPTIMAL,-340.827652138689,-340.82799297163143,-340.827652138689,-340.82765192954184,0.0003410420895875177,1.0006281661726773e-06,-0.0003410420895875177,1.0006281661726773e-06,462.2683776249178,,,,,,,,,,1.0,0.999999999890276,0.0,,1.0000145218167003e-06,,,,,,,,,,,,,,2183.7924551256,9.99910012204001e-07,3
instance_20_215.mat,20,Lazy KRON,Optimal,-265.12462818497704,-265.12462818497704,-189.79956368663423,-265.0353712260694,0.08925695890764018,0.00033666038315145036,-0.08925695890764018,0.00033666038315145036,2.137655499856919,2.018299710471183e-06,7.61264513330319e-09,0.19222374127206762,0.19222374127206762,1.8039047745457601,0.16844951330326877,10.708874957080422,1.000000023074065,1.000000031345315,0.7694016993633848,0.6284427795851124,0.0,75.32506651664252,0.2841119099874367,,,,,,1.272111744431546e-06,1.272111744431546e-06,5.6760839761435814e-08,5.6760839761435814e-08,21,22,22,,,,
instance_20_215.mat,20,Full SEP,Optimal,-265.03537132647796,-265.03537132647796,-265.0353695745116,-265.0353712260694,1.0040855613624444e-07,3.7884964423317815e-10,-1.0040855613624444e-07,3.7884964423317815e-10,1303.58876370918,9.941345524566714e-10,3.750950476840575e-12,4.3227034213389055e-09,4.3227034213389055e-09,1.999999995776053,3.699454975260251e-09,540620174.9043739,1.0000000000024338,1.0000000000208886,0.9999999948595203,0.9999999910372591,0.0,1.752960486101074e-06,6.610311456845117e-09,7.46314364497714e-14,1.0725702799280838e-13,7.46314364497714e-14,1.0725702799280838e-13,,,,,,0,0,0,36100,,,
instance_20_215.mat,20,Gurobi,OPTIMAL,-265.03537130541093,-265.0356361307538,-265.03537130541093,-265.0353712260694,0.00026490468439988035,9.995059089683742e-07,-0.00026490468439988035,9.995059089683742e-07,87.40183883393183,,,,,,,,,,1.0,0.9999999999315781,0.0,,9.9920654721607e-07,,,,,,,,,,,,,,3910.76629112754,9.990460963165477e-07,3
instance_20_218.mat,20,Lazy KRON,Optimal,-288.2126835882338,-288.2126835882338,-288.21137189573255,-288.2126733663944,1.0221839374935371e-05,3.5466306505577654e-08,-1.0221839374935371e-05,3.5466306505577654e-08,0.422109582927078,9.222897574545641e-07,3.200031816685171e-09,4.084042676611314e-06,4.084042676611314e-06,1.9999960991357768,3.782781075201374e-06,528710.5067346009,1.000000020683175,1.000000024222749,0.9999957494548345,0.9999938987833206,0.0,0.0013126147910043073,4.5511269140425926e-06,,,,,,9.668003173656213e-07,9.668003173656213e-07,4.203481528032533e-08,4.203481528032533e-08,3,4,4,,,,
instance_20_218.mat,20,Full SEP,Optimal,-288.21267335716385,-288.21267335716385,-288.2126667318655,-288.2126733663944,0.0,0.0,9.23057541513117e-09,3.20269587985698e-11,1881.4077364997938,2.1152345652808435e-08,7.339144877434193e-11,1.6030009115059643e-08,1.6030009115059643e-08,1.9999999827798594,1.1638294224707116e-08,171846487.48044434,1.00000000042157,1.000000000477966,0.9999999774692119,0.9999999711140538,0.0,6.646450685821037e-06,2.2987533001222027e-08,2.6027080788685872e-12,3.2224375304339756e-12,2.6027080788685872e-12,3.2224375304339756e-12,,,,,,0,0,0,36100,,,
instance_20_218.mat,20,Gurobi,OPTIMAL,-288.21267337464894,-288.21296099967174,-288.21267337464894,-288.2126733663944,0.0002876332773098511,9.97988696664404e-07,-0.0002876332773098511,9.97988696664404e-07,117.52929137507454,,,,,,,,,,0.9999999999950162,0.9999999999863995,0.0,,9.979600563248396e-07,,,,,,,,,,,,,,5644.2232094993815,9.97961051658425e-07,1
instance_20_225.mat,20,Lazy KRON,Optimal,-330.1373530444555,-330.1373530444555,-211.6292971040608,-330.0497773420885,0.08757570236701895,0.00026527050501682015,-0.08757570236701895,0.00026527050501682015,2.191780332941562,2.2163249013829045e-10,6.71334182861901e-13,0.2912131445142966,0.2912131445142966,1.6943021866277783,0.2621075881032536,6.4641477909458,1.0000000008604852,1.0000000009258239,0.6511743856610566,0.43400011785661713,0.0,118.50805594061632,0.35896591175624004,,,,,,2.1495616984296946e-06,2.1495616984296946e-06,9.723696486861432e-08,9.723696486861432e-08,21,22,22,,,,
instance_20_225.mat,20,Full SEP,Optimal,-330.049810506351,-330.049810506351,-330.04976522227264,-330.0497773420885,3.3164262504215e-05,1.0048259822762977e-07,-3.3164262504215e-05,1.0048259822762977e-07,1047.0116682089865,2.3406983018503524e-09,7.091954690897517e-12,1.1053046731876702e-07,1.1053046731876702e-07,1.9999998980159768,8.557489117002249e-08,23371340.245613907,1.0000000004169523,1.0000000004272025,0.9999998673366761,0.9999997769985282,0.0,4.528641903789321e-05,1.3720377015250545e-07,1.2437700938824223e-12,1.2620925614055114e-12,1.2437700938824223e-12,1.2620925614055114e-12,,,,,,0,0,0,36100,,,
instance_20_225.mat,20,Gurobi,OPTIMAL,-330.0498105001883,-330.05014046476015,-330.0498105001883,-330.0497773420885,0.0003631226716720448,1.1002045663750168e-06,-0.0003631226716720448,1.1002045663750168e-06,399.65179979102686,,,,,,,,,,0.9999999999999997,0.9999999996306346,0.0,,9.997407405506507e-07,,,,,,,,,,,,,,3141.0350046269596,9.992687329811341e-07,3
instance_20_235.mat,20,Lazy KRON,Optimal,-341.5113441806689,-341.5113441806689,-341.51118162759116,-341.5113289897936,1.519087533097263e-05,4.448131984434532e-08,-1.519087533097263e-05,4.448131984434532e-08,0.41152529092505574,-6.784225661249366e-07,1.9865301041538237e-09,3.7303687615808425e-07,3.7303687615808425e-07,1.999999592007616,3.4320908938620964e-07,5827350.305856955,1.0000000146206918,1.000000015864648,0.9999995314180161,0.9999994211088508,0.0,0.0001618746551912409,4.7598148795716364e-07,,,,,,3.791488640459707e-08,3.791488640459707e-08,1.6484733961245313e-09,1.6484733961245313e-09,3,4,4,,,,
instance_20_235.mat,20,Full SEP,Optimal,-341.51134278065797,-341.51134278065797,-341.51134275630517,-341.5113289897936,1.3790864386464818e-05,4.038186337875828e-08,-1.3790864386464818e-05,4.038186337875828e-08,679.8557958751917,-3.26281224261038e-11,9.554037696211988e-14,5.717862840110952e-11,5.717862840110952e-11,1.9999999999550973,3.454229637438506e-11,57900030104.48961,1.0000000000008606,1.0000000000025588,0.9999999999306124,0.9999999999015218,0.0,2.4320172542502405e-08,7.130890724343979e-11,1.3530659419745658e-13,1.35467260647346e-13,1.3530659419745658e-13,1.35467260647346e-13,,,,,,0,0,0,36100,,,
instance_20_235.mat,20,Gurobi,OPTIMAL,-341.51134277890156,-341.5116842475401,-341.51134277890156,-341.5113289897936,0.0003552577464915885,1.040250635272803e-06,-0.0003552577464915885,1.040250635272803e-06,875.9204519581981,,,,,,,,,,1.0,0.9999999999532865,0.0,,9.998739553004991e-07,,,,,,,,,,,,,,2039.567387625575,9.997336543524608e-07,3
instance_20_245.mat,20,Lazy KRON,Optimal,-335.41137598100994,-335.41137598100994,-335.4107835496757,-335.4113724035127,3.5774972388935566e-06,1.0665998517283757e-08,-3.5774972388935566e-06,1.0665998517283757e-08,0.4115450419485569,7.496954026464664e-07,2.2351519844959345e-09,1.7208747235118961e-06,1.7208747235118961e-06,1.9999983172873002,1.6635285205158816e-06,1202262.7160411263,1.0000000262742224,1.0000000222321306,0.9999982395487483,0.9999978886124301,0.0,0.0005931810296146978,1.7662827698652448e-06,,,,,,5.85013049774518e-07,5.85013049774518e-07,2.5435354295625834e-08,2.5435354295625834e-08,3,4,4,,,,
instance_20_245.mat,20,Full SEP,Optimal,-335.4113724039174,-335.4113724039174,-335.4113699653627,-335.4113724035127,4.0472514228895307e-10,1.2066530105650826e-12,-4.0472514228895307e-10,1.2066530105650826e-12,1318.198935457971,2.8803697205148637e-09,8.587573223504757e-12,6.07987945882682e-09,6.07987945882682e-09,1.999999994832172,3.869278645306648e-09,516892211.22860444,1.000000000044945,1.0000000000556193,0.9999999924698182,0.9999999933133914,0.0,2.441435071887099e-06,7.270339955050681e-09,2.3647411953385426e-12,2.36703891437481e-12,2.3647411953385426e-12,2.36703891437481e-12,,,,,,0,0,0,36100,,,
instance_20_245.mat,20,Gurobi,OPTIMAL,-335.4113724029878,-335.4117076528736,-335.4113724029878,-335.4113724035127,0.00033524936088724644,9.995159776420353e-07,-0.00033524936088724644,9.995159776420353e-07,78.20210191700608,,,,,,,,,,1.0000000000000002,0.9999999998674476,2.220446049250313e-16,,9.995175425609626e-07,,,,,,,,,,,,,,3954.596806373913,9.993889281228248e-07,5
instance_20_259.mat,20,Lazy KRON,Optimal,-360.9668354604645,-360.9668354604645,-360.9541860528592,-360.96682747778635,7.982678141615906e-06,2.2114713478962315e-08,-7.982678141615906e-06,2.2114713478962315e-08,1.1089737908914685,-3.234499672544189e-07,8.960656090241988e-10,2.730850879544051e-05,2.730850879544051e-05,1.999969761368486,2.1868250667845077e-05,91455.40682452609,1.0000000017587054,1.0000000027578353,0.9999647879496967,0.999954889159421,0.0,0.012649084155327728,3.50431296248002e-05,,,,,,1.6956912634849106e-06,1.6956912634849106e-06,7.372596082663964e-08,7.372596082663964e-08,10,11,11,,,,
instance_20_259.mat,20,Full SEP,Optimal,-360.9668275225527,-360.9668275225527,-360.96682491255905,-360.96682747778635,4.476635240280302e-08,1.2401791242162297e-10,-4.476635240280302e-08,1.2401791242162297e-10,1816.578456332907,-1.5444641121575842e-08,4.2786871102749414e-11,4.7543723979691876e-09,4.7543723979691876e-09,1.9999999938640978,3.083389428886347e-09,648636845.9096826,1.000000000130022,1.0000000001779952,0.9999999926334953,0.9999999918834759,0.0,2.5945490165213414e-06,7.230563748908058e-09,6.231611468191074e-12,7.617390275228637e-12,6.231611468191074e-12,7.617390275228637e-12,,,,,,0,0,0,36100,,,
instance_20_259.mat,20,Gurobi,TIME_LIMIT,,-360.97185652169213,-360.9668275073754,-360.96682747778635,0.005029043905778963,1.3931955677205957e-05,-0.005029043905778963,1.3931955677205957e-05,5449.8041272088885,,,,,,,,,,1.0000000000000002,0.999999999967822,2.220446049250313e-16,,1.3931873706699543e-05,,,,,,,,,,,,,,5449.735368998721,1.3931941815878084e-05,1
instance_20_269.mat,20,Lazy KRON,Optimal,-351.3998409504993,-351.3998409504993,-260.65685449596833,-351.319375380941,0.08046556955832784,0.00022898578821401003,-0.08046556955832784,0.00022898578821401003,1.9367246250621974,-6.493618229796994e-07,1.8479286194986443e-09,0.21163202835518372,0.21163202835518372,1.7863390741577971,0.18547436828670408,9.631191040890865,1.0000000161363558,1.000000019991682,0.7484951012004522,0.5873222068878757,0.0,90.74298580516916,0.25823286148645036,,,,,,1.9688310103725117e-06,1.9688310103725117e-06,8.808361137892927e-08,8.808361137892927e-08,18,19,19,,,,
instance_20_269.mat,20,Full SEP,Optimal,-351.3193768189149,-351.3193768189149,-351.31931254448546,-351.319375380941,1.4379739354808407e-06,4.093067534450382e-09,-1.4379739354808407e-06,4.093067534450382e-09,918.7989626657218,-2.4946075427578762e-08,7.100683046138113e-11,1.4777684040584193e-07,1.4777684040584193e-07,1.9999998591731942,1.2126372155057233e-07,16492977.7315065,1.000000000707439,0.9999999996376358,0.9999998230849434,0.9999996915084972,0.0,6.424948338690228e-05,1.8295156402790634e-07,3.4457537821597864e-14,3.520421072302639e-14,3.4457537821597864e-14,3.520421072302639e-14,,,,,,0,0,0,36100,,,
instance_20_269.mat,20,Gurobi,OPTIMAL,-351.31937679723006,-351.31972808345694,-351.31937679723006,-351.319375380941,0.0003527025159542063,1.003935981273505e-06,-0.0003527025159542063,1.003935981273505e-06,644.5883583328687,,,,,,,,,,0.9999999999969111,0.999999999955806,0.0,,9.999046418198217e-07,,,,,,,,,,,,,,2756.3968879971653,9.999056414683141e-07,1
instance_20_283.mat,20,Lazy KRON,Optimal,-353.81060767995115,-353.81060767995115,-353.80723712556625,-353.8106017503557,5.929595431553025e-06,1.6759235881691822e-08,-5.929595431553025e-06,1.6759235881691822e-08,1.0732859997078776,3.132408323835989e-07,8.85334768331619e-10,7.744844246822697e-06,7.744844246822697e-06,1.9999913986417814,7.434811981646614e-06,269003.6282798958,1.0000000176331536,1.000000010330453,0.9999903830368344,0.9999848555482584,0.0,0.0033708676257333536,9.526436776451585e-06,,,,,,1.446690062408334e-07,1.446690062408334e-07,6.289963471260491e-09,6.289963471260491e-09,10,11,11,,,,
instance_20_283.mat,20,Full SEP,Optimal,-353.8106059432077,-353.8106059432077,-353.8106047863296,-353.8106017503557,4.192851974949008e-06,1.1850554801124385e-08,-4.192851974949008e-06,1.1850554801124385e-08,1570.9367962912656,8.350866664841305e-10,2.3602646513603253e-12,2.410284380790513e-09,2.410284380790513e-09,1.9999999974185556,1.806875162546517e-09,1106883330.334708,1.0000000000447151,0.9999999996882548,0.9999999966586924,0.9999999955085297,0.0,1.1577131999729318e-06,3.269766631846376e-09,5.498333664325619e-12,6.227976213899149e-12,5.498333664325619e-12,6.227976213899149e-12,,,,,,0,0,0,36100,,,
instance_20_283.mat,20,Gurobi,OPTIMAL,-353.81060592549625,-353.8109597882772,-353.81060592549625,-353.8106017503557,0.00035803792150090885,1.0119469496229317e-06,-0.00035803792150090885,1.0119469496229317e-06,2058.596372374799,,,,,,,,,,1.0000000000000004,0.9999999998101975,4.440892098500626e-16,,1.0001464657304357e-06,,,,,,,,,,,,,,4712.810388873797,9.999723715175477e-07,2
instance_20_291.mat,20,Lazy KRON,Optimal,-368.50361027833776,-368.50361027833776,-368.50104626474183,-368.5035872163311,2.3062006675900193e-05,6.258285138232709e-08,-2.3062006675900193e-05,6.258285138232709e-08,0.4056405830197036,-4.2640624542400474e-07,1.157129085117869e-09,6.819672412763586e-06,6.819672412763586e-06,1.999993459489633,6.5239577375383505e-06,306561.37577069586,1.000000004588244,1.0000000055876272,0.9999931558080468,0.9999900488784276,0.0,0.002563587189683858,6.957906311942599e-06,,,,,,1.8952670264456978e-06,1.8952670264456978e-06,8.240297453718047e-08,8.240297453718047e-08,3,4,4,,,,
instance_20_291.mat,20,Full SEP,Optimal,-368.503587260813,-368.503587260813,-368.50358723785257,-368.5035872163311,4.448190793482354e-08,1.2070956558515376e-10,-4.448190793482354e-08,1.2070956558515376e-10,1300.4976487499662,-2.7489477361086756e-10,7.459758415222899e-13,4.145495119090776e-11,4.145495119090776e-11,1.9999999999502442,3.044773247247209e-11,65686336470.48928,1.0000000000028757,1.000000000002159,0.9999999999382453,0.9999999999146407,0.0,2.268552634632215e-08,6.23071848244519e-11,7.133652567173167e-14,8.272987830543012e-14,7.133652567173167e-14,8.272987830543012e-14,,,,,,0,0,0,36100,,,
instance_20_291.mat,20,Gurobi,TIME_LIMIT,,-368.51248836139666,-368.5035871749343,-368.5035872163311,0.00890114506557893,2.4154256223875006e-05,-0.00890114506557893,2.4154256223875006e-05,3901.4957058751024,,,,,,,,,,0.9999999997215525,1.0000000000000002,2.220446049250313e-16,,2.4154368558706323e-05,,,,,,,,,,,,,,3901.4929462498985,2.415407181377914e-05,1
instance_20_292.mat,20,Lazy KRON,Optimal,-296.4620237595649,-296.4620237595649,-207.69688971487113,-296.3893617213837,0.07266203818119266,0.0002450972885489126,-0.07266203818119266,0.0002450972885489126,2.0758750843815506,2.1249345536489272e-06,7.167645038314522e-09,0.21218102167785424,0.21218102167785424,1.7746400770275743,0.19413523886454145,9.141256823887783,1.0000000302226792,1.0000000466524483,0.7459153036135269,0.5891073955572115,0.0,88.7651361696283,0.299414855633191,,,,,,1.3135120310064075e-06,1.3135120310064075e-06,5.877601099528001e-08,5.877601099528001e-08,21,22,22,,,,
instance_20_292.mat,20,Full SEP,Optimal,-296.38936713905514,-296.38936713905514,-296.3893648336629,-296.3893617213837,5.417671445684391e-06,1.8278899469233037e-08,-5.417671445684391e-06,1.8278899469233037e-08,778.4647156251594,6.659377049800241e-09,2.2468339920830908e-11,4.953869051943333e-09,4.953869051943333e-09,1.999999994497172,4.058038925217683e-09,492848893.60441196,1.0000000000884555,1.000000000138378,0.9999999932541312,0.9999999895539058,0.0,2.3120516061680974e-06,7.778255513588282e-09,1.1839954248711525e-13,1.5624131670703337e-13,1.1839954248711525e-13,1.5624131670703337e-13,,,,,,0,0,0,36100,,,
instance_20_292.mat,20,Gurobi,OPTIMAL,-296.38936712308055,-296.389663580304,-296.38936712308055,-296.3893617213837,0.0003018589202952171,1.018452926626543e-06,-0.0003018589202952171,1.018452926626543e-06,948.813093374949,,,,,,,,,,0.9999999998818365,1.0,0.0,,1.0002279427046417e-06,,,,,,,,,,,,,,2335.3941468754783,9.999377096264715e-07,2
instance_20_298.mat,20,Lazy KRON,Optimal,-346.7921031161604,-346.7921031161604,-346.77332186029446,-346.79208783431744,1.528184293420054e-05,4.406629446542438e-08,-1.528184293420054e-05,4.406629446542438e-08,0.9844756252132356,-2.2922642983758124e-07,6.60990915819096e-10,4.165523846735464e-05,4.165523846735464e-05,1.9999540905459074,3.898030150651157e-05,51306.78864071433,1.0000000038718995,1.000000005238123,0.9999484235854683,0.9999218656745066,0.0,0.018781026639487663,5.41571036282409e-05,,,,,,1.4425246609157185e-06,1.4425246609157185e-06,6.2718813135281e-08,6.2718813135281e-08,9,10,10,,,,
instance_20_298.mat,20,Full SEP,Optimal,-346.79208805757736,-346.79208805757736,-346.7920880558843,-346.79208783431744,2.2325991722027538e-07,6.437860750248947e-10,-2.2325991722027538e-07,6.437860750248947e-10,991.1708832918666,-1.375610736431554e-11,3.966672781194372e-14,3.390898879649325e-12,3.390898879649325e-12,1.999999999997227,2.348099411409531e-12,851752694233.953,1.0000000000008493,0.9999999999974291,0.999999999995896,0.999999999990691,0.0,1.6793251234048512e-09,4.8821218507386106e-12,2.245724954049384e-13,2.3999104538100303e-13,2.245724954049384e-13,2.3999104538100303e-13,,,,,,0,0,0,36100,,,
instance_20_298.mat,20,Gurobi,TIME_LIMIT,,-346.7954303145842,-346.7920880260658,-346.79208783431744,0.003342480266780967,9.638190052703245e-06,-0.003342480266780967,9.638190052703245e-06,2973.631031665951,,,,,,,,,,1.0000000000000002,0.9999999999404539,2.220446049250313e-16,,9.637637137776147e-06,,,,,,,,,,,,,,2973.5126498756,9.637526594372435e-06,2
instance_20_314.mat,20,Lazy KRON,Optimal,-324.4740728965461,-324.4740728965461,-324.47379879641113,-324.47406176898454,1.1127561549528764e-05,3.429414698744398e-08,-1.1127561549528764e-05,3.429414698744398e-08,0.7566204997710884,-2.3084908207238186e-08,7.114561727894506e-11,6.856871887340282e-07,6.856871887340282e-07,1.9999992939106015,5.920503177906338e-07,3378090.060611807,1.0000000060820744,1.000000008241021,0.9999991406364799,0.9999990734746693,0.0,0.00027407705005089156,8.447520398540185e-07,,,,,,3.491075262808135e-08,3.491075262808135e-08,1.5178589256890529e-09,1.5178589256890529e-09,7,8,8,,,,
instance_20_314.mat,20,Full SEP,Optimal,-324.4740723225043,-324.4740723225043,-324.4740722610145,-324.47406176898454,1.0553519757650065e-05,3.252500171157162e-08,-1.0553519757650065e-05,3.252500171157162e-08,771.0892540831119,2.6716406864579767e-12,8.233757068276798e-15,1.3703731651197576e-10,1.3703731651197576e-10,1.9999999998583498,1.1700209564293175e-10,17093710919.178501,1.000000000002658,1.0000000000042344,0.9999999998266837,0.9999999997171587,0.0,6.149247155917692e-08,1.8950605044761155e-10,2.9601462837831715e-14,2.960211870723771e-14,2.9601462837831715e-14,2.960211870723771e-14,,,,,,0,0,0,36100,,,
instance_20_314.mat,20,Gurobi,OPTIMAL,-324.47407231498227,-324.4743960740118,-324.47407231498227,-324.47406176898454,0.00033430502725195765,1.030297093690263e-06,-0.00033430502725195765,1.030297093690263e-06,167.43878541700542,,,,,,,,,,1.0,0.9999999998858597,0.0,,9.977953066387197e-07,,,,,,,,,,,,,,2313.2677622493356,9.976861477698719e-07,3
instance_20_326.mat,20,Lazy KRON,Optimal,-365.63280915371945,-365.63280915371945,-365.63211886493826,-365.6328038497616,5.303957834712492e-06,1.450624151314222e-08,-5.303957834712492e-06,1.450624151314222e-08,0.39723112480714917,-6.397465313057182e-08,1.7496967320477955e-10,1.7285009570270617e-06,1.7285009570270617e-06,1.9999983191491135,1.6007129908551612e-06,1249442.1739406507,1.000000013137251,1.0000000163847695,0.9999981672623479,0.9999971727960126,0.0,0.0006902248065330241,1.8879289929803408e-06,,,,,,3.4415197667857275e-07,3.4415197667857275e-07,1.496313243729729e-08,1.496313243729729e-08,3,4,4,,,,
instance_20_326.mat,20,Full SEP,Optimal,-365.6328044647082,-365.6328044647082,-365.6327963966435,-365.6328038497616,6.149466003080306e-07,1.6818693311950535e-09,-6.149466003080306e-07,1.6818693311950535e-09,894.8112356658094,6.447294254030567e-09,1.7633248918869576e-11,1.6094556140938534e-08,1.6094556140938534e-08,1.9999999839910867,1.0507861696497467e-08,190333679.84446698,1.0000000012852601,1.000000001755688,0.9999999781166107,0.999999968901283,0.0,8.074511981703836e-06,2.2066030697824203e-08,3.4163701245763064e-14,3.628030435890293e-14,3.4163701245763064e-14,3.628030435890293e-14,,,,,,0,0,0,36100,,,
instance_20_326.mat,20,Gurobi,TIME_LIMIT,,-365.63612936016443,-365.6328044651659,-365.6328038497616,0.0033255104028171445,9.095136218175528e-06,-0.0033255104028171445,9.095136218175528e-06,2684.4085695832036,,,,,,,,,,0.9999999999967412,0.9999999999770657,0.0,,9.093453112338604e-06,,,,,,,,,,,,,,2684.433706997428,9.093535803358195e-06,1
instance_20_332.mat,20,Lazy KRON,Optimal,-326.92930233389416,-326.92930233389416,-326.9284987296468,-326.92929668910404,5.6447901215506135e-06,1.726608805406365e-08,-5.6447901215506135e-06,1.726608805406365e-08,0.40562745882198215,-7.984152716744575e-08,2.442164914477543e-10,2.450592423044633e-06,2.450592423044633e-06,1.9999976650713933,2.3257464571632053e-06,859937.9605250956,1.0000000016818689,1.0000000018755328,0.9999975358919656,0.9999970117774475,0.0,0.0008035244058532953,2.45803677322181e-06,,,,,,7.918149733606481e-07,7.918149733606481e-07,3.442674618007065e-08,3.442674618007065e-08,3,4,4,,,,
instance_20_332.mat,20,Full SEP,Optimal,-326.9292968010951,-326.9292968010951,-326.9292967991769,-326.92929668910404,1.119910848501604e-07,3.425544481512043e-10,-1.119910848501604e-07,3.425544481512043e-10,746.9386741672643,-9.322320693172514e-12,2.8514791376571694e-14,4.5151420290956705e-12,4.5151420290956705e-12,1.9999999999957065,2.885489871479338e-12,693123209256.0918,1.0000000000002929,1.0000000000002176,0.9999999999942426,0.9999999999922349,0.0,1.9089156921836548e-09,5.867439937767002e-12,4.90130731565331e-14,4.9724113621200756e-14,4.90130731565331e-14,4.9724113621200756e-14,,,,,,0,0,0,36100,,,
instance_20_332.mat,20,Gurobi,TIME_LIMIT,,-326.93009576419826,-326.92929672987424,-326.92929668910404,0.0007990750942212799,2.4441772249613297e-06,-0.0007990750942212799,2.4441772249613297e-06,2240.8300515408628,,,,,,,,,,1.0,0.9999999997077003,0.0,,2.444052518781808e-06,,,,,,,,,,,,,,2240.8160225017928,2.443596286460364e-06,2
instance_20_335.mat,20,Lazy KRON,Optimal,-329.53035739325344,-329.53035739325344,-329.53000569629523,-329.5303534993066,3.893946825428429e-06,1.1816655849954026e-08,-3.893946825428429e-06,1.1816655849954026e-08,0.41867666598409414,-7.720055350546318e-07,2.3427448116209194e-09,1.063039053099058e-06,1.063039053099058e-06,1.9999989658107484,1.020807403016158e-06,1959232.427097799,1.000000007804072,1.0000000085129657,0.9999989164919612,0.9999986698779073,0.0,0.00035092495267008417,1.0672672496313663e-06,,,,,,3.488202558097993e-07,3.488202558097993e-07,1.516609967927303e-08,1.516609967927303e-08,3,4,4,,,,
instance_20_335.mat,20,Full SEP,Optimal,-329.53035360691865,-329.53035360691865,-329.53034717113775,-329.5303534993066,1.0761203839138034e-07,3.265618393374035e-10,-1.0761203839138034e-07,3.265618393374035e-10,583.220145250205,-1.1570006108740927e-07,3.511059294568732e-10,1.47111516340085e-08,1.47111516340085e-08,1.9999999864382443,9.372904071960668e-09,213381036.55848843,1.0000000012761607,1.0000000013355514,0.9999999807814264,0.9999999718552799,0.0,6.320080842669995e-06,1.953016113178559e-08,1.5425869191346924e-15,1.543836129482224e-15,1.5425869191346924e-15,1.543836129482224e-15,,,,,,0,0,0,36100,,,
instance_20_335.mat,20,Gurobi,OPTIMAL,-329.5303534945316,-329.5306830715551,-329.5303534945316,-329.5303534993066,0.0003295722484608632,1.0001261351110636e-06,-0.0003295722484608632,1.0001261351110636e-06,1097.5445746667683,,,,,,,,,,1.0,0.9999999998851316,0.0,,1.0001406254695032e-06,,,,,,,,,,,,,,1749.6604357506149,9.999691302327407e-07,1
instance_20_336.mat,20,Lazy KRON,Optimal,-350.2325090600006,-350.2325090600006,-316.48691095101753,-350.2221437152589,0.010365344741728677,2.9595609983632107e-05,-0.010365344741728677,2.9595609983632107e-05,1.8975303750485182,-4.813791179003601e-07,1.3744558413276591e-09,0.07178706341525941,0.07178706341525941,1.9062941706023215,0.05698322881082753,33.45360047832357,1.0000000217060445,1.0000000319424187,0.8993561141703097,0.9097178046665981,0.0,33.745597627603956,0.09635198685454381,,,,,,1.7874903075102579e-06,1.7874903075102579e-06,7.836273080581182e-08,7.836273080581182e-08,18,19,19,,,,
instance_20_336.mat,20,Full SEP,Optimal,-350.22214613858915,-350.22214613858915,-350.2221433720528,-350.2221437152589,2.4233302724496752e-06,6.919409007021276e-09,-2.4233302724496752e-06,6.919409007021276e-09,2961.13194525009,-2.2998847271082923e-10,6.566931167734284e-13,6.8593888019429615e-09,6.8593888019429615e-09,1.9999999922315543,6.3604007317448385e-09,314445594.9527723,0.9999999999916992,1.0000000001673035,0.9999999915170272,0.9999999940223532,0.0,2.7663063519867137e-06,7.899375784661707e-09,3.988204005911744e-11,4.1917957188598704e-11,3.988204005911744e-11,4.1917957188598704e-11,,,,,,0,0,0,36100,,,
instance_20_336.mat,20,Gurobi,TIME_LIMIT,,-350.22498654898294,-350.22214595000514,-350.2221437152589,0.002842833724059801,8.117164203708802e-06,-0.002842833724059801,8.117164203708802e-06,8883.501207875088,,,,,,,,,,1.0000000000000002,0.9999999996818947,2.220446049250313e-16,,8.110783316143239e-06,,,,,,,,,,,,,,8883.39583575027,8.109878461418835e-06,2
instance_20_346.mat,20,Lazy KRON,Optimal,-369.1318859120448,-369.1318859120448,-330.00327253951025,-369.02418297471223,0.10770293733258995,0.00029177359486699274,-0.10770293733258995,0.00029177359486699274,2.377683290746063,4.1296743802377023e-10,1.1187530901141668e-12,0.08729433251742412,0.08729433251742412,1.909141436610445,0.07855533629592032,24.303141283981674,1.0000000006505394,1.0000000007284986,0.8945889112574201,0.8315002657837083,0.0,39.12861337294754,0.10600171609628428,,,,,,1.8558589145595918e-06,1.8558589145595918e-06,8.164422393099746e-08,8.164422393099746e-08,22,23,23,,,,
instance_20_346.mat,20,Full SEP,Optimal,-369.02418479966866,-369.02418479966866,-369.02418290728735,-369.02418297471223,1.824956427753932e-06,4.945357250080078e-09,-1.824956427753932e-06,4.945357250080078e-09,610.5676205419004,2.2322410586639307e-10,6.049037300565388e-13,4.3534946189378616e-09,4.3534946189378616e-09,1.9999999953018848,4.253400422073992e-09,470212017.87690353,1.0000000000397897,1.0000000000511469,0.9999999949623453,0.9999999907898189,0.0,1.8926045299849648e-06,5.128068521867778e-09,1.7193693767365938e-12,2.3644351165322385e-12,1.7193693767365938e-12,2.3644351165322385e-12,,,,,,0,0,0,36100,,,
instance_20_346.mat,20,Gurobi,TIME_LIMIT,,-369.0496656296038,-369.02418479771615,-369.02418297471223,0.02548265489156165,6.90493916261593e-05,-0.02548265489156165,6.90493916261593e-05,1832.1854146658443,,,,,,,,,,1.0000000000000002,0.9999999999109256,2.220446049250313e-16,,6.904445190101403e-05,,,,,,,,,,,,,,1831.7028616257012,6.904909129538275e-05,1
instance_20_384.mat,20,Lazy KRON,Optimal,-350.9033060046273,-350.9033060046273,-252.23111567489062,-350.712431717466,0.19087428716130717,0.0005439512364092407,-0.19087428716130717,0.0005439512364092407,2.1585075412876904,-1.9129259953842848e-06,5.451433379653195e-09,0.2228454959736241,0.2228454959736241,1.758462970487248,0.2050276803541759,8.576710068853064,1.0000000212156752,1.0000000243702172,0.7269853349327263,0.57141084952108,0.0,98.67218841681071,0.2811948153273755,,,,,,1.4493077644659118e-06,1.4493077644659118e-06,6.495805520781233e-08,6.495805520781233e-08,21,22,22,,,,
instance_20_384.mat,20,Full SEP,Optimal,-350.7125974403006,-350.7125974403006,-350.71259290935933,-350.712431717466,0.00016572283459481696,4.725317419572498e-07,-0.00016572283459481696,4.725317419572498e-07,931.8247366249561,-1.618673195480369e-09,4.61538367111522e-12,1.1617685513735944e-08,1.1617685513735944e-08,1.9999999892295377,1.038049982832411e-08,192668948.73138586,1.0000000000246545,1.000000000019686,0.9999999877795079,0.9999999767737169,0.0,4.529322609414521e-06,1.2919243037402648e-08,1.956195387287611e-12,2.0950701795587805e-12,1.956195387287611e-12,2.0950701795587805e-12,,,,,,0,0,0,36100,,,
instance_20_384.mat,20,Gurobi,TIME_LIMIT,,-350.71297086325393,-350.71259742420403,-350.712431717466,0.0005391457879113659,1.5372849957168639e-06,-0.0005391457879113659,1.5372849957168639e-06,2795.440641958732,,,,,,,,,,1.0000000000000002,0.9999999997760625,2.220446049250313e-16,,1.0647996536188809e-06,,,,,,,,,,,,,,2795.4742098748684,1.0640480912221587e-06,2
instance_20_408.mat,20,Lazy KRON,Optimal,-352.8918168338016,-352.8918168338016,-352.89142551227934,-352.8918044377896,1.2396012039062043e-05,3.512694669511162e-08,-1.2396012039062043e-05,3.512694669511162e-08,0.4271417078562081,-7.498407512684935e-07,2.1248459598643498e-09,1.0308953802574168e-06,1.0308953802574168e-06,1.9999990662904739,8.935768581188666e-07,2238194.787744187,1.000000024229128,1.0000000266007458,0.9999989005759664,0.999998692728274,0.0,0.00039057168152112354,1.108899395240693e-06,,,,,,2.0481642276873904e-07,2.0481642276873904e-07,8.905062782355129e-09,8.905062782355129e-09,3,4,4,,,,
instance_20_408.mat,20,Full SEP,Optimal,-352.89181421964116,-352.89181421964116,-352.8918141910294,-352.8918044377896,9.781851588286372e-06,2.771912295533756e-08,-9.781851588286372e-06,2.771912295533756e-08,1803.6933485832997,-7.105427357601002e-12,2.0134860235603417e-14,6.167330553227089e-11,6.167330553227089e-11,1.9999999999433862,3.658241600857717e-11,54671074744.61127,1.000000000000579,0.9999999999994372,0.9999999999189119,0.9999999999051945,0.0,2.8604631552298088e-08,8.107792764455465e-11,6.619092729305281e-13,1.2388841907547189e-12,6.619092729305281e-13,1.2388841907547189e-12,,,,,,0,0,0,36100,,,
instance_20_408.mat,20,Gurobi,OPTIMAL,-352.8918142124624,-352.89216705472285,-352.8918142124624,-352.8918044377896,0.0003626169332733298,1.0275573308973415e-06,-0.0003626169332733298,1.0275573308973415e-06,79.32100395811722,,,,,,,,,,1.0000000000000002,0.9999999997894017,2.220446049250313e-16,,9.998585782882968e-07,,,,,,,,,,,,,,5411.080045749899,9.996524723989196e-07,4
instance_20_412.mat,20,Lazy KRON,Optimal,-273.88364824181735,-273.88364824181735,-273.881126206121,-273.8836317607954,1.648102193030354e-05,6.017526798734664e-08,-1.648102193030354e-05,6.017526798734664e-08,0.4304801248945296,1.6448603901153547e-06,6.005690374998491e-09,8.875837969470538e-06,8.875837969470538e-06,1.9999915623892324,8.295880797369876e-06,241082.485541898,1.0000000272452407,1.0000000251638013,0.9999908677559298,0.9999870447201726,0.0,0.0025236805567487863,9.208420117625698e-06,,,,,,2.207151568780053e-06,2.207151568780053e-06,9.596320374176252e-08,9.596320374176252e-08,3,4,4,,,,
instance_20_412.mat,20,Full SEP,Optimal,-273.8836318377217,-273.8836318377217,-273.8836317722567,-273.8836317607954,7.692625558775035e-08,2.808720443481259e-10,-7.692625558775035e-08,2.808720443481259e-10,587.89326841617,3.4276581573067233e-10,1.2515016448071782e-12,1.8339340757633722e-10,1.8339340757633722e-10,1.9999999998202123,1.3599481840320566e-10,14706442666.738165,1.0000000000064722,1.0000000000050389,0.9999999997638708,0.9999999996222328,0.0,6.580773970199516e-08,2.3902477649724255e-10,4.92564674367609e-13,4.927114586605537e-13,4.92564674367609e-13,4.927114586605537e-13,,,,,,0,0,0,36100,,,
instance_20_412.mat,20,Gurobi,OPTIMAL,-273.8836318354911,-273.8839057252434,-273.8836318354911,-273.8836317607954,0.00027396444795613206,1.0002940743475794e-06,-0.00027396444795613206,1.0002940743475794e-06,463.75425037462264,,,,,,,,,,1.0000000000000002,0.9999999998907394,2.220446049250313e-16,,1.0000213468837644e-06,,,,,,,,,,,,,,1763.67980524851,9.999167864977655e-07,4
instance_20_430.mat,20,Lazy KRON,Optimal,-303.77052504451285,-303.77052504451285,-298.9037998938478,-303.77024684091396,0.0002782035988957432,9.158347369448592e-07,-0.0002782035988957432,9.158347369448592e-07,1.7038893341086805,-1.1234874364163261e-08,3.698474156607842e-11,0.011347698534657034,0.011347698534657034,1.9871968881762232,0.010336363170603146,192.25300576007785,1.000000000163406,1.0000000002221343,0.9849809474032729,0.9791249761890408,0.0,4.866725139430173,0.016021057836180467,,,,,,1.4105693801936813e-06,1.4105693801936813e-06,6.142295471766365e-08,6.142295471766365e-08,16,17,17,,,,
instance_20_430.mat,20,Full SEP,Optimal,-303.770246910059,-303.770246910059,-303.77024684934275,-303.77024684091396,6.91450168233132e-08,2.276227429336943e-10,-6.91450168233132e-08,2.276227429336943e-10,573.9306043749675,-1.3324097380973399e-10,4.3862417456961904e-13,1.4095091823798132e-10,1.4095091823798132e-10,1.9999999998713496,1.0216676182571907e-10,19575838209.329224,1.0000000000042495,1.0000000000031102,0.9999999998216552,0.9999999997185882,0.0,6.058297685740399e-08,1.998754599860161e-10,1.7779367668077799e-13,1.8180571276440877e-13,1.7779367668077799e-13,1.8180571276440877e-13,,,,,,0,0,0,36100,,,
instance_20_430.mat,20,Gurobi,TIME_LIMIT,,-303.77092504717695,-303.77024682344484,-303.77024684091396,0.0006782062629895336,2.232624017207062e-06,-0.0006782062629895336,2.232624017207062e-06,1721.8010703339241,,,,,,,,,,0.9999999998721761,0.9999999999999999,0.0,,2.2326815247498975e-06,,,,,,,,,,,,,,1721.7918131249025,2.2326865056981558e-06,10
instance_20_435.mat,20,Lazy KRON,Optimal,-334.658188181085,-334.658188181085,-306.5412082847627,-334.65724479016126,0.0009433909237372973,2.8189685985714604e-06,-0.0009433909237372973,2.8189685985714604e-06,2.1121491249650717,2.650898522915668e-08,7.92121219959888e-11,0.07253392525158314,0.07253392525158314,1.9369638606655786,0.05571049637585231,34.768382740620396,1.0000000012165686,1.0000000013090793,0.9177061940697961,0.8578897760098576,0.0,28.116979922831263,0.0840170086652954,,,,,,1.4082634184441468e-06,1.4082634184441468e-06,6.180611353569359e-08,6.180611353569359e-08,20,21,21,,,,
instance_20_435.mat,20,Full SEP,Optimal,-334.65724652312997,-334.65724652312997,-334.6572367994257,-334.65724479016126,1.7329687125311466e-06,5.17833912319413e-09,-1.7329687125311466e-06,5.17833912319413e-09,597.2211120408028,3.1206468520394992e-09,9.324904464077739e-12,2.416821874615292e-08,2.416821874615292e-08,1.9999999787354992,1.793340586043083e-08,111523711.35191892,1.0000000001313685,1.0000000001484142,0.999999971442767,0.9999999522779863,0.0,9.726824941935774e-06,2.9055711167490518e-08,1.1634303045549655e-13,1.304505813249966e-13,1.1634303045549655e-13,1.304505813249966e-13,,,,,,0,0,0,36100,,,
instance_20_435.mat,20,Gurobi,OPTIMAL,-334.6572465185094,-334.65758112778457,-334.6572465185094,-334.65724479016126,0.000336337623309646,1.0050201826481855e-06,-0.000336337623309646,1.0050201826481855e-06,419.6833849591203,,,,,,,,,,1.0,0.9999999998656002,0.0,,9.998556555737917e-07,,,,,,,,,,,,,,1791.6633361224085,9.99651920781717e-07,2
instance_20_442.mat,20,Lazy KRON,Optimal,-221.91795786983744,-221.91795786983744,-221.91740341424355,-221.91795310564027,4.764197171880369e-06,2.146828142080658e-08,-4.764197171880369e-06,2.146828142080658e-08,0.40242708288133144,6.451405454299675e-07,2.9071128430641232e-09,2.08990586263807e-06,2.08990586263807e-06,1.9999979457559094,2.0323653641780048e-06,984074.0159261735,1.000000008246498,1.0000000122013113,0.9999978693625946,0.9999971475493206,0.0,0.00055510073443088,2.4984710530305866e-06,,,,,,6.570277233384826e-07,6.570277233384826e-07,2.8566428969763114e-08,2.8566428969763114e-08,3,4,4,,,,
instance_20_442.mat,20,Full SEP,Optimal,-221.91795311174417,-221.91795311174417,-221.91795310874505,-221.91795310564027,6.1039031606924254e-09,2.7505224679225828e-11,-6.1039031606924254e-09,2.7505224679225828e-11,1153.6273164581507,3.6777692002942786e-11,1.6572652859871961e-13,8.638735861995685e-12,8.638735861995685e-12,1.9999999999920604,5.580681417862881e-12,358379174555.7049,0.9999999999999238,1.0000000000009672,0.9999999999886398,0.9999999999840978,0.0,3.0358933145180345e-09,1.3514524536935154e-11,1.9556780604678316e-13,1.9557836461567373e-13,1.9556780604678316e-13,1.9557836461567373e-13,,,,,,0,0,0,36100,,,
instance_20_442.mat,20,Gurobi,OPTIMAL,-221.9179531097746,-221.91817502468058,-221.9179531097746,-221.91795310564027,0.0002219190403138782,1.000003899136236e-06,-0.0002219190403138782,1.000003899136236e-06,285.12219716701657,,,,,,,,,,0.9999999999851156,0.9999999999929835,0.0,,9.999852691365068e-07,,,,,,,,,,,,,,3460.8819493744522,9.999862687238258e-07,1
instance_20_450.mat,20,Lazy KRON,Optimal,-345.0456298927333,-345.0456298927333,-340.3147231390491,-345.0450112758087,0.0006186169246120699,1.7928554110492098e-06,-0.0006186169246120699,1.7928554110492098e-06,1.376014290843159,3.0955561669543386e-08,8.971440003215445e-11,0.011002808216364927,0.011002808216364927,1.9881287923105733,0.010082681536014626,197.18254367244643,1.0000000070427335,1.0000000048564526,0.9861541381497045,0.9797011672631878,0.0,4.730906784639785,0.013710959779884629,,,,,,1.3527123827964196e-06,1.3527123827964196e-06,5.8899624991979975e-08,5.8899624991979975e-08,14,15,15,,,,
instance_20_450.mat,20,Full SEP,Optimal,-345.0450114248419,-345.0450114248419,-345.0449746628076,-345.0450112758087,1.4903321243764367e-07,4.3192397369323e-10,-1.4903321243764367e-07,4.3192397369323e-10,914.304235749878,1.4189367902872618e-08,4.112323735468166e-11,7.555215667129185e-08,7.555215667129185e-08,1.999999917497151,5.463713282444412e-08,36605140.389108606,1.0000000013711028,0.9999999944624939,0.999999891957655,0.9999998497705203,0.0,3.677622368059019e-05,1.0654272079135643e-07,3.141925938833412e-10,3.7888323310304456e-10,3.141925938833412e-10,3.7888323310304456e-10,,,,,,0,0,0,36100,,,
instance_20_450.mat,20,Gurobi,TIME_LIMIT,,-345.0472393681816,-345.0450114274554,-345.0450112758087,0.002228092372888568,6.45735458416779e-06,-0.002228092372888568,6.45735458416779e-06,2742.9489263328724,,,,,,,,,,0.9999999999999999,0.9999999996332394,0.0,,6.456915088687159e-06,,,,,,,,,,,,,,2742.912707249634,6.456536562238734e-06,3
instance_20_456.mat,20,Lazy KRON,Optimal,-331.71106755188777,-331.71106755188777,-303.3524576457488,-331.68934414509056,0.02172340679720719,6.548894179965555e-05,-0.02172340679720719,6.548894179965555e-05,1.6528818332590163,9.723510174808325e-08,2.931319188886373e-10,0.0664827195604568,0.0664827195604568,1.9362676386555404,0.05565479097925599,34.790673086477646,1.0000000034573693,1.000000004712126,0.9215674398724785,0.8710417193171343,0.0,28.358610003374054,0.08549190147748979,,,,,,1.6912216728685254e-06,1.6912216728685254e-06,7.418235482504324e-08,7.418235482504324e-08,16,17,17,,,,
instance_20_456.mat,20,Full SEP,Optimal,-331.6893443670758,-331.6893443670758,-331.68932118843264,-331.68934414509056,2.2198526039574062e-07,6.692565322510715e-10,-2.2198526039574062e-07,6.692565322510715e-10,564.9972712500021,1.09210986920516e-08,3.292568446204102e-11,5.059848224002996e-08,5.059848224002996e-08,1.9999999453787607,4.7053802290139604e-08,42504534.129814036,1.0000000003960157,1.0000000005107124,0.999999936753193,0.9999998896881178,0.0,2.3189564274161967e-05,6.988057822508295e-08,1.2742642446057027e-14,1.2773082709079351e-14,1.2742642446057027e-14,1.2773082709079351e-14,,,,,,0,0,0,36100,,,
instance_20_456.mat,20,Gurobi,OPTIMAL,-331.6893443683151,-331.68967091980807,-331.6893443683151,-331.68934414509056,0.00032677471750730547,9.85182072752302e-07,-0.00032677471750730547,9.85182072752302e-07,19.926541082561016,,,,,,,,,,0.9999999999999998,0.9999999998953856,0.0,,9.845090805545205e-07,,,,,,,,,,,,,,1694.9918137500063,9.844067617132948e-07,3
instance_20_465.mat,20,Lazy KRON,Optimal,-334.7403982051203,-334.7403982051203,-323.9672029615791,-334.73752672932585,0.002871475794449907,8.578217059687969e-06,-0.002871475794449907,8.578217059687969e-06,2.256325750146061,-6.133450369816273e-08,1.8323006134616154e-10,0.024235768363530707,0.024235768363530707,1.9732356440984897,0.022849777857121854,86.35688523700324,1.0000000064467092,1.0000000081610372,0.9695621301602503,0.9537967760153951,0.0,10.773195182206678,0.03218373193467866,,,,,,2.0258064946536246e-06,2.0258064946536246e-06,8.836886498425815e-08,8.836886498425815e-08,21,22,22,,,,
instance_20_465.mat,20,Full SEP,Optimal,-334.73752676750803,-334.73752676750803,-334.7375266014554,-334.73752672932585,3.818217919615563e-08,1.1406602529711305e-10,-3.818217919615563e-08,1.1406602529711305e-10,1835.6353328344412,-3.205968823749572e-11,9.577560229678932e-14,3.601912083687249e-10,3.601912083687249e-10,1.9999999996300735,2.698129777126368e-10,7412541889.516394,1.0000000000053557,1.0000000000056497,0.9999999995022645,0.999999999389529,0.0,1.6602058394710184e-07,4.960682037621411e-10,8.680292281504521e-12,1.0035534340841438e-11,8.680292281504521e-12,1.0035534340841438e-11,,,,,,0,0,0,36100,,,
instance_20_465.mat,20,Gurobi,OPTIMAL,-334.73752673782826,-334.7378615737912,-334.73752673782826,-334.73752672932585,0.00033484446532838774,1.0003184693661344e-06,-0.00033484446532838774,1.0003184693661344e-06,1447.1071987911128,,,,,,,,,,0.9999999998813363,1.0,0.0,,1.000293069158403e-06,,,,,,,,,,,,,,3827.0063045830466,9.999945765905048e-07,1
instance_20_479.mat,20,Lazy KRON,Optimal,-319.02257126898013,-319.02257126898013,-264.8624739072904,-318.9601172376839,0.06245403129622673,0.00019576681062973862,-0.06245403129622673,0.00019576681062973862,1.9428079170174897,-1.7005277186399326e-09,5.3304307337117935e-12,0.12388782461210071,0.12388782461210071,1.8667930398297972,0.11387892579906073,16.392787574443336,1.0000000000201716,1.000000000001723,0.8470670732635175,0.7643809312484031,0.0,54.16009735998921,0.1697688572512485,,,,,,1.7841341958879426e-06,1.7841341958879426e-06,7.888098497011643e-08,7.888098497011643e-08,19,20,20,,,,
instance_20_479.mat,20,Full SEP,Optimal,-318.9601175335724,-318.9601175335724,-318.96011231475654,-318.9601172376839,2.958884692816355e-07,9.2766604041175e-10,-2.958884692816355e-07,9.2766604041175e-10,893.8011643332429,-1.2715531738649588e-08,3.9865585192829654e-11,1.177249359092777e-08,1.177249359092777e-08,1.9999999884641912,1.0004139589396477e-08,199917241.31718618,1.000000000252774,1.0000000003753593,0.999999985897687,0.9999999755040562,0.0,5.2061002975278825e-06,1.6361969858871845e-08,2.5841921733598306e-16,3.2685369785352895e-16,2.5841921733598306e-16,3.2685369785352895e-16,,,,,,0,0,0,36100,,,
instance_20_479.mat,20,Gurobi,OPTIMAL,-318.9601175014859,-318.96043650977873,-318.9601175014859,-318.9601172376839,0.00031927209482773833,1.000977106506907e-06,-0.00031927209482773833,1.000977106506907e-06,443.0039941673167,,,,,,,,,,0.9999999999236742,1.0000000000000002,2.220446049250313e-16,,1.000150038389367e-06,,,,,,,,,,,,,,2379.3523692907766,9.99982682549116e-07,1
instance_20_509.mat,20,Lazy KRON,Optimal,-302.8966480661504,-302.8966480661504,-292.13566173716157,-302.8933305580516,0.003317508098803046,1.0952607498246486e-05,-0.003317508098803046,1.0952607498246486e-05,2.1033679586835206,1.4307141782410326e-07,4.72344011521902e-10,0.029113525007778234,0.029113525007778234,1.972249913733453,0.023594498683961452,83.58939683995514,1.0000000021782578,1.0000000027736835,0.9654104113033236,0.9440585098584631,0.0,10.760986472060267,0.03552692444004441,,,,,,1.5061862592969218e-06,1.5061862592969218e-06,6.573755577444068e-08,6.573755577444068e-08,20,21,21,,,,
instance_20_509.mat,20,Full SEP,Optimal,-302.89333064367725,-302.89333064367725,-302.8933305616141,-302.8933305580516,8.562562925362727e-08,2.8269235599101715e-10,-8.562562925362727e-08,2.8269235599101715e-10,817.722215292044,4.5338310883380473e-10,1.4968408444990266e-12,1.680378231070722e-10,1.680378231070722e-10,1.999999999776879,1.2817087370649813e-10,15604169199.600931,1.0000000000054288,1.000000000006199,0.9999999997311794,0.9999999996090294,0.0,8.251652161561651e-08,2.709308202078623e-10,4.91035161614649e-14,5.5427710875601266e-14,4.91035161614649e-14,5.5427710875601266e-14,,,,,,0,0,0,36100,,,
instance_20_509.mat,20,Gurobi,OPTIMAL,-302.89333064161343,-302.89363359722375,-302.89333064161343,-302.8933305580516,0.000303039172138142,1.000480493892162e-06,-0.000303039172138142,1.000480493892162e-06,1197.600309249945,,,,,,,,,,1.0000000000000002,0.9999999999944009,2.220446049250313e-16,,1.0002046154781703e-06,,,,,,,,,,,,,,1799.1855146656744,9.99992079955753e-07,1
instance_20_511.mat,20,Lazy KRON,Optimal,-311.6635065156122,-311.6635065156122,-311.6620463514763,-311.66349268135156,1.383426064194282e-05,4.438845213740101e-08,-1.383426064194282e-05,4.438845213740101e-08,0.457048624753952,4.884920485892508e-07,1.5673700589798783e-09,4.2303508442619045e-06,4.2303508442619045e-06,1.9999956895992592,4.2199406437565285e-06,473939.2940415609,1.0000000167010092,1.000000020159422,0.9999956027731275,0.9999936429038098,0.0,0.0014606526279408172,4.685066122167511e-06,,,,,,1.3684771894872481e-06,1.3684771894872481e-06,5.949903605476127e-08,5.949903605476127e-08,3,4,4,,,,
instance_20_511.mat,20,Full SEP,Optimal,-311.66349268147457,-311.66349268147457,-311.66349264107555,-311.66349268135156,1.2300915841478854e-10,3.946858111498674e-13,-1.2300915841478854e-10,3.946858111498674e-13,793.8685572501272,1.9139179130434059e-10,6.140975629120164e-13,9.23676838713897e-11,9.23676838713897e-11,1.9999999999101266,5.910806518798339e-11,33836330009.271297,1.0000000000049978,1.0000000000076283,0.9999999998754896,0.9999999998257367,0.0,4.059040747961262e-08,1.296238303072499e-10,8.134046163214748e-15,8.429596726668923e-15,8.134046163214748e-15,8.429596726668923e-15,,,,,,0,0,0,36100,,,
instance_20_511.mat,20,Gurobi,OPTIMAL,-311.6634926746084,-311.66380433744786,-311.6634926746084,-311.66349268135156,0.00031165609630079416,9.999752681044561e-07,-0.00031165609630079416,9.999752681044561e-07,1091.7802441669628,,,,,,,,,,1.0000000000000002,0.9999999998955367,2.220446049250313e-16,,9.999969041242804e-07,,,,,,,,,,,,,,2381.6056717503816,9.998977132810877e-07,4
instance_20_514.mat,20,Lazy KRON,Optimal,-128.63310341238002,-128.63310341238002,-111.53968346035026,-128.53619589857053,0.09690751380949791,0.0007533637239461273,-0.09690751380949791,0.0007533637239461273,1.779564166907221,9.80742242973065e-08,7.624337880031864e-10,0.1012195949319291,0.1012195949319291,1.8907944766562008,0.0907175860373082,20.84264539268714,1.0000000007780634,1.0000000010672132,0.8736768122488786,0.8088498058948768,0.0,17.093420050103987,0.1328850777799445,,,,,,1.1655720273973433e-06,1.1655720273973433e-06,5.137366759473135e-08,5.137366759473135e-08,17,18,18,,,,
instance_20_514.mat,20,Full SEP,Optimal,-128.53619590512173,-128.53619590512173,-128.53619578023677,-128.53619589857053,6.551204023708124e-09,5.096777586714841e-11,-6.551204023708124e-09,5.096777586714841e-11,867.2751537919976,2.518078190405504e-09,1.9590420991330793e-11,6.636073600734553e-10,6.636073600734553e-10,1.9999999991687125,5.218884395040483e-10,3832236638.675723,1.0000000000158036,1.0000000000215303,0.9999999989854153,0.999999998679783,0.0,1.2740304100589128e-07,9.715937361929468e-10,1.3850609874123852e-14,1.5078241071242866e-14,1.3850609874123852e-14,1.5078241071242866e-14,,,,,,0,0,0,36100,,,
instance_20_514.mat,20,Gurobi,OPTIMAL,-128.53619590550517,-128.5363244139645,-128.53619590550517,-128.53619589857053,0.00012851539398184286,9.998371632904778e-07,-0.00012851539398184286,9.998371632904778e-07,2241.273256875109,,,,,,,,,,0.9999999999865219,0.9999999999746079,0.0,,9.997832124611131e-07,,,,,,,,,,,,,,2601.8254613759927,9.9978421269194e-07,1
instance_20_527.mat,20,Lazy KRON,Optimal,-192.61572685154596,-192.61572685154596,-167.95304930456692,-192.59325994961853,0.022466901927430172,0.00011664105675413517,-0.022466901927430172,0.00011664105675413517,2.2793592917732894,3.9560896425427927e-07,2.053876756175707e-09,0.09646300745982045,0.09646300745982045,1.8914757263816377,0.09008787891350087,20.99589588736754,1.0000000036697712,1.000000005190064,0.8754788679433662,0.817705621830064,0.0,24.662677942588004,0.12804083005115785,,,,,,1.421897230924352e-06,1.421897230924352e-06,6.264122958217665e-08,6.264122958217665e-08,21,22,22,,,,
instance_20_527.mat,20,Full SEP,Optimal,-192.59326004437432,-192.59326004437432,-192.59325981140523,-192.59325994961853,9.475579076934082e-08,4.919995162214331e-10,-9.475579076934082e-08,4.919995162214331e-10,1195.850293125026,1.5165539934969274e-09,7.874387676637837e-12,8.693007499766171e-10,8.693007499766171e-10,1.9999999990573576,6.558545766573468e-10,3049456495.753423,1.0000000000107632,1.0000000000178542,0.9999999987784618,0.9999999984011174,0.0,2.3448563979400205e-07,1.2096429841149584e-09,5.881223287770741e-13,6.31253785693181e-13,5.881223287770741e-13,6.31253785693181e-13,,,,,,0,0,0,36100,,,
instance_20_527.mat,20,Gurobi,OPTIMAL,-192.59326004388964,-192.59345263493066,-192.59326004388964,-192.59325994961853,0.00019268531212901507,1.0004769606278285e-06,-0.00019268531212901507,1.0004769606278285e-06,445.1573727922514,,,,,,,,,,0.9999999999930853,0.999999999972348,0.0,,9.999874781762255e-07,,,,,,,,,,,,,,3587.550879375078,9.999884775618865e-07,1
instance_20_529.mat,20,Lazy KRON,Optimal,-361.320675663647,-361.320675663647,-361.32044222040065,-361.3206723670734,3.296573595434893e-06,9.123678265518547e-09,-3.296573595434893e-06,9.123678265518547e-09,0.9504419998265803,-1.1664552630463731e-06,3.2283103116197672e-09,5.99507105927278e-07,5.99507105927278e-07,1.9999993791660922,5.831790214548711e-07,3429477.579931878,1.0000000088956174,1.0000000112441958,0.9999993571713245,0.9999992207732258,0.0,0.00023227679110959798,6.460832775314424e-07,,,,,,1.9751537964152637e-07,1.9751537964152637e-07,8.587625735425932e-09,8.587625735425932e-09,8,9,9,,,,
instance_20_529.mat,20,Full SEP,Optimal,-361.3206723710461,-361.3206723710461,-361.32067201110306,-361.3206723670734,3.9726728573441505e-09,1.0994867332873078e-11,-3.9726728573441505e-09,1.0994867332873078e-11,893.0845909998752,-3.4862637221522164e-09,9.648669419534665e-12,6.997372110882395e-10,6.997372110882395e-10,1.99999999917336,5.042183087683157e-10,3966535852.4145617,1.00000000002414,1.0000000000374798,0.999999998954918,0.9999999990466315,0.0,3.564567805369734e-07,9.961872424766612e-10,7.275804061036426e-13,8.725108802191217e-13,7.275804061036426e-13,8.725108802191217e-13,,,,,,0,0,0,36100,,,
instance_20_529.mat,20,Gurobi,TIME_LIMIT,,-361.3232125344616,-361.32067236572067,-361.3206723670734,0.0025401673881901843,7.0301804591309305e-06,-0.0025401673881901843,7.0301804591309305e-06,2679.340786667075,,,,,,,,,,0.9999999999966356,0.9999999999792658,0.0,,7.030184203035654e-06,,,,,,,,,,,,,,2679.2537729996257,7.03023362813162e-06,1
instance_20_539.mat,20,Lazy KRON,Optimal,-341.0471384438234,-341.0471384438234,-313.58876246432834,-341.0062780523842,0.04086039143925291,0.00011980863298163502,-0.04086039143925291,0.00011980863298163502,2.019282083027065,-7.963762982399203e-10,2.335091570841893e-12,0.06284311273456587,0.06284311273456587,1.9357741296164717,0.050848978804913944,38.069085655450806,1.000000000518096,1.0000000007293137,0.9221674205788276,0.8741534253779581,0.0,27.45837597869871,0.0805119670693791,,,,,,1.650687877418102e-06,1.650687877418102e-06,7.23934200884245e-08,7.23934200884245e-08,19,20,20,,,,
instance_20_539.mat,20,Full SEP,Optimal,-341.00627807432846,-341.00627807432846,-341.00627421814835,-341.0062780523842,2.1944288164377213e-08,6.43515664529615e-11,-2.1944288164377213e-08,6.43515664529615e-11,1455.061331874691,1.3324097380973399e-10,3.9072879995684924e-13,7.332128671616158e-09,7.332128671616158e-09,1.999999991014446,5.966664102561163e-09,335195673.2667346,1.0000000002932699,1.0000000004125014,0.9999999889347713,0.9999999831859006,0.0,3.856313355754537e-06,1.130823789097573e-08,7.375045819667703e-15,8.061925364249442e-15,7.375045819667703e-15,8.061925364249442e-15,,,,,,0,0,0,36100,,,
instance_20_539.mat,20,Gurobi,OPTIMAL,-341.00627797876206,-341.0066191971166,-341.00627797876206,-341.0062780523842,0.0003411447324310757,1.0004050162846816e-06,-0.0003411447324310757,1.0004050162846816e-06,3751.105278958101,,,,,,,,,,0.9999999997065144,1.0,0.0,,1.0006209127337095e-06,,,,,,,,,,,,,,4365.183995624073,9.999353146079625e-07,3
instance_20_540.mat,20,Lazy KRON,Optimal,-341.1514125575389,-341.1514125575389,-341.00356886546825,-341.1514101042659,2.4532729980819568e-06,7.1911559142912405e-09,-2.4532729980819568e-06,7.1911559142912405e-09,1.1764584579505026,1.8999537587660598e-07,5.569239020652192e-10,0.00034427196574834105,0.00034427196574834105,1.9997061274768388,0.000262919387489539,7605.776609214118,1.000000011178806,1.0000000150649555,0.9996131983165305,0.9993193740834813,0.0,0.14784388206601307,0.00043336678855375324,,,,,,8.168597769385311e-07,8.168597769385311e-07,3.5517218585805375e-08,3.5517218585805375e-08,10,11,11,,,,
instance_20_540.mat,20,Full SEP,Optimal,-341.15141052639336,-341.15141052639336,-341.1514104834688,-341.1514101042659,4.2212747075609514e-07,1.2373610594332776e-09,-4.2212747075609514e-07,1.2373610594332776e-09,1236.0256496248767,5.2011728257639334e-11,1.524593674620478e-13,9.143083669168571e-11,9.143083669168571e-11,1.9999999999082942,7.535005202427277e-11,26542781938.14687,1.00000000000102,1.000000000004863,0.9999999998856148,0.9999999998106515,0.0,4.297658051655162e-08,1.2582263318818405e-10,4.4986750480084546e-13,5.698363870694929e-13,4.4986750480084546e-13,5.698363870694929e-13,,,,,,0,0,0,36100,,,
instance_20_540.mat,20,Gurobi,OPTIMAL,-341.1514105222982,-341.1517514526293,-341.1514105222982,-341.1514101042659,0.0003413483634062686,1.0005763181716117e-06,-0.0003413483634062686,1.0005763181716117e-06,866.3590311668813,,,,,,,,,,1.0,0.9999999999372826,0.0,,9.993509623041682e-07,,,,,,,,,,,,,,1666.5918378327042,9.992660206592403e-07,2
instance_20_556.mat,20,Lazy KRON,Optimal,-264.84622038195477,-264.84622038195477,-222.65265991796082,-264.8259910096561,0.020229372298672388,7.638157822112047e-05,-0.020229372298672388,7.638157822112047e-05,1.9113258747383952,1.7632208937357063e-07,6.657527115897037e-10,0.10874854056974409,0.10874854056974409,1.8773062035997117,0.10168315799266656,18.46231215335684,1.0000000035064454,1.0000000053195703,0.8599627478002033,0.7945588936214997,0.0,42.193560640316036,0.1593134325388651,,,,,,1.6391204063754715e-06,1.6391204063754715e-06,7.233274195272437e-08,7.233274195272437e-08,18,19,19,,,,
instance_20_556.mat,20,Full SEP,Optimal,-264.8259910053238,-264.8259910053238,-264.8259859162654,-264.8259910096561,0.0,0.0,4.332321168476483e-09,1.6359123785242504e-11,723.8324807919562,8.383779004361713e-09,3.165768953619501e-11,1.3804851733032299e-08,1.3804851733032299e-08,1.999999986487309,8.337835858456e-09,239870395.6805488,1.0000000001569547,1.0000000002375644,0.999999981044061,0.9999999785009146,0.0,5.097442169699207e-06,1.9216612279542232e-08,1.0943550547310488e-14,1.0948639018601173e-14,1.0943550547310488e-14,1.0948639018601173e-14,,,,,,0,0,0,36100,,,
instance_20_556.mat,20,Gurobi,OPTIMAL,-264.825991013176,-264.82625585265447,-264.825991013176,-264.8259910096561,0.00026484299837647995,1.0000632207851582e-06,-0.00026484299837647995,1.0000632207851582e-06,361.5589682091959,,,,,,,,,,1.0000000000000002,0.999999999996542,2.220446049250313e-16,,1.0000499293725873e-06,,,,,,,,,,,,,,800.063905457966,9.999593650811735e-07,2
instance_20_562.mat,20,Lazy KRON,Optimal,-362.0006942381059,-362.0006942381059,-362.0002309531944,-362.00068906209344,5.176012450647249e-06,1.4298349514331949e-08,-5.176012450647249e-06,1.4298349514331949e-08,0.3878372497856617,3.7162351418373873e-08,1.0265823245612436e-10,1.2149700909312633e-06,1.2149700909312633e-06,1.9999987785764617,1.1870885804238533e-06,1684793.208828912,1.0000000248393204,1.0000000281450294,0.9999987159460066,0.9999984165981396,0.0,0.0004633220738696764,1.2797901188927898e-06,,,,,,3.9363070838972794e-07,3.9363070838972794e-07,1.7114380763770325e-08,1.7114380763770325e-08,3,4,4,,,,
instance_20_562.mat,20,Full SEP,Optimal,-362.00068906215984,-362.00068906215984,-362.0006890358909,-362.00068906209344,6.639311322942376e-11,1.834060410255829e-13,-6.639311322942376e-11,1.834060410255829e-13,573.3772814581171,1.7962520360015333e-11,4.9620127537743315e-14,5.341003029262516e-11,5.341003029262516e-11,1.9999999999470068,3.2424924241961944e-11,61680945960.66178,1.0000000000022482,1.0000000000048603,0.9999999999266673,0.999999999906374,0.0,2.62868979916675e-08,7.256598195810836e-11,2.357858042982802e-13,2.3578898384756287e-13,2.357858042982802e-13,2.3578898384756287e-13,,,,,,0,0,0,36100,,,
instance_20_562.mat,20,Gurobi,OPTIMAL,-362.00068903949784,-362.00105102911226,-362.00068903949784,-362.00068906209344,0.0003619670188186319,9.99905988641791e-07,-0.0003619670188186319,9.99905988641791e-07,225.4672817918472,,,,,,,,,,0.9999999999438447,1.0,0.0,,9.999684072452548e-07,,,,,,,,,,,,,,438.3078824169934,9.999684780609554e-07,10
instance_20_566.mat,20,Lazy KRON,Optimal,-317.1539480015254,-317.1539480015254,-317.15346950987464,-317.1539427022707,5.299254723922786e-06,1.6708777416503414e-08,-5.299254723922786e-06,1.6708777416503414e-08,0.38337745890021324,-1.3744454463449074e-08,4.3336854389033074e-11,1.4543110289744722e-06,1.4543110289744722e-06,1.999998562980176,1.421283654410932e-06,1407177.6290209286,1.0000000056554044,1.000000008500904,0.9999985208952358,0.9999980773303744,0.0,0.0004784779063129463,1.5087046961972813e-06,,,,,,4.91152788804614e-07,4.91152788804614e-07,2.1354472253998627e-08,2.1354472253998627e-08,3,4,4,,,,
instance_20_566.mat,20,Full SEP,Optimal,-317.1539434941352,-317.1539434941352,-317.15394348222173,-317.1539427022707,7.918645223981002e-07,2.496782835723256e-09,-7.918645223981002e-07,2.496782835723256e-09,491.33009283291176,4.604316927725449e-12,1.4517608947248018e-14,2.6100960743983643e-11,2.6100960743983643e-11,1.9999999999733957,1.7374885958355957e-11,115108669188.79272,1.0000000000017042,1.0000000000020457,0.9999999999635919,0.9999999999484347,0.0,1.1918075415451312e-08,3.756368584691393e-11,3.782359711342483e-15,3.791399929907325e-15,3.782359711342483e-15,3.791399929907325e-15,,,,,,0,0,0,36100,,,
instance_20_566.mat,20,Gurobi,OPTIMAL,-317.1539434886251,-317.15426071473183,-317.1539434886251,-317.1539427022707,0.0003180124611503743,1.0027059401116304e-06,-0.0003180124611503743,1.0027059401116304e-06,449.4409183342941,,,,,,,,,,1.0,0.9999999999335221,0.0,,1.0002265333906905e-06,,,,,,,,,,,,,,1473.9902784987353,9.99894907489851e-07,1
instance_20_586.mat,20,Lazy KRON,Optimal,-319.2778923904361,-319.2778923904361,-282.17815433428717,-319.2615477910173,0.016344599418800954,5.119239323596385e-05,-0.016344599418800954,5.119239323596385e-05,2.3756953747943044,2.8080876290914603e-08,8.795120789815061e-11,0.08339493977705702,0.08339493977705702,1.9059795134278181,0.07757080359063254,24.5708362580117,1.0000000040196346,1.0000000054775633,0.8918187417264198,0.8428135175288156,0.0,37.099738084229784,0.11619889425598146,,,,,,1.3327210797186775e-06,1.3327210797186775e-06,5.860749121616119e-08,5.860749121616119e-08,22,23,23,,,,
instance_20_586.mat,20,Full SEP,Optimal,-319.26154797592903,-319.26154797592903,-319.2615153263663,-319.2615477910173,1.849117552410462e-07,5.79185800524239e-10,-1.849117552410462e-07,5.79185800524239e-10,1522.689185374882,1.3048179425823037e-08,4.0869874585732494e-11,7.339425913189017e-08,7.339425913189017e-08,1.999999924732844,4.960791452823463e-08,40316145.997117706,1.0000000011288295,1.0000000015560564,0.9999998980353324,0.999999880461568,0.0,3.266261091994238e-05,1.0226587870512423e-07,4.245440988368807e-15,4.265141663657473e-15,4.245440988368807e-15,4.265141663657473e-15,,,,,,0,0,0,36100,,,
instance_20_586.mat,20,Gurobi,OPTIMAL,-319.2615479943811,-319.26186722187947,-319.2615479943811,-319.2615477910173,0.0003194308621914388,1.000529330267438e-06,-0.0003194308621914388,1.000529330267438e-06,94.9567790417932,,,,,,,,,,0.9999999999956164,0.9999999999872933,0.0,,9.998923490554508e-07,,,,,,,,,,,,,,4568.067556124646,9.998933486631135e-07,1
instance_20_591.mat,20,Lazy KRON,Optimal,-333.18480961529735,-333.18480961529735,-206.67052641558294,-333.15147547768015,0.03333413761720294,0.00010004699090481131,-0.03333413761720294,0.00010004699090481131,2.315389832947403,-3.4636855161807034e-08,1.0395688567494876e-10,0.29030069999578384,0.29030069999578384,1.7094110384803736,0.25505526517373295,6.702120175076544,1.0000000074284534,1.0000000093037267,0.6625877105182039,0.4319113873025857,0.0,126.51428316507756,0.37971203833029077,,,,,,2.1468160425603838e-06,2.1468160425603838e-06,9.705435261726544e-08,9.705435261726544e-08,21,22,22,,,,
instance_20_591.mat,20,Full SEP,Optimal,-333.1514868398906,-333.1514868398906,-333.15148663180935,-333.15147547768015,1.1362210443621734e-05,3.4105237084180576e-08,-1.1362210443621734e-05,3.4105237084180576e-08,746.5279039577581,6.821210263296962e-13,2.047480060197111e-15,4.5405809460394047e-10,4.5405809460394047e-10,1.999999999568457,3.4715640684930224e-10,5761092003.802887,1.000000000002243,1.000000000020156,0.9999999994380493,0.9999999990941282,0.0,2.080819285765756e-07,6.245844748564821e-10,9.95490662084286e-12,1.1643338036380569e-11,9.95490662084286e-12,1.1643338036380569e-11,,,,,,0,0,0,36100,,,
instance_20_591.mat,20,Gurobi,OPTIMAL,-333.1514868188365,-333.15181998437595,-333.1514868188365,-333.15147547768015,0.0003445066957965537,1.0340831870968325e-06,-0.0003445066957965537,1.0340831870968325e-06,260.8162711248733,,,,,,,,,,1.0,0.9999999999334273,0.0,,1.0000411808909874e-06,,,,,,,,,,,,,,2239.5837118732743,9.99795484973937e-07,3
instance_20_603.mat,20,Lazy KRON,Optimal,-350.84052313408057,-350.84052313408057,-329.53161218183783,-350.82327212956875,0.017251004511820156,4.9170501621978674e-05,-0.017251004511820156,4.9170501621978674e-05,2.2582531250081956,-2.2828379542261246e-07,6.506768185822404e-10,0.04670521799451972,0.04670521799451972,1.953981077473295,0.036685093415761996,53.26362550936708,1.0000000045054618,1.000000006423173,0.9428551054131389,0.9088970577110618,0.0,21.308910723958945,0.060736743754367065,,,,,,1.2795947257076463e-06,1.2795947257076463e-06,5.5984684520795905e-08,5.5984684520795905e-08,22,23,23,,,,
instance_20_603.mat,20,Full SEP,Optimal,-350.8232760993228,-350.8232760993228,-350.82327484242336,-350.82327212956875,3.969754061472486e-06,1.1315537856013278e-08,-3.969754061472486e-06,1.1315537856013278e-08,654.5184002500027,-2.1041159925516695e-09,5.997652196703065e-12,2.5588227448790552e-09,2.5588227448790552e-09,1.9999999973272153,1.7243610787884146e-09,1159849884.0697985,1.0000000000436693,1.000000000063343,0.9999999965020888,0.9999999953342456,0.0,1.2547953360808606e-06,3.5827139694048324e-09,1.302823377627682e-14,1.6226630864256597e-14,1.302823377627682e-14,1.6226630864256597e-14,,,,,,0,0,0,36100,,,
instance_20_603.mat,20,Gurobi,TIME_LIMIT,,-350.8754199649606,-350.8232760953394,-350.82327212956875,0.05214783539184964,0.0001486220818689929,-0.05214783539184964,0.0001486220818689929,1963.5582210831344,,,,,,,,,,0.9999999999965326,0.9999999999810498,0.0,,0.00014861077936554137,,,,,,,,,,,,,,1963.5552007500082,0.00014863286781138007,1
instance_20_628.mat,20,Lazy KRON,Optimal,-310.4394980142876,-310.4394980142876,-211.66281957079934,-310.10175083797384,0.33774717631376916,0.0010879645743346253,-0.33774717631376916,0.0010879645743346253,2.693845957983285,-2.5005249426612863e-08,8.054789930584808e-11,0.2447937819931314,0.2447937819931314,1.729694595419451,0.22751877896462147,7.602425625220209,1.0000000012250592,1.0000000018373838,0.6983481837256869,0.5211412485129318,0.0,98.77667841848302,0.31818334675615983,,,,,,1.583590682447347e-06,1.583590682447347e-06,7.122472853001375e-08,7.122472853001375e-08,26,27,27,,,,
instance_20_628.mat,20,Full SEP,Optimal,-310.1017521615028,-310.1017521615028,-310.1017452983703,-310.10175083797384,1.3235289770818781e-06,4.2680474001081315e-09,-1.3235289770818781e-06,4.2680474001081315e-09,762.4096074593253,-1.450189301976934e-09,4.676495027418184e-12,1.816310303250546e-08,1.816310303250546e-08,1.9999999822331205,1.5554272711191076e-08,128582031.4050524,1.0000000001688651,1.0000000000623372,0.9999999796850582,0.9999999623733435,0.0,6.861682322778506e-06,2.2131872729652053e-08,3.5473960064412184e-12,3.714643654082362e-12,3.5473960064412184e-12,3.714643654082362e-12,,,,,,0,0,0,36100,,,
instance_20_628.mat,20,Gurobi,TIME_LIMIT,,-310.1033863378379,-310.101752149053,-310.10175083797384,0.0016354998640508711,5.274047095600234e-06,-0.0016354998640508711,5.274047095600234e-06,2287.2421937920153,,,,,,,,,,1.0,0.9999999997671389,0.0,,5.26981921791141e-06,,,,,,,,,,,,,,2287.228822377976,5.26892661526346e-06,1
instance_20_661.mat,20,Lazy KRON,Optimal,-340.73546230310075,-340.73546230310075,-306.32457996377025,-340.7294859761602,0.005976326940526633,1.7539492074383498e-05,-0.005976326940526633,1.7539492074383498e-05,1.8585482081398368,-5.026867597734963e-07,1.4752992141637785e-09,0.07534959807784572,0.07534959807784572,1.917225138573176,0.06919909756930383,27.705926896706263,1.0000000071955182,1.0000000092572685,0.9047881262397164,0.8596298584079592,0.0,34.41088183664374,0.10099002348255828,,,,,,1.129139256314256e-06,1.129139256314256e-06,4.9592863097544644e-08,4.9592863097544644e-08,19,20,20,,,,
instance_20_661.mat,20,Full SEP,Optimal,-340.7294881943501,-340.7294881943501,-340.7294872050201,-340.7294859761602,2.2181898771123087e-06,6.510120062890085e-09,-2.2181898771123087e-06,6.510120062890085e-09,1786.1661005001515,-1.18257048598025e-09,3.4707019114991264e-12,2.089078948643997e-09,2.089078948643997e-09,1.9999999980049838,1.0535581747884968e-09,1898328963.5681357,1.0000000000164562,1.0000000000218607,0.9999999971507221,0.9999999965228084,0.0,9.88147405678319e-07,2.903564294969361e-09,3.039021172430198e-14,3.066009538427932e-14,3.039021172430198e-14,3.066009538427932e-14,,,,,,0,0,0,36100,,,
instance_20_661.mat,20,Gurobi,TIME_LIMIT,,-340.73120098868026,-340.72948814128404,-340.7294859761602,0.0017150125200373623,5.033329836131849e-06,-0.0017150125200373623,5.033329836131849e-06,5358.558777624741,,,,,,,,,,1.0,0.9999999998643688,0.0,,5.026975490504448e-06,,,,,,,,,,,,,,5358.4983015004545,5.026645118483381e-06,4
instance_20_690.mat,20,Lazy KRON,Optimal,-369.87025764031483,-369.87025764031483,-369.8696079834732,-369.87025617371603,1.4665988032902533e-06,3.965170956558682e-09,-1.4665988032902533e-06,3.965170956558682e-09,0.5849984157830477,-1.286531698951876e-06,3.4783323946068154e-09,1.356118692841378e-06,1.356118692841378e-06,1.9999984779525322,1.2501514222915581e-06,1599804.985452471,1.0000000124240527,1.0000000079987172,0.9999982229375239,0.9999975127698388,0.0,0.0006483703099320337,1.7564452080457706e-06,,,,,,3.052073146476709e-08,3.052073146476709e-08,1.3269885655996494e-09,1.3269885655996494e-09,5,6,6,,,,
instance_20_690.mat,20,Full SEP,Optimal,-369.8702562994224,-369.8702562994224,-369.87025627266496,-369.87025617371603,1.2570637863973388e-07,3.3986614630069186e-10,-1.2570637863973388e-07,3.3986614630069186e-10,1390.580581584014,-8.878942026058212e-11,2.4005558367662875e-13,5.5305029601645606e-11,5.5305029601645606e-11,1.9999999999451215,3.8792232422994825e-11,51556713161.97786,1.0000000000010136,0.9999999999980326,0.9999999999259028,0.9999999999192104,0.0,2.6668658392736688e-08,7.234279414816264e-11,1.5780351774806742e-14,1.5838926998257248e-14,1.5780351774806742e-14,1.5838926998257248e-14,,,,,,0,0,0,36100,,,
instance_20_690.mat,20,Gurobi,OPTIMAL,-369.8702562975822,-369.8706260873721,-369.8702562975822,-369.87025617371603,0.00036991365607264015,1.0001163379361135e-06,-0.00036991365607264015,1.0001163379361135e-06,449.8333527077921,,,,,,,,,,1.0,0.9999999998869367,0.0,,9.997814473611273e-07,,,,,,,,,,,,,,4171.741744752042,9.996728307045894e-07,3
instance_20_695.mat,20,Lazy KRON,Optimal,-325.5825899601705,-325.5825899601705,-307.34843581106804,-325.58015216198237,0.0024377981881116284,7.487495533498434e-06,-0.0024377981881116284,7.487495533498434e-06,1.9565027919597924,-7.724862030045188e-07,2.3726274893845504e-09,0.04073745953508777,0.04073745953508777,1.9535937778242851,0.03718230593872762,52.54095270593476,1.0000000269954585,1.000000034578715,0.9461839120113672,0.9244927966448148,0.0,18.234153376616234,0.05600469653900437,,,,,,1.2597683381824565e-06,1.2597683381824565e-06,5.5076138957055586e-08,5.5076138957055586e-08,18,19,19,,,,
instance_20_695.mat,20,Full SEP,Optimal,-325.58015259781354,-325.58015259781354,-325.58015012238263,-325.58015216198237,4.35831168488221e-07,1.3386294127904032e-09,-4.35831168488221e-07,1.3386294127904032e-09,1137.7535250000656,-2.218257577624172e-09,6.813245709004772e-12,5.611184936823535e-09,5.611184936823535e-09,1.9999999944852251,4.435605332104209e-09,450896742.3250085,1.0000000000701263,1.000000000096047,0.9999999929528666,0.9999999885952432,0.0,2.4732126462367887e-06,7.603138225911123e-09,4.2156203212501626e-13,4.2177505928155376e-13,4.2156203212501626e-13,4.2177505928155376e-13,,,,,,0,0,0,36100,,,
instance_20_695.mat,20,Gurobi,TIME_LIMIT,,-325.5807861833755,-325.5801525699545,-325.58015216198237,0.0006340213931252947,1.9473550652592795e-06,-0.0006340213931252947,1.9473550652592795e-06,3413.2945025828667,,,,,,,,,,0.9999999999123613,1.0000000000000004,4.440892098500626e-16,,1.9461020055906067e-06,,,,,,,,,,,,,,3413.2605750001967,1.945762609908855e-06,5
instance_20_700.mat,20,Lazy KRON,Optimal,-355.9765269323735,-355.9765269323735,-273.8427809310984,-355.93896646827017,0.03756046410330782,0.00010551387875763887,-0.03756046410330782,0.00010551387875763887,1.9790743752382696,1.182648475150927e-06,3.322265334016252e-09,0.1778983922923292,0.1778983922923292,1.7993660187057778,0.1683159590780511,10.690406474595672,1.0000000235550988,1.0000000275647347,0.7741035125750135,0.6576079586868636,0.0,82.13374718392356,0.2307279828506176,,,,,,1.867561690568476e-06,1.867561690568476e-06,8.321521918657956e-08,8.321521918657956e-08,19,20,20,,,,
instance_20_700.mat,20,Full SEP,Optimal,-355.93904806793694,-355.93904806793694,-355.93904669168484,-355.93896646827017,8.159966677112607e-05,2.2925179806501984e-07,-8.159966677112607e-05,2.2925179806501984e-07,762.8914530421607,1.0355734048062004e-09,2.909412188483866e-12,2.8521863395094845e-09,2.8521863395094845e-09,1.9999999972335651,1.7578124178485504e-09,1137777829.378084,1.000000000028707,0.9999999999152811,0.999999996107432,0.999999995488833,0.0,1.3772876741313667e-06,3.866538690253168e-09,1.0994326631463912e-12,1.1061949631276705e-12,1.0994326631463912e-12,1.1061949631276705e-12,,,,,,0,0,0,36100,,,
instance_20_700.mat,20,Gurobi,OPTIMAL,-355.9390480628133,-355.9394039390358,-355.9390480628133,-355.93896646827017,0.0004374707656324972,1.2290596679973814e-06,-0.0004374707656324972,1.2290596679973814e-06,55.44335158308968,,,,,,,,,,1.0000000000000002,0.9999999999123559,2.220446049250313e-16,,9.998224938330428e-07,,,,,,,,,,,,,,2288.674359126482,9.996959974413797e-07,2
instance_20_701.mat,20,Lazy KRON,Optimal,-318.48714454767116,-318.48714454767116,-318.4868527646607,-318.4871432280461,1.3196250847613555e-06,4.14341711228421e-09,-1.3196250847613555e-06,4.14341711228421e-09,0.4072699579410255,9.839197900873842e-07,3.0893548042097225e-09,8.658909232620594e-07,8.658909232620594e-07,1.9999991728432598,7.966255107695946e-07,2510588.910102972,1.0000000169635244,1.0000000180945707,0.999999077828402,0.9999988948542178,0.0,0.00029276693027213696,9.161531806768907e-07,,,,,,2.1025698062656502e-07,2.1025698062656502e-07,9.141608657302596e-09,9.141608657302596e-09,3,4,4,,,,
instance_20_701.mat,20,Full SEP,Optimal,-318.4871432281207,-318.4871432281207,-318.48714322765187,-318.4871432280461,7.463540896424092e-11,2.3434355373894105e-13,-7.463540896424092e-11,2.3434355373894105e-13,709.5839366661385,6.707523425575346e-12,2.106057832535799e-14,1.3517461560814262e-12,1.3517461560814262e-12,1.9999999999993803,7.451915536282459e-13,2683873683567.167,1.0000000000003306,0.9999999999984259,0.9999999999987578,0.9999999999962887,0.0,4.755520421895199e-10,1.472098729047057e-12,7.003321213432847e-14,8.178023621120492e-14,7.003321213432847e-14,8.178023621120492e-14,,,,,,0,0,0,36100,,,
instance_20_701.mat,20,Gurobi,OPTIMAL,-318.4871432261264,-318.4874590138218,-318.4871432261264,-318.4871432280461,0.00031578577574009614,9.91517143933732e-07,-0.00031578577574009614,9.91517143933732e-07,3.2643969170749187,,,,,,,,,,0.999999999996297,0.9999999999733227,0.0,,9.915231713581847e-07,,,,,,,,,,,,,,2128.7518099984154,9.915241557267164e-07,1
instance_20_702.mat,20,Lazy KRON,Optimal,-385.1395236871024,-385.1395236871024,-385.1391926792795,-385.13952216888754,1.5182148445092025e-06,3.941986607800452e-09,-1.5182148445092025e-06,3.941986607800452e-09,0.47516670916229486,-3.794989993366471e-07,9.853545948843262e-10,7.535849884201935e-07,7.535849884201935e-07,1.9999991783437117,7.066263261770688e-07,2830349.088695777,1.0000000092880166,1.00000000563892,0.9999991325594761,0.9999989897695585,0.0,0.000330628323865767,8.594491152095396e-07,,,,,,1.9854274281878379e-07,1.9854274281878379e-07,8.632293873031846e-09,8.632293873031846e-09,3,4,4,,,,
instance_20_702.mat,20,Full SEP,Optimal,-385.13952222976286,-385.13952222976286,-385.1395153241965,-385.13952216888754,6.087532256060513e-08,1.5806044055974267e-10,-6.087532256060513e-08,1.5806044055974267e-10,1616.9569411668926,-3.6422989069251344e-09,9.457089435636384e-12,1.2798862997576594e-08,1.2798862997576594e-08,1.9999999861208972,8.320505748901318e-09,240370002.31446117,1.000000000132917,0.9999999998900757,0.9999999816557819,0.9999999830189548,0.0,6.901924052726827e-06,1.7930038214863067e-08,4.1533333749163434e-11,4.369553581728111e-11,4.1533333749163434e-11,4.369553581728111e-11,,,,,,0,0,0,36100,,,
instance_20_702.mat,20,Gurobi,OPTIMAL,-385.13952221384517,-385.1399076947859,-385.13952221384517,-385.13952216888754,0.00038552589836626794,1.0010022089733374e-06,-0.00038552589836626794,1.0010022089733374e-06,3829.2867847075686,,,,,,,,,,1.0,0.9999999994239596,0.0,,1.000885478326606e-06,,,,,,,,,,,,,,4850.870823500678,9.999822045710448e-07,3
instance_20_705.mat,20,Lazy KRON,Optimal,-288.63789777322984,-288.63789777322984,-286.4688584710077,-288.63744685090796,0.0004509223218747138,1.562242260470535e-06,-0.0004509223218747138,1.562242260470535e-06,1.82599833374843,3.0346200219355524e-08,1.0513588289503552e-10,0.006087282242062985,0.006087282242062985,1.9934549667461892,0.005362847686409981,371.7157531432066,1.0000000005063536,1.0000000003997356,0.9923507474249458,0.9887568378304934,0.0,2.1690393325683317,0.007514741892716565,,,,,,1.5252306765029029e-06,1.5252306765029029e-06,6.63680222289251e-08,6.63680222289251e-08,17,18,18,,,,
instance_20_705.mat,20,Full SEP,Optimal,-288.63744685658355,-288.63744685658355,-288.63744655425575,-288.63744685090796,5.675587999576237e-09,1.9663380692236684e-11,-5.675587999576237e-09,1.9663380692236684e-11,681.0619099996984,2.817841959767975e-09,9.76256542751394e-12,6.990564493691091e-10,6.990564493691091e-10,1.9999999991213437,5.500545100592958e-10,3636003273.395111,1.0000000000371438,0.9999999999099857,0.9999999989295166,0.999999998341919,0.0,3.051456474167935e-07,1.0474309856518526e-09,7.582309617931496e-15,7.854394546885781e-15,7.582309617931496e-15,7.854394546885781e-15,,,,,,0,0,0,36100,,,
instance_20_705.mat,20,Gurobi,OPTIMAL,-288.6374468542424,-288.63773547103335,-288.6374468542424,-288.63744685090796,0.0002886201253886611,9.999389889809678e-07,-0.0002886201253886611,9.999389889809678e-07,227.8257525828667,,,,,,,,,,0.9999999999999998,0.9999999996445927,0.0,,9.999274366628174e-07,,,,,,,,,,,,,,2043.1857299990952,9.997801898096442e-07,3
instance_20_716.mat,20,Lazy KRON,Optimal,-353.9805080638238,-353.9805080638238,-353.98038581280565,-353.98050538078206,2.68304171413547e-06,7.579631231140302e-09,-2.68304171413547e-06,7.579631231140302e-09,0.4596679173409939,-6.595725494662474e-07,1.863301889343931e-09,3.1413706889173843e-07,3.1413706889173843e-07,1.9999996902445645,2.9525663901272127e-07,6773767.041893319,1.0000000161291869,1.000000017544546,0.9999996600474417,0.9999995692551606,0.0,0.0001215914455769962,3.453608753632847e-07,,,,,,7.506973732528414e-08,7.506973732528414e-08,3.2639017320075755e-09,3.2639017320075755e-09,3,4,4,,,,
instance_20_716.mat,20,Full SEP,Optimal,-353.98050598428546,-353.98050598428546,-353.9805059791686,-353.98050538078206,6.035033948137425e-07,1.7049057352342852e-09,-6.035033948137425e-07,1.7049057352342852e-09,741.4990892917849,-5.7980287238024175e-12,1.6379514198614695e-14,1.2365221249784346e-11,1.2365221249784346e-11,1.9999999999895932,8.282996515810679e-12,241458510355.75955,1.0000000000001723,1.000000000000093,0.9999999999850702,0.9999999999857788,0.0,5.111076006869553e-09,1.4455242447222539e-11,3.4914660495855814e-14,4.0609363151706394e-14,3.4914660495855814e-14,4.0609363151706394e-14,,,,,,0,0,0,36100,,,
instance_20_716.mat,20,Gurobi,OPTIMAL,-353.98050597912356,-353.9808599071268,-353.98050597912356,-353.98050538078206,0.0003545263447222169,1.0015410008756778e-06,-0.0003545263447222169,1.0015410008756778e-06,460.9156780000776,,,,,,,,,,1.0000000000000002,0.9999999998523269,2.220446049250313e-16,,9.998506792550474e-07,,,,,,,,,,,,,,2224.4972678753547,9.997081329266553e-07,2
instance_20_719.mat,20,Lazy KRON,Optimal,-299.32600298862604,-299.32600298862604,-212.0593270991548,-299.07069209455676,0.2553108940692823,0.0008529526052535562,-0.2553108940692823,0.0008529526052535562,2.1635966673493385,-1.2851728570240084e-09,4.2935556690437055e-12,0.20361105213605774,0.20361105213605774,1.7788071985143863,0.18939570030416114,9.392014684904147,1.00000000025088,1.0000000002599783,0.7508109036127864,0.6058207655365394,0.0,87.26667588818606,0.29154391873126784,,,,,,1.3474788722453317e-06,1.3474788722453317e-06,6.024185249043398e-08,6.024185249043398e-08,21,22,22,,,,
instance_20_719.mat,20,Full SEP,Optimal,-299.0706954955333,-299.0706954955333,-299.07068106446866,-299.07069209455676,3.4009765386144863e-06,1.1371814724205505e-08,-3.4009765386144863e-06,1.1371814724205505e-08,1057.176319083199,-5.684341886080801e-13,1.9006682940507953e-15,3.210787019882107e-08,3.210787019882107e-08,1.9999999661993146,2.867749882735291e-08,69741087.89054132,1.000000000196153,1.0000000002900027,0.9999999598860995,0.9999999322511015,0.0,1.4431064073505695e-05,4.82530213066476e-08,1.1387297539487633e-12,1.173562586794997e-12,1.1387297539487633e-12,1.173562586794997e-12,,,,,,0,0,0,36100,,,
instance_20_719.mat,20,Gurobi,OPTIMAL,-299.07069548761007,-299.0709945910263,-299.07069548761007,-299.07069209455676,0.00030249646954416676,1.0114537183982844e-06,-0.00030249646954416676,1.0114537183982844e-06,2992.195940583013,,,,,,,,,,0.9999999999530659,1.0000000000000002,2.220446049250313e-16,,1.0001084078654803e-06,,,,,,,,,,,,,,3171.5289572495967,9.999329901566458e-07,2
instance_20_720.mat,20,Lazy KRON,Optimal,-282.4679586899618,-282.4679586899618,-212.18378649301135,-282.32416126352723,0.14379742643455984,0.000509075178301524,-0.14379742643455984,0.000509075178301524,2.0402813339605927,-1.0201847544522025e-07,3.611683106231395e-10,0.1684118963961521,0.1684118963961521,1.8171735913436862,0.14940596876922022,12.162657264052024,1.0000000061847698,1.000000009916511,0.7905466936886616,0.6826674316947534,0.0,70.28417209493196,0.24882175140471308,,,,,,9.80595013274531e-07,9.80595013274531e-07,4.361493263915203e-08,4.361493263915203e-08,18,19,19,,,,
instance_20_720.mat,20,Full SEP,Optimal,-282.3243210553393,-282.3243210553393,-282.3243155204971,-282.32416126352723,0.00015979181205239001,5.659867044223537e-07,-0.00015979181205239001,5.659867044223537e-07,1987.6484575001523,-3.3804781196522526e-10,1.1973740367163175e-12,1.324730956975195e-08,1.324730956975195e-08,1.9999999863118108,1.1976418402869008e-08,166994832.59809136,1.0000000000375882,1.0000000000466254,0.9999999842289308,0.9999999739020865,0.0,5.534504111892602e-06,1.960455315721689e-08,8.472839465476753e-12,1.0371717745751536e-11,8.472839465476753e-12,1.0371717745751536e-11,,,,,,0,0,0,36100,,,
instance_20_720.mat,20,Gurobi,OPTIMAL,-282.32432103478135,-282.3246035829248,-282.32432103478135,-282.32416126352723,0.00044231939756400607,1.5667051045166434e-06,-0.00044231939756400607,1.5667051045166434e-06,4207.979573749937,,,,,,,,,,0.9999999998797884,1.0000000000000002,2.220446049250313e-16,,1.000791783145628e-06,,,,,,,,,,,,,,5962.945372500457,9.999938833706353e-07,4
instance_20_725.mat,20,Lazy KRON,Optimal,-281.7135825703261,-281.7135825703261,-281.71352345490607,-281.71358263600905,0.0,0.0,6.568296839759569e-08,2.3315513502400787e-10,0.4760526670143008,2.2511011366077582e-07,7.990744060222232e-10,1.679268890830649e-07,1.679268890830649e-07,1.9999998168795021,1.6246335537247123e-07,12310467.257642237,1.0000000029511422,1.0000000029217473,0.9999997959430116,0.9999996742729673,0.0,5.9340530128793034e-05,2.0984227837283946e-07,,,,,,8.558622767607756e-09,8.558622767607756e-09,3.721140418180632e-10,3.721140418180632e-10,4,5,5,,,,
instance_20_725.mat,20,Full SEP,Optimal,-281.7135826679502,-281.7135826679502,-281.7135825095061,-281.71358263600905,3.1941169709170936e-08,1.1338171701440221e-10,-3.1941169709170936e-08,1.1338171701440221e-10,570.0283691668883,2.4508040041837376e-09,8.699630244923078e-12,4.84652851257792e-10,4.84652851257792e-10,1.9999999996171218,3.318711197092407e-10,6026435808.483017,1.0000000000286375,1.000000000031456,0.9999999994496648,0.9999999990914645,0.0,1.6089489918158506e-07,5.624297333371959e-10,3.217261664932707e-16,3.222438962190447e-16,3.217261664932707e-16,3.222438962190447e-16,,,,,,0,0,0,36100,,,
instance_20_725.mat,20,Gurobi,OPTIMAL,-281.71358266823336,-281.7138636774866,-281.71358266823336,-281.71358263600905,0.000281041477535382,9.976132301998656e-07,-0.000281041477535382,9.976132301998656e-07,23.11412737518549,,,,,,,,,,0.9999999999957415,0.9999999999711487,0.0,,9.974988435439948e-07,,,,,,,,,,,,,,1710.085107500665,9.97499839557818e-07,1
instance_20_727.mat,20,Lazy KRON,Optimal,-382.3869240509274,-382.3869240509274,-382.38667060832955,-382.3869216414251,2.4095023150039196e-06,6.301215244177688e-09,-2.4095023150039196e-06,6.301215244177688e-09,0.46729316702112556,-9.288071964874689e-07,2.4289721694661497e-09,6.472474480495895e-07,6.472474480495895e-07,1.9999993592763314,6.311448290677338e-07,3168843.7695521284,1.0000000110731264,1.0000000061044254,0.9999993362858337,0.9999991610083956,0.0,0.0002525137906559394,6.627909635808379e-07,,,,,,2.1903511069700044e-07,2.1903511069700044e-07,9.52326630786176e-09,9.52326630786176e-09,3,4,4,,,,
instance_20_727.mat,20,Full SEP,Optimal,-382.3869217035004,-382.3869217035004,-382.386921668016,-382.3869216414251,6.207528713275678e-08,1.6233632378486377e-10,-6.207528713275678e-08,1.6233632378486377e-10,749.199427915737,-2.823412614816334e-10,7.383653714510625e-13,7.126698324929205e-11,7.126698324929205e-11,1.9999999999350886,4.6033732489246265e-11,43446400971.33769,1.0000000000031195,1.000000000003513,0.9999999999077307,0.9999999998652961,0.0,3.520204927554005e-08,9.279708202085421e-11,2.8208904656688282e-14,2.8660943337165924e-14,2.8208904656688282e-14,2.8660943337165924e-14,,,,,,0,0,0,36100,,,
instance_20_727.mat,20,Gurobi,OPTIMAL,-382.38692163407063,-382.387303900022,-382.38692163407063,-382.3869216414251,0.000382258596914653,9.996634119803238e-07,-0.000382258596914653,9.996634119803238e-07,235.6515133343637,,,,,,,,,,0.9999999999999998,0.9999999998588212,0.0,,9.9968264498911e-07,,,,,,,,,,,,,,2247.598283747211,9.995455764337927e-07,10
instance_20_731.mat,20,Lazy KRON,Optimal,-347.42822828367366,-347.42822828367366,-347.42700181986623,-347.4282199237409,8.359932735402253e-06,2.4062330158666337e-08,-8.359932735402253e-06,2.4062330158666337e-08,0.4387942496687174,-4.428391093824757e-07,1.2746204059760495e-09,3.3308248582528462e-06,3.3308248582528462e-06,1.9999967162311638,3.248740714999334e-06,615622.141526174,1.0000000075159863,1.0000000095291266,0.9999966117482209,0.9999953979408447,0.0,0.0012260209683176981,3.5301213533682075e-06,,,,,,1.0411241134371503e-06,1.0411241134371503e-06,4.526628159859399e-08,4.526628159859399e-08,3,4,4,,,,
instance_20_731.mat,20,Full SEP,Optimal,-347.42821999156274,-347.42821999156274,-347.4282199456546,-347.4282199237409,6.782181571907131e-08,1.9521101573360494e-10,-6.782181571907131e-08,1.9521101573360494e-10,579.6885943338275,-1.609237187949475e-10,4.631855144031061e-13,9.610648103277486e-11,9.610648103277486e-11,1.9999999999135496,5.73018470294054e-11,34902888887.45971,1.000000000003331,1.0000000000069564,0.9999999998726223,0.999999999827655,0.0,4.5747242438665126e-08,1.3213712506881262e-10,3.5182032730974035e-13,3.5428892637022795e-13,3.5182032730974035e-13,3.5428892637022795e-13,,,,,,0,0,0,36100,,,
instance_20_731.mat,20,Gurobi,TIME_LIMIT,,-347.4288610861873,-347.4282199229229,-347.4282199237409,0.0006411624463567023,1.8454495816847178e-06,-0.0006411624463567023,1.8454495816847178e-06,1739.1017555841245,,,,,,,,,,0.9999999999754812,1.0000000000000002,2.220446049250313e-16,,1.8454519362203724e-06,,,,,,,,,,,,,,1739.0657830014825,1.84477609277104e-06,6
instance_20_757.mat,20,Lazy KRON,Optimal,-331.98247843368245,-331.98247843368245,-331.982399072628,-331.98247744593255,9.877498996502254e-07,2.975307324382002e-09,-9.877498996502254e-07,2.975307324382002e-09,0.4279090422205627,2.530189817662176e-07,7.621455896105711e-10,2.2911596312247154e-07,2.2911596312247154e-07,1.9999997750509102,2.2037707289765972e-07,9075353.206001082,1.0000000073711441,1.0000000060690626,0.9999997616975627,0.9999997022381641,0.0,7.961407339962534e-05,2.3905193669343744e-07,,,,,,6.961612693082199e-08,6.961612693082199e-08,3.0267881981853497e-09,3.0267881981853497e-09,3,4,4,,,,
instance_20_757.mat,20,Full SEP,Optimal,-331.9824778405757,-331.9824778405757,-331.9824723006738,-331.98247744593255,3.946431661461247e-07,1.1887469745787e-09,-3.946431661461247e-07,1.1887469745787e-09,876.5413039578125,2.219235284428578e-08,6.684796435233238e-11,1.3354221846931974e-08,1.3354221846931974e-08,1.999999988947712,8.31552419582407e-09,240514000.30223972,1.000000000478361,1.0000000005188308,0.9999999835992285,0.9999999754588103,0.0,5.562094258948491e-06,1.6687332241566593e-08,9.315838713796605e-16,9.317351483449271e-16,9.315838713796605e-16,9.317351483449271e-16,,,,,,0,0,0,36100,,,
instance_20_757.mat,20,Gurobi,OPTIMAL,-331.98247785267836,-331.98280826243496,-331.98247785267836,-331.98247744593255,0.00033081650241229,9.964868486526476e-07,-0.00033081650241229,9.964868486526476e-07,26.356644083280116,,,,,,,,,,1.0000000000000002,0.9999999998389986,2.220446049250313e-16,,9.952616472204667e-07,,,,,,,,,,,,,,2629.6239118734375,9.951064858065593e-07,3
instance_20_765.mat,20,Lazy KRON,Optimal,-225.10593323220183,-225.10593323220183,-225.10576607538974,-225.105931244951,1.9872508403295797e-06,8.828069575046188e-09,-1.9872508403295797e-06,8.828069575046188e-09,0.46441458398476243,4.5911178858659696e-08,2.039536595035071e-10,6.742988499279748e-07,6.742988499279748e-07,1.9999993374666445,6.49558753501898e-07,3079012.216653625,1.0000000127446922,1.000000014363067,0.9999992996548458,0.999999146534672,0.0,0.00016720272327575003,7.425695524625082e-07,,,,,,2.1399017653087822e-07,2.1399017653087822e-07,9.303921349751984e-09,9.303921349751984e-09,3,4,4,,,,
instance_20_765.mat,20,Full SEP,Optimal,-225.10593124581462,-225.10593124581462,-225.10593124555118,-225.105931244951,8.636220627522562e-10,3.836514026852473e-12,-8.636220627522562e-10,3.836514026852473e-12,1108.091438042,5.400124791776761e-13,2.3989260353517078e-15,7.964359843306534e-13,7.964359843306534e-13,1.9999999999993152,4.893327202365032e-13,4087198581432.8535,1.0000000000000844,1.0000000000000522,0.9999999999990471,0.999999999998495,0.0,2.639808371895924e-10,1.1702971274565777e-12,4.177121680433065e-15,4.178112552538938e-15,4.177121680433065e-15,4.178112552538938e-15,,,,,,0,0,0,36100,,,
instance_20_765.mat,20,Gurobi,OPTIMAL,-225.10593124381498,-225.10615632194728,-225.10593124381498,-225.105931244951,0.00022507699628704358,9.998704609621517e-07,-0.00022507699628704358,9.998704609621517e-07,812.5320710833184,,,,,,,,,,0.999999999989701,0.9999999999912158,0.0,,9.998755075399284e-07,,,,,,,,,,,,,,3324.274314126,9.998765072919587e-07,1
instance_20_772.mat,20,Lazy KRON,Optimal,-316.4124255725867,-316.4124255725867,-316.41165425775347,-316.4124245125248,1.0600618907119497e-06,3.350253672224278e-09,-1.0600618907119497e-06,3.350253672224278e-09,1.1433525001630187,3.602656306611607e-07,1.1385950789044276e-09,1.8959869053810884e-06,1.8959869053810884e-06,1.9999979414498765,1.7736128848135463e-06,1127640.624724109,1.0000000068339443,1.0000000079973639,0.9999976434460993,0.999996294090695,0.0,0.0007716750988606691,2.4376881907662765e-06,,,,,,7.248632160237103e-08,7.248632160237103e-08,3.1515800122334644e-09,3.1515800122334644e-09,10,11,11,,,,
instance_20_772.mat,20,Full SEP,Optimal,-316.41242480325496,-316.41242480325496,-316.4124147669859,-316.4124245125248,2.907301563936926e-07,9.188329332341118e-10,-2.907301563936926e-07,9.188329332341118e-10,1046.2563087092713,1.45271883411624e-08,4.5912193082162925e-11,2.4446209137956934e-08,2.4446209137956934e-08,1.9999999765492544,1.5917301396173446e-08,125649438.10324901,1.0000000002358747,1.0000000003242735,0.9999999673241511,0.999999966331248,0.0,1.0050796277027985e-05,3.171894749369393e-08,2.827184064924825e-14,2.893678217430122e-14,2.827184064924825e-14,2.893678217430122e-14,,,,,,0,0,0,36100,,,
instance_20_772.mat,20,Gurobi,OPTIMAL,-316.4124248165154,-316.41273805226245,-316.4124248165154,-316.4124245125248,0.0003135397376468063,9.90920086140838e-07,-0.0003135397376468063,9.90920086140838e-07,21.387655542232096,,,,,,,,,,0.9999999999963073,0.9999999999720117,0.0,,9.899593454607477e-07,,,,,,,,,,,,,,3138.7689261278138,9.89960324582974e-07,1
instance_20_815.mat,20,Lazy KRON,Optimal,-339.6959673597111,-339.6959673597111,-339.69215686752733,-339.69595836789773,8.99181338809285e-06,2.6470179961162837e-08,-8.99181338809285e-06,2.6470179961162837e-08,0.6357579580508173,-1.3586139857579838e-07,3.9994998949143225e-10,9.91362807719636e-06,9.91362807719636e-06,1.9999902037216368,9.58756033272321e-06,208602.6198860506,1.000000018623726,1.0000000212257079,0.9999896934783167,0.9999819518045545,0.0,0.0038103563223899073,1.1217360669323088e-05,,,,,,1.5240311268605412e-06,1.5240311268605412e-06,6.626230434805866e-08,6.626230434805866e-08,5,6,6,,,,
instance_20_815.mat,20,Full SEP,Optimal,-339.69595836623535,-339.69595836623535,-339.695958240278,-339.69595836789773,0.0,0.0,1.6623857845843304e-09,4.893746138668898e-12,1577.1466938331723,1.0686562745831907e-11,3.1459198976722695e-14,2.5348570374158704e-10,2.5348570374158704e-10,1.9999999997278848,1.8917604464373057e-10,10572163106.033978,1.0000000000032645,1.0000000000041,0.9999999996456084,0.9999999994803805,0.0,1.2596802889675018e-07,3.7079435074763635e-10,1.5795298347425583e-13,1.5911252074184034e-13,1.5795298347425583e-13,1.5911252074184034e-13,,,,,,0,0,0,36100,,,
instance_20_815.mat,20,Gurobi,OPTIMAL,-339.69595836022086,-339.6962977218512,-339.69595836022086,-339.69595836789773,0.0003393539534499723,9.989922048777842e-07,-0.0003393539534499723,9.989922048777842e-07,27.695833624806255,,,,,,,,,,1.0000000000000002,0.9999999998723126,2.220446049250313e-16,,9.990148041062683e-07,,,,,,,,,,,,,,4731.440081499517,9.98890459360426e-07,4
instance_20_844.mat,20,Lazy KRON,Optimal,-338.34754060841425,-338.34754060841425,-338.3461423647496,-338.3475320801536,8.528260650564334e-06,2.5205623292632403e-08,-8.528260650564334e-06,2.5205623292632403e-08,0.48471295926719904,4.39311804711906e-07,1.2984040135830115e-09,4.124577164792145e-06,4.124577164792145e-06,1.9999961081362583,3.852246216872288e-06,519176.60386726086,1.0000000082670704,1.000000003627248,0.999995822484433,0.9999938841168852,0.0,0.0013986829764576214,4.132566361022153e-06,,,,,,1.057979883717843e-06,1.057979883717843e-06,4.599914595700687e-08,4.599914595700687e-08,3,4,4,,,,
instance_20_844.mat,20,Full SEP,Optimal,-338.3475321067627,-338.3475321067627,-338.34752858549837,-338.3475320801536,2.660908648977056e-08,7.864424582643119e-11,-2.660908648977056e-08,7.864424582643119e-11,1514.153760874644,1.061994225892704e-08,3.138767465747617e-11,7.878578188793614e-09,7.878578188793614e-09,1.9999999917883857,5.8280114035271226e-09,343170226.2246746,1.0000000001735505,0.9999999989373632,0.9999999893252646,0.9999999856071812,0.0,3.5318842606102407e-06,1.0407241029440135e-08,1.6612255273629872e-14,2.15181582795498e-14,1.6612255273629872e-14,2.15181582795498e-14,,,,,,0,0,0,36100,,,
instance_20_844.mat,20,Gurobi,OPTIMAL,-338.34753211356934,-338.3478705696597,-338.34753211356934,-338.3475320801536,0.0003384895060776216,1.0004186091306663e-06,-0.0003384895060776216,1.0004186091306663e-06,4515.113671083935,,,,,,,,,,1.0,0.9999999998511537,0.0,,1.0003198476258825e-06,,,,,,,,,,,,,,4542.461282623932,9.999889338762672e-07,2
instance_20_846.mat,20,Lazy KRON,Optimal,-209.5585188539201,-209.5585188539201,-209.55841982152984,-209.55851787311525,9.808048559989402e-07,4.680338749114005e-09,-9.808048559989402e-07,4.680338749114005e-09,0.43857649993151426,1.19234550766123e-06,5.689797361530289e-09,3.9884402379580516e-07,3.9884402379580516e-07,1.9999995866719136,3.9088507101317283e-07,5116592.407809081,1.0000000130368256,1.0000000223861858,0.9999995745419556,0.999999484697393,0.0,0.00010022473577464552,4.7257630378662007e-07,,,,,,1.3826541999161852e-07,1.3826541999161852e-07,6.0115402466362644e-09,6.0115402466362644e-09,3,4,4,,,,
instance_20_846.mat,20,Full SEP,Optimal,-209.55851812144826,-209.55851812144826,-209.5585181200207,-209.55851787311525,2.483330092672986e-07,1.1850294203902457e-09,-2.483330092672986e-07,1.1850294203902457e-09,1389.4733023336157,8.554934538551606e-12,4.0823606767412097e-14,6.1799974596051236e-12,6.1799974596051236e-12,1.9999999999932891,3.802014450338576e-12,526036927559.59564,0.9999999999994367,1.0000000000003475,0.9999999999913584,0.9999999999929774,0.0,1.436120555808884e-09,6.812252892736129e-12,3.1137559492195777e-13,3.4535890824958153e-13,3.1137559492195777e-13,3.4535890824958153e-13,,,,,,0,0,0,36100,,,
instance_20_846.mat,20,Gurobi,OPTIMAL,-209.55851811567584,-209.55872768020302,-209.55851811567584,-209.55851787311525,0.00020980708777074142,1.001185157465345e-06,-0.00020980708777074142,1.001185157465345e-06,186.43153274990618,,,,,,,,,,0.999999999835772,1.0000000000000002,2.220446049250313e-16,,1.000027674829385e-06,,,,,,,,,,,,,,3390.8894469160587,9.999038921852528e-07,1
instance_20_858.mat,20,Lazy KRON,Optimal,-344.03340256277556,-344.03340256277556,-344.0329491400674,-344.0333962832559,6.279519652707677e-06,1.8252645254589362e-08,-6.279519652707677e-06,1.8252645254589362e-08,0.4545649173669517,2.221826775894442e-07,6.458171675609396e-10,1.2545292720047482e-06,1.2545292720047482e-06,1.9999987426569752,1.2268653843777753e-06,1630169.6731555492,1.0000000148664705,1.0000000152959592,0.9999986859453528,0.9999983960591268,0.0,0.00045364489085386595,1.3179612932890746e-06,,,,,,4.252733442936335e-07,4.252733442936335e-07,1.84901477579676e-08,1.84901477579676e-08,3,4,4,,,,
instance_20_858.mat,20,Full SEP,Optimal,-344.03339811159776,-344.03339811159776,-344.0333981108057,-344.0333962832559,1.8283418512510252e-06,5.314431276983017e-09,-1.8283418512510252e-06,5.314431276983017e-09,808.1121741249226,2.8421709430404007e-12,8.261322762967494e-15,1.973009038337126e-12,1.973009038337126e-12,1.9999999999985456,8.837114988062319e-13,2263182048327.1523,1.0000000000002038,0.9999999999997361,0.9999999999977659,0.9999999999966908,0.0,7.948983693495393e-10,2.3022654275837813e-12,6.856341092910025e-15,6.85681106319396e-15,6.856341092910025e-15,6.85681106319396e-15,,,,,,0,0,0,36100,,,
instance_20_858.mat,20,Gurobi,OPTIMAL,-344.03339810457635,-344.03374203119756,-344.03339810457635,-344.0333962832559,0.0003457479416510978,1.0049826496952872e-06,-0.0003457479416510978,1.0049826496952872e-06,44.23876083409414,,,,,,,,,,1.0000000000000002,0.9999999998914988,2.220446049250313e-16,,9.996886328127764e-07,,,,,,,,,,,,,,2424.336522374768,9.995148510109506e-07,1
instance_20_864.mat,20,Lazy KRON,Optimal,-339.99613821898544,-339.99613821898544,-278.81977948349453,-339.88956513565915,0.1065730833262819,0.00031345380534187153,-0.1065730833262819,0.00031345380534187153,1.9459476247429848,4.507910489337519e-09,1.3258710857574666e-11,0.1360807441164174,0.1360807441164174,1.8515191613828297,0.1265705776174573,14.628353573441053,1.0000000010140617,1.00000000126784,0.8308322356751127,0.7409811559455821,0.0,61.17635873999882,0.17993251057483572,,,,,,1.874892211388251e-06,1.874892211388251e-06,8.303728584518061e-08,8.303728584518061e-08,19,20,20,,,,
instance_20_864.mat,20,Full SEP,Optimal,-339.8895652784285,-339.8895652784285,-339.8895368123589,-339.88956513565915,1.4276935189627693e-07,4.2004629291671275e-10,-1.4276935189627693e-07,4.2004629291671275e-10,885.7156499167904,3.4063418752339203e-09,1.002190777008272e-11,6.206583775318641e-08,6.206583775318641e-08,1.999999938810646,5.1298302163787344e-08,38987643.92679047,1.000000001514871,1.000000001451214,0.9999999232910146,0.9999998694361811,0.0,2.8469475921610865e-05,8.375093703278882e-08,1.304296132046709e-13,1.311621616804989e-13,1.304296132046709e-13,1.311621616804989e-13,,,,,,0,0,0,36100,,,
instance_20_864.mat,20,Gurobi,OPTIMAL,-339.88956527344175,-339.8899047230185,-339.88956527344175,-339.88956513565915,0.00033958735934902506,9.991098724328397e-07,-0.00033958735934902506,9.991098724328397e-07,302.5369797083549,,,,,,,,,,0.9999999999962053,0.9999999999841698,0.0,,9.987044982498121e-07,,,,,,,,,,,,,,2657.1469497503713,9.98705494992519e-07,1
instance_20_872.mat,20,Lazy KRON,Optimal,-266.7813896741821,-266.7813896741821,-220.13140504729657,-266.7229992272767,0.05839044690537776,0.00021887001554602264,-0.05839044690537776,0.00021887001554602264,2.324407916981727,9.175943205264048e-08,3.439498990716913e-10,0.12776515131502686,0.12776515131502686,1.8717105787617012,0.1117832063860137,16.744112459059767,1.0000000018929363,1.0000000029597353,0.848520997568494,0.7507193133074447,0.0,46.64998471864496,0.17486221465394858,,,,,,1.6487645113551773e-06,1.6487645113551773e-06,7.292768754212564e-08,7.292768754212564e-08,21,22,22,,,,
instance_20_872.mat,20,Full SEP,Optimal,-266.722999270286,-266.722999270286,-266.7229989778276,-266.7229992272767,4.3009265482396586e-08,1.612506817937091e-10,-4.3009265482396586e-08,1.612506817937091e-10,938.4796170420013,1.868613708211342e-09,7.00582144518316e-12,6.934281068511539e-10,6.934281068511539e-10,1.9999999991712905,6.31141513809655e-10,3168861428.713541,1.0000000000273805,1.000000000048212,0.9999999990590541,0.9999999983962309,0.0,2.943269805655291e-07,1.0964872457847275e-09,3.091792524400978e-13,3.4173714125294437e-13,3.091792524400978e-13,3.4173714125294437e-13,,,,,,0,0,0,36100,,,
instance_20_872.mat,20,Gurobi,OPTIMAL,-266.7229992503712,-266.7232660067245,-266.7229992503712,-266.7229992272767,0.00026677944777020457,1.0002106369058884e-06,-0.00026677944777020457,1.0002106369058884e-06,1391.0319302920252,,,,,,,,,,0.9999999998889006,1.0000000000000002,2.220446049250313e-16,,1.0001240510663875e-06,,,,,,,,,,,,,,2815.438851126004,9.998994128320544e-07,2
instance_20_879.mat,20,Lazy KRON,Optimal,-331.2855633073969,-331.2855633073969,-331.2853733796189,-331.28556161188806,1.6955088426584553e-06,5.117967791084237e-09,-1.6955088426584553e-06,5.117967791084237e-09,0.4750375826843083,7.593089890178817e-07,2.2920074797021134e-09,5.077593565882446e-07,5.077593565882446e-07,1.9999994904830842,4.877094475257488e-07,4100801.2057783515,1.0000000205069155,1.0000000268122373,0.9999994536793779,0.999999294722488,0.0,0.0001906870870129751,5.733053264615848e-07,,,,,,1.3353906631811084e-07,1.3353906631811084e-07,5.8060466775783844e-09,5.8060466775783844e-09,3,4,4,,,,
instance_20_879.mat,20,Full SEP,Optimal,-331.28556157490357,-331.28556157490357,-331.2855431393446,-331.28556161188806,0.0,0.0,3.6984488360758405e-08,1.1163930048991073e-10,1320.0978876249865,4.2658257370931096e-08,1.2876582114879182e-10,4.770017615202856e-08,4.770017615202856e-08,1.9999999607616121,2.9353235818314875e-08,68135587.270202,1.0000000008685614,1.0000000012409405,0.9999999415019656,0.9999999453531893,0.0,1.8478217214124015e-05,5.564854341708101e-08,6.336155725229966e-16,6.384078734614344e-16,6.336155725229966e-16,6.384078734614344e-16,,,,,,0,0,0,36100,,,
instance_20_879.mat,20,Gurobi,OPTIMAL,-331.28556160988734,-331.285890611899,-331.28556160988734,-331.28556161188806,0.00032900001093594256,9.930999787774411e-07,-0.00032900001093594256,9.930999787774411e-07,65.399015375413,,,,,,,,,,0.9999999999958442,0.9999999999875677,0.0,,9.93106018025928e-07,,,,,,,,,,,,,,1425.1813274580054,9.931070044580552e-07,1
instance_20_884.mat,20,Lazy KRON,Optimal,-387.7153271692193,-387.7153271692193,-283.55306341642125,-387.6156009229469,0.09972624627238247,0.0002572151248198055,-0.09972624627238247,0.0002572151248198055,2.3188544157892466,-1.940939171163336e-06,5.006093479291853e-09,0.22096818741998486,0.22096818741998486,1.7524756530974308,0.2107608555038142,8.314995917568362,1.0000000247589473,1.0000000012865478,0.7271072447074887,0.5706248910126215,0.0,104.16226181185885,0.2686565540581174,,,,,,8.451329178293403e-07,8.451329178293403e-07,3.788283514144343e-08,3.788283514144343e-08,22,23,23,,,,
instance_20_884.mat,20,Full SEP,Optimal,-387.6156490540295,-387.6156490540295,-387.6155950670442,-387.6156009229469,4.813108262169408e-05,1.241721863891649e-07,-4.813108262169408e-05,1.241721863891649e-07,2043.006533417385,-3.802756509685423e-08,9.810637209735975e-11,1.2347288764218658e-07,1.2347288764218658e-07,1.9999998813362323,1.0374909837967156e-07,19277274.815605618,1.0000000008149037,0.9999999947908942,0.9999998590175254,0.9999997417593136,0.0,5.3948957770444395e-05,1.392796845723224e-07,9.556802538591764e-10,1.0667731195733281e-09,9.556802538591764e-10,1.0667731195733281e-09,,,,,,0,0,0,36100,,,
instance_20_884.mat,20,Gurobi,TIME_LIMIT,,-387.6387160326737,-387.6156490129426,-387.6156009229469,0.02311510972680253,5.963054971231042e-05,-0.02311510972680253,5.963054971231042e-05,6129.177988708019,,,,,,,,,,0.9999999999843683,0.9999999992277033,0.0,,5.950649090781552e-05,,,,,,,,,,,,,,6129.019600252155,5.951003214026875e-05,3
instance_20_891.mat,20,Lazy KRON,Optimal,-252.31070280156823,-252.31070280156823,-231.8712915166038,-252.28987077185394,0.020832029714284772,8.256498627673471e-05,-0.020832029714284772,8.256498627673471e-05,1.849961374886334,2.643996310780494e-07,1.0479128635537456e-09,0.05140802617546544,0.05140802617546544,1.9461795994064839,0.04638218274396828,41.95963803923335,1.0000000047273634,1.0000000075590216,0.9371716023202735,0.9021515654115471,0.0,20.439411549364053,0.08100889521535343,,,,,,2.1754784564815755e-06,2.1754784564815755e-06,9.524007104469104e-08,9.524007104469104e-08,17,18,18,,,,
instance_20_891.mat,20,Full SEP,Optimal,-252.28987109044826,-252.28987109044826,-252.28987094585432,-252.28987077185394,3.1859431715020037e-07,1.262810574888206e-09,-3.1859431715020037e-07,1.262810574888206e-09,1473.4245452913456,4.184528279438382e-10,1.6586192150132693e-12,3.2533383856014837e-10,3.2533383856014837e-10,1.9999999996430078,2.956392288748734e-10,6765002084.650578,1.000000000005684,1.0000000000120879,0.9999999995797604,0.999999999288077,0.0,1.4501239320452441e-07,5.731262208491212e-10,1.2917346914682844e-14,1.3224904818574531e-14,1.2917346914682844e-14,1.3224904818574531e-14,,,,,,0,0,0,36100,,,
instance_20_891.mat,20,Gurobi,OPTIMAL,-252.2898710887899,-252.2901233377966,-252.2898710887899,-252.28987077185394,0.00025256594264533305,1.0010932624071342e-06,-0.00025256594264533305,1.0010932624071342e-06,225.14817329216748,,,,,,,,,,0.9999999999893485,0.9999999999932511,0.0,,9.998370262808234e-07,,,,,,,,,,,,,,4420.273635874037,9.998380261812121e-07,1
instance_20_893.mat,20,Lazy KRON,Optimal,-271.3287374158785,-271.3287374158785,-271.3282591193133,-271.32873118442035,6.231458144156932e-06,2.2966450968316263e-08,-6.231458144156932e-06,2.2966450968316263e-08,0.4455647920258343,-6.650827799603576e-08,2.451206555909165e-10,1.5869944066244126e-06,1.5869944066244126e-06,1.9999984520732859,1.5264642158212342e-06,1310216.4016319842,1.0000000093185852,1.000000013147112,0.9999983741856661,0.9999979722584884,0.0,0.00047823005689906495,1.7627936123992388e-06,,,,,,5.073414827415283e-07,5.073414827415283e-07,2.205832885719992e-08,2.205832885719992e-08,3,4,4,,,,
instance_20_893.mat,20,Full SEP,Optimal,-271.32873256978127,-271.32873256978127,-271.32873254501806,-271.32873118442035,1.3853609175384918e-06,5.105839342621777e-09,-1.3853609175384918e-06,5.105839342621777e-09,675.1030993750319,9.265477274311706e-12,3.41485296693699e-14,5.599823884156694e-11,5.599823884156694e-11,1.9999999999355835,4.37210629272602e-11,45744542013.14896,1.0000000000026803,1.0000000000053564,0.9999999999190715,0.9999999998904856,0.0,2.4772475626377854e-08,9.12664497953045e-11,6.5711797987861676e-15,6.654605948606068e-15,6.5711797987861676e-15,6.654605948606068e-15,,,,,,0,0,0,36100,,,
instance_20_893.mat,20,Gurobi,OPTIMAL,-271.32873256242806,-271.32900333535724,-271.32873256242806,-271.32873118442035,0.00027215093689392234,1.0030292875013779e-06,-0.00027215093689392234,1.0030292875013779e-06,37.906316791661084,,,,,,,,,,0.999999999969302,0.999999999973349,0.0,,9.979505539609944e-07,,,,,,,,,,,,,,2025.3092981250957,9.979515492387952e-07,4
instance_20_927.mat,20,Lazy KRON,Optimal,-331.8137201634825,-331.8137201634825,-331.8124320411427,-331.8137069090452,1.3254437305931788e-05,3.9945416661497333e-08,-1.3254437305931788e-05,3.9945416661497333e-08,0.44430416729301214,-2.5661171321189613e-07,7.733607672565956e-10,3.760395880652903e-06,3.760395880652903e-06,1.999996299858818,3.6780350034202654e-06,543767.6090627165,1.0000000102829953,1.000000014910091,0.9999961999073499,0.9999947928378634,0.0,0.0012878657281021333,3.882064729513582e-06,,,,,,1.2104207235210927e-06,1.2104207235210927e-06,5.262700868936309e-08,5.262700868936309e-08,3,4,4,,,,
instance_20_927.mat,20,Full SEP,Optimal,-331.813706912244,-331.813706912244,-331.8137065662632,-331.8137069090452,3.1988065529731102e-09,9.640368936956273e-12,-3.1988065529731102e-09,9.640368936956273e-12,536.7206992502324,-1.0589360499579925e-09,3.1913571618608667e-12,7.372000516062792e-10,7.372000516062792e-10,1.999999999229027,5.338549664806853e-10,3746335849.2542677,1.000000000056985,1.0000000000820506,0.9999999989770689,0.9999999985704902,0.0,3.449218866080628e-07,1.0426959931149668e-09,5.342056474674459e-16,5.357864289910679e-16,5.342056474674459e-16,5.357864289910679e-16,,,,,,0,0,0,36100,,,
instance_20_927.mat,20,Gurobi,OPTIMAL,-331.8137069060522,-331.8140387390278,-331.8137069060522,-331.8137069090452,0.0003318299825991744,1.0000480505894422e-06,-0.0003318299825991744,1.0000480505894422e-06,746.0832584169693,,,,,,,,,,1.0000000000000004,0.9999999999057037,4.440892098500626e-16,,1.0000570708026557e-06,,,,,,,,,,,,,,1610.1620977506973,9.999680899396064e-07,3
instance_20_931.mat,20,Lazy KRON,Optimal,-226.4932043109131,-226.4932043109131,-226.493200037739,-226.49320428567708,2.5236005285478313e-08,1.1142058483501427e-10,-2.5236005285478313e-08,1.1142058483501427e-10,0.5934093748219311,3.636017709141015e-09,1.6053539973542693e-11,1.1588590175310712e-08,1.1588590175310712e-08,1.9999999873502647,1.0857611346499095e-08,184202576.74770615,1.0000000001123934,1.0000000001454106,0.9999999854359314,0.9999999776112567,0.0,4.276810102510353e-06,1.8866676807377034e-08,,,,,,4.8481855718651e-10,4.8481855718651e-10,2.1079067736872653e-11,2.1079067736872653e-11,5,6,6,,,,
instance_20_931.mat,20,Full SEP,Optimal,-226.49320430808993,-226.49320430808993,-226.49320426764783,-226.49320428567708,2.2412848466046853e-08,9.895594234059015e-11,-2.2412848466046853e-08,9.895594234059015e-11,1478.8728123749606,1.0413714335300028e-10,4.597804321375866e-13,1.1849887199689076e-10,1.1849887199689076e-10,1.999999999908931,7.302587871305199e-11,27387551305.85603,1.0000000000056521,1.0000000000063785,0.9999999998605967,0.9999999997880341,0.0,4.0546240143157775e-08,1.7855768840107427e-10,3.151503896165614e-14,3.163212908577837e-14,3.151503896165614e-14,3.163212908577837e-14,,,,,,0,0,0,36100,,,
instance_20_931.mat,20,Gurobi,OPTIMAL,-226.49320430617982,-226.4934307864763,-226.49320430617982,-226.49320428567708,0.00022650079921504584,1.0000325326370128e-06,-0.00022650079921504584,1.0000325326370128e-06,267.853915292304,,,,,,,,,,0.9999999999851285,0.9999999999931971,0.0,,9.99942010192318e-07,,,,,,,,,,,,,,4436.618437124882,9.999430100773416e-07,1
instance_20_948.mat,20,Lazy KRON,Optimal,-280.7836287903219,-280.7836287903219,-249.39778685055535,-280.76526314223423,0.018365648087694808,6.540854310779473e-05,-0.018365648087694808,6.540854310779473e-05,2.0770614170469344,2.513584718144557e-07,8.952034450774914e-10,0.07700357848010153,0.07700357848010153,1.9143020540989961,0.07173204087035057,26.686847758297173,1.00000000309234,1.0000000047831188,0.9014870512161164,0.8562122220935449,0.0,31.38584219112505,0.11177945835013152,,,,,,1.927810392511107e-06,1.927810392511107e-06,8.469477210261812e-08,8.469477210261812e-08,20,21,21,,,,
instance_20_948.mat,20,Full SEP,Optimal,-280.76527126386355,-280.76527126386355,-280.76526883373754,-280.76526314223423,8.121629321067303e-06,2.892675894175881e-08,-8.121629321067303e-06,2.892675894175881e-08,920.9163553752005,7.381117939075921e-09,2.6289283948295503e-11,5.863720729039274e-09,5.863720729039274e-09,1.9999999944292026,4.768626396882489e-09,419407986.2781265,1.0000000000760738,1.0000000001263112,0.999999992952623,0.9999999878765621,0.0,2.4375071348003985e-06,8.655365408699309e-09,3.184099206033808e-13,3.1844008067915834e-13,3.184099206033808e-13,3.1844008067915834e-13,,,,,,0,0,0,36100,,,
instance_20_948.mat,20,Gurobi,OPTIMAL,-280.7652712612305,-280.7655497733054,-280.7652712612305,-280.76526314223423,0.00028663107116244646,1.0208911719898576e-06,-0.00028663107116244646,1.0208911719898576e-06,81.1095085828565,,,,,,,,,,1.0,0.9999999999033817,0.0,,9.91973819830315e-07,,,,,,,,,,,,,,2762.7490661256015,9.91842688570931e-07,4
instance_20_952.mat,20,Lazy KRON,Optimal,-353.5074742285489,-353.5074742285489,-353.5061343414687,-353.5074686670349,5.56151400132876e-06,1.573238023740664e-08,-5.56151400132876e-06,1.573238023740664e-08,0.4765198747627437,-1.121064940434735e-06,3.171262341429156e-09,3.6248338267758094e-06,3.6248338267758094e-06,1.9999966526481527,3.2975992759993994e-06,606500.8162770221,1.000000012494297,1.0000000143618868,0.9999962951628801,0.9999950309351036,0.0,0.0013387660152943681,3.79026520771253e-06,,,,,,9.212544165098122e-07,9.212544165098122e-07,4.0054554913837913e-08,4.0054554913837913e-08,3,4,4,,,,
instance_20_952.mat,20,Full SEP,Optimal,-353.5074686891274,-353.5074686891274,-353.5074686469842,-353.5074686670349,2.209247895734734e-08,6.249508401978162e-11,-2.209247895734734e-08,6.249508401978162e-11,1108.321137958672,-1.383000380883459e-10,3.912223936913939e-13,8.711426810455509e-11,8.711426810455509e-11,1.999999999911343,6.075815171159089e-11,32917393692.372658,1.000000000001584,1.00000000000141,0.9999999998815292,0.9999999998553695,0.0,4.200489911454497e-08,1.1921445198571977e-10,3.4819148669435396e-13,3.6635763205463677e-13,3.4819148669435396e-13,3.6635763205463677e-13,,,,,,0,0,0,36100,,,
instance_20_952.mat,20,Gurobi,TIME_LIMIT,,-353.5203456132399,-353.5074686849551,-353.5074686670349,0.012876946204983142,3.642490839571322e-05,-0.012876946204983142,3.642490839571322e-05,3324.9504928328097,,,,,,,,,,0.9999999999999998,0.9999999999111726,0.0,,3.6424857705074806e-05,,,,,,,,,,,,,,3324.9634138760157,3.6425971000917425e-05,3
instance_20_958.mat,20,Lazy KRON,Optimal,-299.12299701516173,-299.12299701516173,-204.83556440480118,-299.0302655240438,0.0927314911179451,0.00031001123966822516,-0.0927314911179451,0.00031001123966822516,1.7401411249302328,-2.494304567335348e-07,8.338725515005851e-10,0.22773973040894244,0.22773973040894244,1.7430271119593008,0.21609966768252456,8.06584818316338,1.0000000303282899,1.0000000408222944,0.7133670665650934,0.5565397469180418,0.0,94.2874323609301,0.31521291759985065,,,,,,2.045251515448988e-06,2.045251515448988e-06,9.17766894218418e-08,9.17766894218418e-08,17,18,18,,,,
instance_20_958.mat,20,Full SEP,Optimal,-299.03027258548155,-299.03027258548155,-299.03027242026894,-299.0302655240438,7.061437770516932e-06,2.361445785893912e-08,-7.061437770516932e-06,2.361445785893912e-08,1448.2222666670568,-1.0231815394945443e-11,3.421665407478285e-14,3.7905428388988036e-10,3.7905428388988036e-10,1.9999999995957642,2.7767314772966845e-10,7202713031.30429,1.0000000000035691,1.0000000000057796,0.9999999994686957,0.9999999992988907,0.0,1.6520237977601937e-07,5.524946025128149e-10,3.3316512563682876e-14,3.5169175987341244e-14,3.3316512563682876e-14,3.5169175987341244e-14,,,,,,0,0,0,36100,,,
instance_20_958.mat,20,Gurobi,OPTIMAL,-299.03027258348743,-299.03057154482076,-299.03027258348743,-299.0302655240438,0.0003060207769749468,1.023376223354067e-06,-0.0003060207769749468,1.023376223354067e-06,511.15066762501374,,,,,,,,,,0.9999999999952947,0.9999999999865956,0.0,,9.9976845773308e-07,,,,,,,,,,,,,,2492.567015208304,9.997694580314193e-07,1
instance_20_962.mat,20,Lazy KRON,Optimal,-308.4573267583268,-308.4573267583268,-308.45681112028404,-308.4573224149945,4.34333230714401e-06,1.4080820685277373e-08,-4.34333230714401e-06,1.4080820685277373e-08,0.4217047495767474,-1.2023673434669035e-07,3.8980022167181203e-10,1.6421921002233904e-06,1.6421921002233904e-06,1.9999983506027859,1.61350255447143e-06,1239538.3850247257,1.0000000071628756,1.0000000053744482,0.9999983072955531,0.9999978187997182,0.0,0.0005155178060363141,1.671667352465445e-06,,,,,,5.667784864930741e-07,5.667784864930741e-07,2.4642547061962828e-08,2.4642547061962828e-08,3,4,4,,,,
instance_20_962.mat,20,Full SEP,Optimal,-308.45732252584025,-308.45732252584025,-308.4573225248768,-308.4573224149945,1.1084574680353398e-07,3.593552128892909e-10,-1.1084574680353398e-07,3.593552128892909e-10,986.0423862496391,-1.2505552149377763e-12,4.0542244375897876e-15,2.3341792265125333e-12,2.3341792265125333e-12,1.9999999999975357,1.7950430339724686e-12,1114179416396.2148,1.00000000000008,1.0000000000002036,0.9999999999968553,0.9999999999952187,0.0,9.621885510568973e-10,3.1234113633049682e-12,9.606016778761252e-15,9.701478829870372e-15,9.606016778761252e-15,9.701478829870372e-15,,,,,,0,0,0,36100,,,
instance_20_962.mat,20,Gurobi,OPTIMAL,-308.45732250780566,-308.4576309548054,-308.45732250780566,-308.4573224149945,0.0003085398108737536,1.0002664220648191e-06,-0.0003085398108737536,1.0002664220648191e-06,344.20703183300793,,,,,,,,,,1.0,0.9999999996557497,0.0,,9.999655342291022e-07,,,,,,,,,,,,,,1981.2145097083412,9.99525145882657e-07,3
instance_20_974.mat,20,Lazy KRON,Optimal,-382.733013285353,-382.733013285353,-300.1993694504476,-382.64759240325145,0.08542088210157317,0.0002231866056401207,-0.08542088210157317,0.0002231866056401207,2.131913249846548,-7.685760579079215e-07,2.0081258507347437e-09,0.1730175777684646,0.1730175777684646,1.8038431951124507,0.16270936986451712,11.086289600988888,1.000000007317454,1.0000000028119214,0.7801713830398714,0.6724331238493169,0.0,82.53364306632938,0.21564286583601058,,,,,,1.5986106230455546e-06,1.5986106230455546e-06,7.117030827227223e-08,7.117030827227223e-08,20,21,21,,,,
instance_20_974.mat,20,Full SEP,Optimal,-382.64759669181086,-382.64759669181086,-382.6475966814593,-382.64759240325145,4.288559409815207e-06,1.1207595309344817e-08,-4.288559409815207e-06,1.1207595309344817e-08,1333.5491607496515,-8.941469786805101e-11,2.3367374744043333e-13,2.189258192284857e-11,2.189258192284857e-11,1.9999999999772369,1.87247155895374e-11,106810701097.89836,1.0000000000009281,0.9999999999882386,0.9999999999729848,0.9999999999413727,0.0,1.0262169780617114e-08,2.7052527097987917e-11,2.923154741659025e-16,3.1190515486570206e-16,2.923154741659025e-16,3.1190515486570206e-16,,,,,,0,0,0,36100,,,
instance_20_974.mat,20,Gurobi,TIME_LIMIT,,-382.65179646165944,-382.64759668444117,-382.64759240325145,0.004204058407992761,1.0986642286452705e-05,-0.004204058407992761,1.0986642286452705e-05,4000.636987666134,,,,,,,,,,1.0,0.9999999994801594,0.0,,1.0975454073678086e-05,,,,,,,,,,,,,,4000.6474822489545,1.0975007344801131e-05,2
instance_20_998.mat,20,Lazy KRON,Optimal,-300.560550316261,-300.560550316261,-300.5587125414683,-300.5605354190991,1.4897161918270285e-05,4.956459489641916e-08,-1.4897161918270285e-05,4.956459489641916e-08,0.4423824166879058,-3.1265187772078207e-07,1.040229256273979e-09,5.1941562898577635e-06,5.1941562898577635e-06,1.9999946159675384,4.948262177456355e-06,404181.2143825475,1.0000000221981868,1.000000026964216,0.9999941978830567,0.9999924119749555,0.0,0.0018374621408270286,6.114491042723253e-06,,,,,,1.1740536946027754e-06,1.1740536946027754e-06,5.104584249349157e-08,5.104584249349157e-08,3,4,4,,,,
instance_20_998.mat,20,Full SEP,Optimal,-300.560543187014,-300.560543187014,-300.5605431848798,-300.5605354190991,7.76791489442985e-06,2.5844759302276476e-08,-7.76791489442985e-06,2.5844759302276476e-08,1720.348699042108,-3.410605131648481e-13,1.134748126112596e-15,5.07200859631982e-12,5.07200859631982e-12,1.999999999990754,2.302872810428687e-12,868480443615.3153,0.999999999996087,1.0000000000098457,0.9999999999889446,1.000000000001263,1.262989712813578e-12,2.133845100615872e-09,7.100686399149569e-12,9.085283272148504e-13,9.359743937918235e-13,9.085283272056722e-13,9.359743937823679e-13,,,,,,0,0,0,36100,,,
instance_20_998.mat,20,Gurobi,OPTIMAL,-300.56054318436696,-300.5608435781446,-300.56054318436696,-300.5605354190991,0.00030815904551673157,1.0252800792283226e-06,-0.00030815904551673157,1.0252800792283226e-06,678.9504501670599,,,,,,,,,,0.9999999999902338,1.0,0.0,,9.994441527167415e-07,,,,,,,,,,,,,,5161.046097126324,9.993300248636701e-07,1
instance_10_125.mat,10,Lazy SEP,Optimal,-68.44831498756717,-68.44831498756717,-68.44831462409954,-68.44831498727817,2.8900615234306315e-10,4.222253716480204e-12,-2.8900615234306315e-10,4.222253716480204e-12,0.17413175001274794,2.525055720070668e-09,3.688996172556351e-11,4.416292472023508e-09,4.416292472023508e-09,1.9999999956475847,3.408340724212226e-09,586795792.286831,1.000000000269459,1.0000000001758487,0.9999999943671287,0.9999999931154429,0.0,3.659926903765154e-07,5.310103465986917e-09,2.2588900194797645e-10,2.8419898241132094e-10,2.2588900194797645e-10,2.8419898241132094e-10,coordinate,,,,,100,2,2,2025,,,
instance_10_137.mat,10,Lazy SEP,Optimal,-92.60298580149748,-92.60298580149748,-92.60298442134808,-92.60298572774725,7.37502290348857e-08,7.9641307887173e-10,-7.37502290348857e-08,7.9641307887173e-10,0.12969433300895616,4.652790153159003e-09,5.024449387768837e-11,1.2160909637570049e-08,1.2160909637570049e-08,1.9999999885398634,9.100518580428333e-09,219767694.64996022,1.000000000946526,0.9999999988323206,0.999999984590223,0.9999999740659857,0.0,1.3848021893636542e-06,1.4903940593977877e-08,4.455974276357504e-11,1.0550775497703475e-10,4.455974276357504e-11,1.0550775497703475e-10,coordinate,,,,,100,2,2,2025,,,
instance_10_169.mat,10,Lazy SEP,Optimal,-68.03155622362719,-68.03155622362719,-68.03155579777294,-68.03155621881993,4.807262143913249e-09,7.066223985985636e-11,-4.807262143913249e-09,7.066223985985636e-11,0.1402432500035502,2.619387373670179e-09,3.8502534986263806e-11,4.979307523808969e-09,4.979307523808969e-09,1.999999994698102,4.44545506309865e-09,449897696.9309473,0.9999999997755078,1.0000000018341353,0.9999999941339088,0.9999999915303213,0.0,4.284736405679723e-07,6.25965767701201e-09,3.324022381943816e-11,8.646164455685046e-11,3.324022381943816e-11,8.646164455685046e-11,coordinate,,,,,100,2,2,2025,,,
instance_10_172.mat,10,Lazy SEP,Optimal,-69.28226499880932,-69.28226499880932,-69.2822598288512,-69.28226439844975,6.003595700576625e-07,8.665414880243597e-09,-6.003595700576625e-07,8.665414880243597e-09,0.15721470897551626,-7.417341407744971e-09,1.0705974188159761e-10,5.358236534036271e-08,5.358236534036271e-08,1.9999999478611803,4.1544538337492235e-08,48141104.17147812,1.0000000005758396,1.0000000031302145,0.9999999320849898,0.9999998936279518,0.0,5.162540787750913e-06,7.4621667309051e-08,1.5320061191870238e-10,3.543732567624205e-10,1.5320061191870238e-10,3.543732567624205e-10,coordinate,,,,,100,2,2,2025,,,
instance_10_257.mat,10,Lazy SEP,Optimal,-75.27157471406294,-75.27157471406294,-75.2715722201188,-75.27157467509454,3.896839473327418e-08,5.177039922614206e-10,-3.896839473327418e-08,5.177039922614206e-10,0.15406808402622119,-7.115900757526106e-09,9.453636096438205e-11,2.3738051741915997e-08,2.3738051741915997e-08,1.9999999735651706,1.9084758763931886e-08,104795664.34682699,1.0000000008764223,0.9999999995497119,0.9999999667849488,0.9999999606916512,0.0,2.4868282366696803e-06,3.3132615424893785e-08,4.011427024591414e-09,5.385869907246357e-09,4.011427024591414e-09,5.385869907246357e-09,coordinate,,,,,100,2,2,2025,,,
instance_10_258.mat,10,Lazy SEP,Optimal,-50.753115981691046,-50.753115981691046,-50.753114537596005,-50.75311591155881,7.013223779495092e-08,1.3818311730899599e-09,-7.013223779495092e-08,1.3818311730899599e-09,0.13143741700332612,2.7717028672213928e-08,5.461148175062339e-10,1.7326787600836252e-08,1.7326787600836252e-08,1.9999999822826302,1.405988922780373e-08,142248630.11918953,1.000000000941232,1.0000000024245177,0.9999999777120532,0.9999999651354563,0.0,1.4718120695533798e-06,2.8453327701142853e-08,6.523434131202807e-11,2.0103294749446955e-10,6.523434131202807e-11,2.0103294749446955e-10,coordinate,,,,,100,2,2,2025,,,
instance_10_261.mat,10,Lazy SEP,Optimal,-62.31904153142044,-62.31904153142044,-62.31904015843197,-62.3190415418932,0.0,0.0,1.0472760436641693e-08,1.6805073020260605e-10,0.14920770801836625,2.4283011157422152e-08,3.8965636442240497e-10,1.7873214514606525e-08,1.7873214514606525e-08,1.9999999931651282,1.766357416126603e-08,113227366.94767438,1.00000000256621,0.9999999912994048,0.9999999797582861,0.9999999541545188,0.0,1.397271482517226e-06,2.2031604428119474e-08,8.063150838200431e-10,1.949663930626327e-09,8.063150838200431e-10,1.949663930626327e-09,coordinate,,,,,100,2,2,2025,,,
instance_10_263.mat,10,Lazy SEP,Optimal,-63.17661587239665,-63.17661587239665,-63.17660313968613,-63.176615821163026,5.123362711856316e-08,8.109587133005701e-10,-5.123362711856316e-08,8.109587133005701e-10,0.15524908300722018,1.3169511703381431e-08,2.0845547868504145e-10,1.498532541145322e-07,1.498532541145322e-07,1.9999998550764984,1.1967273451695348e-07,16712243.295428064,1.0000000027817257,0.999999999244805,0.999999814993971,0.9999996885357603,0.0,1.2745880034970014e-05,2.0154150942468973e-07,3.188599939640824e-10,9.241089705679277e-10,3.188599939640824e-10,9.241089705679277e-10,coordinate,,,,,100,2,2,2025,,,
instance_10_269.mat,10,Lazy SEP,Optimal,-92.00572062012516,-92.00572062012516,-92.00571718064481,-92.00572038382023,2.3630492762549693e-07,2.5683721189593946e-09,-2.3630492762549693e-07,2.5683721189593946e-09,0.14993616699939594,-6.754859782631684e-09,7.341782377338543e-11,2.8335032442670736e-08,2.8335032442670736e-08,1.9999999705388771,2.328995255237196e-08,85873939.24661249,1.0000000009605847,1.000000000981667,0.9999999624253749,0.999999944966294,0.0,3.4327254923027795e-06,3.7383331480945606e-08,2.219504487392264e-10,3.4268879323623276e-10,2.219504487392264e-10,3.4268879323623276e-10,coordinate,,,,,100,2,2,2025,,,
instance_10_271.mat,10,Lazy SEP,Optimal,-86.32412178401697,-86.32412178401697,-86.32412074242256,-86.32412177051881,1.3498151929525193e-08,1.5636593400043597e-10,-1.3498151929525193e-08,1.5636593400043597e-10,0.15292583301197737,-4.213219995108375e-09,4.880698358739004e-11,9.706376352193343e-09,9.706376352193343e-09,1.9999999903860144,7.612735711092674e-09,262717643.99646413,1.0000000005317125,1.0000000008792218,0.9999999875325538,0.999999984864353,0.0,1.037381181845376e-06,1.2066087442471231e-08,3.5786157967076376e-10,7.255027188045939e-10,3.5786157967076376e-10,7.255027188045939e-10,coordinate,,,,,100,2,2,2025,,,
instance_10_275.mat,10,Lazy SEP,Optimal,-70.840510137037,-70.840510137037,-70.84050629161395,-70.84051009468914,4.2347863882241654e-08,5.977916279868973e-10,-4.2347863882241654e-08,5.977916279868973e-10,0.1476631669793278,7.85246356826974e-09,1.1084707821950449e-10,3.564480019319382e-08,3.564480019319382e-08,1.9999999607719385,3.049824340044112e-08,65577546.04132417,1.000000000976892,1.0000000019712554,0.9999999516466687,0.9999999287552328,0.0,3.853275515552923e-06,5.4282825526607554e-08,9.476611634530636e-10,1.773583725001381e-09,9.476611634530636e-10,1.773583725001381e-09,coordinate,,,,,100,2,2,2025,,,
instance_10_283.mat,10,Lazy SEP,Optimal,-46.595268586862765,-46.595268586862765,-46.5952601797234,-46.59526834075056,2.4611220794668043e-07,5.281914138725883e-09,-2.4611220794668043e-07,5.281914138725883e-09,0.1346395409782417,3.83443392593108e-08,8.229234517197683e-10,1.3129425902058727e-07,1.3129425902058727e-07,1.999999875295574,9.895130931447426e-08,20211959.691603806,1.000000002484053,1.0000000035017886,0.9999998352236646,0.9999997351970621,0.0,8.445483707930634e-06,1.804290354716758e-07,1.546261115458955e-09,1.8003676432905403e-09,1.546261115458955e-09,1.8003676432905403e-09,coordinate,,,,,100,2,2,2025,,,
instance_10_299.mat,10,Lazy SEP,Optimal,-45.841209130220825,-45.841209130220825,-45.84120834141415,-45.84120912078903,9.431794012471073e-09,2.0574924159784348e-10,-9.431794012471073e-09,2.0574924159784348e-10,0.1325013330206275,-1.1032383895326348e-09,2.4066520287426814e-11,1.0593607053399557e-08,1.0593607053399557e-08,1.9999999869839464,9.59061600197413e-09,208537177.02515322,1.0000000009420393,1.0000000016920727,0.9999999849853882,0.9999999772734584,0.0,7.877034349235146e-07,1.720737057943409e-08,1.9649892823991877e-10,4.8601465188557e-10,1.9649892823991877e-10,4.8601465188557e-10,coordinate,,,,,100,2,2,2025,,,
instance_10_322.mat,10,Lazy SEP,Optimal,-60.75472247075477,-60.75472247075477,-60.754721738471375,-60.754722470423786,3.3098501717176987e-10,5.4478895419379894e-12,-3.3098501717176987e-10,5.4478895419379894e-12,0.14709762501297519,5.208136144574382e-09,8.572397227361873e-11,7.657461334256158e-09,7.657461334256158e-09,1.9999999923049847,5.801958504195577e-09,344711185.1728554,1.0000000004687633,1.0000000011365606,0.9999999899155751,0.9999999848464625,0.0,7.374915327318377e-07,1.2053110718097006e-08,4.9160568194386856e-11,1.3813972722725007e-10,4.9160568194386856e-11,1.3813972722725007e-10,coordinate,,,,,100,2,2,2025,,,
instance_10_333.mat,10,Lazy SEP,Optimal,-77.24637289471816,-77.24637289471816,-77.24636071653602,-77.24637286709998,2.761818507224234e-08,3.5753374608130987e-10,-2.761818507224234e-08,3.5753374608130987e-10,0.15345033298945054,1.8138422319680103e-08,2.3481260854023015e-10,1.1091024896804745e-07,1.1091024896804745e-07,1.9999998937872765,6.646344323545258e-08,30091728.571781956,1.000000000710761,1.0000000008726393,0.9999998491470005,0.9999997861867701,0.0,1.2196320568591545e-05,1.5765377311462824e-07,7.852266297304986e-10,4.330946103346903e-09,7.852266297304986e-10,4.330946103346903e-09,coordinate,,,,,100,2,2,2025,,,
instance_10_343.mat,10,Lazy SEP,Optimal,-66.5441462917636,-66.5441462917636,-66.54414154236022,-66.54414620354493,8.821866970265546e-08,1.3257164546954988e-09,-8.821866970265546e-08,1.3257164546954988e-09,0.14710812497651204,-2.2554516476702702e-08,3.3894065419086086e-10,4.88489936390148e-08,4.88489936390148e-08,1.9999999473748615,3.836363203424913e-08,52132705.93330063,1.0000000014115336,1.00000000242689,0.9999999330321426,0.9999999067125457,0.0,4.726848857217192e-06,7.13722188706138e-08,5.739936044774827e-10,1.2108664961536222e-09,5.739936044774827e-10,1.2108664961536222e-09,coordinate,,,,,100,2,2,2025,,,
instance_10_347.mat,10,Lazy SEP,Optimal,-97.20920796715937,-97.20920796715937,-97.20920530619294,-97.209207927517,3.9642372939852066e-08,4.078047107764177e-10,-3.9642372939852066e-08,4.078047107764177e-10,0.16238537500612438,-1.9518751059877104e-08,2.0079117470508772e-10,2.142546961321261e-08,2.142546961321261e-08,1.9999999775476105,1.5181418117101865e-08,131739997.02271627,1.0000000012278065,1.0000000002509557,0.9999999715417539,0.999999962089644,0.0,2.641447679252451e-06,2.7373604681680923e-08,7.421066018642453e-11,2.386659837237721e-10,7.421066018642453e-11,2.386659837237721e-10,coordinate,,,,,100,2,2,2025,,,
instance_10_353.mat,10,Lazy SEP,Optimal,-59.08663548528073,-59.08663548528073,-59.086633026107634,-59.086635453702954,3.157777683782115e-08,5.344317979602612e-10,-3.157777683782115e-08,5.344317979602612e-10,0.1594378330046311,-1.6987748097108124e-08,2.875057609489374e-10,3.090703263461018e-08,3.090703263461018e-08,1.999999963882543,2.295722619953957e-08,87118537.16555074,1.000000001787859,1.0000000010933148,0.9999999571697846,0.9999999479074766,0.0,2.442185348172643e-06,4.1619785524636345e-08,6.385893502360018e-10,1.3935296986879929e-09,6.385893502360018e-10,1.3935296986879929e-09,coordinate,,,,,100,2,2,2025,,,
instance_10_366.mat,10,Lazy SEP,Optimal,-85.65657681301754,-85.65657681301754,-85.65657482977436,-85.65657666069524,1.5232230055062246e-07,1.7782907771709305e-09,-1.5232230055062246e-07,1.7782907771709305e-09,0.1457314160070382,-2.4411932031398464e-08,2.8499775428439134e-10,1.8419993276951186e-08,1.8419993276951186e-08,1.9999999805189688,1.450292295958642e-08,137903234.13370755,1.0000000011092323,0.9999999960463903,0.999999975691907,0.9999999674513885,0.0,1.9588312483165282e-06,2.3153425622847515e-08,5.682095173607619e-10,1.4922040188495973e-09,5.682095173607619e-10,1.4922040188495973e-09,coordinate,,,,,100,2,2,2025,,,
instance_10_409.mat,10,Lazy SEP,Optimal,-87.06614154028092,-87.06614154028092,-87.06613840531975,-87.0661413379398,2.023411269647113e-07,2.3239932697729425e-09,-2.023411269647113e-07,2.3239932697729425e-09,0.12368762498954311,-6.555998766089033e-08,7.529906172603178e-10,2.686660306752247e-08,2.686660306752247e-08,1.9999999732011844,2.065035278525834e-08,96850644.34487161,1.000000001554168,1.0000000015164023,0.9999999659903911,0.9999999469906521,0.0,3.0694011883269923e-06,3.6006662527217894e-08,1.476871378555504e-10,7.47695790361144e-10,1.476871378555504e-10,7.47695790361144e-10,coordinate,,,,,100,2,2,2025,,,
instance_10_444.mat,10,Lazy SEP,Optimal,-62.77266586383693,-62.77266586383693,-62.772662859004186,-62.77266573417734,1.2965958973154557e-07,2.0655421901755156e-09,-1.2965958973154557e-07,2.0655421901755156e-09,0.13418858300428838,-4.504904893565254e-09,7.176539074088473e-11,3.0644145890797435e-08,3.0644145890797435e-08,1.9999999693204842,2.3884663032540525e-08,83735741.49217342,1.0000000014427874,1.0000000026244533,0.9999999609667034,0.9999999376052133,0.0,3.000327836844008e-06,4.786849021603597e-08,2.584708167982508e-10,1.1662399478739954e-09,2.584708167982508e-10,1.1662399478739954e-09,coordinate,,,,,100,2,2,2025,,,
instance_10_446.mat,10,Lazy SEP,Optimal,-95.9672184638529,-95.9672184638529,-95.9672154330419,-95.9672178501058,6.137471046940846e-07,6.395382866340542e-09,-6.137471046940846e-07,6.395382866340542e-09,0.1383555000065826,-1.672587757184374e-08,1.7428740604942845e-10,2.1567851778395403e-08,2.1567851778395403e-08,1.9999999744133075,1.6334397042156115e-08,122441004.0512466,1.0000000020285518,1.000000002467929,0.9999999680250768,0.9999999522898579,0.0,3.0140851237092647e-06,3.158173228103612e-08,9.734260099369951e-11,2.211419399390684e-10,9.734260099369951e-11,2.211419399390684e-10,coordinate,,,,,100,2,2,2025,,,
instance_10_452.mat,10,Lazy SEP,Optimal,-69.2653554065394,-69.2653554065394,-69.26534525670101,-69.26535534777057,5.876883335531602e-08,8.484592767969484e-10,-5.876883335531602e-08,8.484592767969484e-10,0.15262762503698468,-4.3807659722006065e-08,6.324613432629575e-10,9.608481539506091e-08,9.608481539506091e-08,1.999999911146004,7.095278133118995e-08,28187759.1494335,1.0000000015239747,1.0000000046936643,0.999999880707119,0.9999998107855745,0.0,1.0106030728707083e-05,1.4653557076054264e-07,2.655632849041245e-10,4.661896628987351e-10,2.655632849041245e-10,4.661896628987351e-10,coordinate,,,,,100,2,2,2025,,,
instance_10_461.mat,10,Lazy SEP,Optimal,-85.68874147993263,-85.68874147993263,-85.68873953146283,-85.68874145914049,2.079214311834221e-08,2.426473158461722e-10,-2.079214311834221e-08,2.426473158461722e-10,0.13246375002199784,2.9306619353519636e-09,3.420124843399985e-11,1.7896358181447588e-08,1.7896358181447588e-08,1.9999999842361318,1.3477512293909014e-08,148395337.40510893,1.0000000025044955,1.0000000034933951,0.9999999786641108,0.999999965580537,0.0,1.9514004634402227e-06,2.2738924249006284e-08,6.691366092399828e-11,1.8210132689649067e-10,6.691366092399828e-11,1.8210132689649067e-10,coordinate,,,,,100,2,2,2025,,,
instance_10_47.mat,10,Lazy SEP,Optimal,-36.34235101071277,-36.34235101071277,-36.342350400908295,-36.342351015001235,0.0,0.0,4.2884664708253695e-09,1.180019000161876e-10,0.15982329100370407,8.124374062390416e-09,2.235511417518246e-10,1.617773738087838e-08,1.617773738087838e-08,1.9999999835693922,1.3401675982707527e-08,149235064.7896603,1.0000000008620662,0.9999999942898081,0.9999999797894712,0.9999999671370292,0.0,6.179288476459988e-07,1.6779444824685505e-08,1.656939229918719e-10,7.056493808682385e-10,1.656939229918719e-10,7.056493808682385e-10,coordinate,,,,,100,2,2,2025,,,
instance_10_506.mat,10,Lazy SEP,Optimal,-79.6348726262091,-79.6348726262091,-79.6348701823858,-79.6348722637268,3.6248229662305675e-07,4.551803558781082e-09,-3.6248229662305675e-07,4.551803558781082e-09,0.1341961669968441,-1.035930097259552e-08,1.300849820055606e-10,1.9676435341427152e-08,1.9676435341427152e-08,1.9999999783156677,1.4262079578683153e-08,140232002.44268528,1.000000001552122,1.0000000026201463,0.999999971711811,0.9999999588135482,0.0,2.4334640045253764e-06,3.068785351072026e-08,2.3141359748596324e-10,6.643757738017025e-10,2.3141359748596324e-10,6.643757738017025e-10,coordinate,,,,,100,2,2,2025,,,
instance_10_538.mat,10,Lazy SEP,Optimal,-78.77442029477452,-78.77442029477452,-78.77441727603828,-78.77442027500996,1.9764556213885953e-08,2.5090068755729114e-10,-1.9764556213885953e-08,2.5090068755729114e-10,0.14890970900887623,-1.0714686027313292e-08,1.360173262744283e-10,2.7118283419422845e-08,2.7118283419422845e-08,1.9999999722514687,1.9198409454540014e-08,104175295.19761917,1.0000000020025717,1.0000000028139275,0.9999999629544923,0.9999999455637508,0.0,3.008021550954254e-06,3.8321275176452356e-08,2.941128146962454e-10,5.086082662702272e-10,2.941128146962454e-10,5.086082662702272e-10,coordinate,,,,,100,2,2,2025,,,
instance_10_551.mat,10,Lazy SEP,Optimal,-75.02819536975119,-75.02819536975119,-75.02819531678031,-75.02819536869818,1.0530101235417533e-09,1.4034858740135592e-11,-1.0530101235417533e-09,1.4034858740135592e-11,0.12982091697631404,-8.327560863108374e-11,1.1099241854437249e-12,5.366278545331081e-10,5.366278545331081e-10,1.9999999994962,3.9568032634906626e-10,5054585397.131458,1.000000000080156,1.000000000104655,0.9999999993221802,0.9999999989612661,0.0,5.2887600077156094e-08,7.060129252041591e-10,3.5180505782991334e-12,9.414341677248328e-12,3.5180505782991334e-12,9.414341677248328e-12,coordinate,,,,,100,2,2,2025,,,
instance_10_582.mat,10,Lazy SEP,Optimal,-80.45461265317013,-80.45461265317013,-80.45461225645226,-80.45461262344662,2.9723508987444802e-08,3.6944443590299996e-10,-2.9723508987444802e-08,3.6944443590299996e-10,0.1487067500129342,-2.950315547423088e-09,3.667055809642056e-11,4.350541550206647e-09,4.350541550206647e-09,1.9999999962543091,2.984757007796242e-09,670071295.9313844,1.0000000001682208,1.000000000234538,0.9999999946973472,0.9999999955296655,0.0,3.937675501219928e-07,4.93095240393012e-09,1.7877306776643576e-10,3.153131083170287e-10,1.7877306776643576e-10,3.153131083170287e-10,coordinate,,,,,100,2,2,2025,,,
instance_10_592.mat,10,Lazy SEP,Optimal,-69.56483968017164,-69.56483968017164,-69.56483739722738,-69.56483961304986,6.712178901580046e-08,9.648809560173897e-10,-6.712178901580046e-08,9.648809560173897e-10,0.12745891697704792,6.955986009415938e-09,9.999284180624125e-11,2.184832124158456e-08,2.184832124158456e-08,1.9999999786814797,1.7197669380706935e-08,116294826.60744503,1.0000000006231686,1.0000000011232726,0.9999999723908727,0.9999999552332222,0.0,2.289900251639665e-06,3.2817502004262736e-08,6.9713219006236e-11,3.2287747936483594e-10,6.9713219006236e-11,3.2287747936483594e-10,coordinate,,,,,100,2,2,2025,,,
instance_10_602.mat,10,Lazy SEP,Optimal,-59.009925823788244,-59.009925823788244,-59.00992387045699,-59.009925857883765,0.0,0.0,3.4095521073140844e-08,5.777929827475908e-10,0.13165187503909692,8.14858935882512e-08,1.3808845283347634e-09,2.2871768153017978e-08,2.2871768153017978e-08,1.999999978301481,1.7637823413521235e-08,113392675.01500621,1.0000000018821327,1.0000000029222817,0.9999999712900522,0.9999999542068119,0.0,2.0348171503314916e-06,3.3101740588119973e-08,3.8252425331087203e-11,1.0845324028270465e-10,3.8252425331087203e-11,1.0845324028270465e-10,coordinate,,,,,100,2,2,2025,,,
instance_10_607.mat,10,Lazy SEP,Optimal,-57.319046985556724,-57.319046985556724,-57.3190446998632,-57.31904694781505,3.77416711216938e-08,6.584490340742051e-10,-3.77416711216938e-08,6.584490340742051e-10,0.14090241602389142,5.811372716379992e-09,1.0138641554602861e-10,3.314994006673212e-08,3.314994006673212e-08,1.9999999681106688,2.9552250391864777e-08,67676740.06515707,1.0000000004659568,1.0000000005705816,0.9999999630907169,0.999999932769488,0.0,2.2915048987215414e-06,3.987668403804954e-08,1.961027642761971e-10,8.037361962469184e-10,1.961027642761971e-10,8.037361962469184e-10,coordinate,,,,,100,2,2,2025,,,
instance_10_631.mat,10,Lazy SEP,Optimal,-94.05122735613836,-94.05122735613836,-94.05122610962562,-94.05122733112582,2.5012539595081762e-08,2.659459137132599e-10,-2.5012539595081762e-08,2.659459137132599e-10,0.13690191699424759,-1.2257572734597488e-08,1.3032868447513657e-10,1.0195954416197802e-08,1.0195954416197802e-08,1.999999989499658,8.408362083840358e-09,237858452.04541862,1.000000000630768,0.9999999990151744,0.9999999866394563,0.9999999767715739,0.0,1.2342551656274736e-06,1.325355099983941e-08,4.7369938515459114e-11,1.9198178543162032e-10,4.7369938515459114e-11,1.9198178543162032e-10,coordinate,,,,,100,2,2,2025,,,
instance_10_650.mat,10,Lazy SEP,Optimal,-70.84362754395187,-70.84362754395187,-70.8436255310021,-70.84362753230808,1.1643791708593199e-08,1.6435905546154186e-10,-1.1643791708593199e-08,1.6435905546154186e-10,0.1461635830346495,-6.144873054836353e-09,8.673854329415912e-11,2.0184466786722365e-08,2.0184466786722365e-08,1.9999999798753145,1.2307231983075173e-08,162506076.31559247,1.0000000018626891,0.9999999997959652,0.9999999731198107,0.9999999606899588,0.0,2.0068048911525693e-06,2.8413984912878126e-08,9.204723917315648e-11,2.3914689902560594e-10,9.204723917315648e-11,2.3914689902560594e-10,coordinate,,,,,100,2,2,2025,,,
instance_10_660.mat,10,Lazy SEP,Optimal,-98.64424068464028,-98.64424068464028,-98.64423466821371,-98.64424066273565,2.1904625668867084e-08,2.2205681261103584e-10,-2.1904625668867084e-08,2.2205681261103584e-10,0.15606979199219495,9.843333259595966e-09,9.978619320579e-11,4.77275655550345e-08,4.77275655550345e-08,1.9999999514652376,3.322207284920686e-08,60200938.10952514,1.0000000013759403,0.9999999975702034,0.9999999362396704,0.9999999234147781,0.0,6.026269900871739e-06,6.09911589957522e-08,1.880191835557099e-10,4.881639884066969e-10,1.880191835557099e-10,4.881639884066969e-10,coordinate,,,,,100,2,2,2025,,,
instance_10_673.mat,10,Lazy SEP,Optimal,-82.96399944518213,-82.96399944518213,-82.96399732630854,-82.96399939538,4.980212509053672e-08,6.002859725132118e-10,-4.980212509053672e-08,6.002859725132118e-10,0.14359250001143664,-5.1647830900947156e-08,6.225330413955405e-10,1.7138280362515567e-08,1.7138280362515567e-08,1.9999999789897331,1.520086074461442e-08,131571495.36405836,1.0000000012654673,1.0000000017863988,0.9999999755725839,0.9999999585174708,0.0,2.0672257505793823e-06,2.5539674987346292e-08,3.2972446301071656e-10,8.744135373448199e-10,3.2972446301071656e-10,8.744135373448199e-10,coordinate,,,,,100,2,2,2025,,,
instance_10_675.mat,10,Lazy SEP,Optimal,-51.261658581777574,-51.261658581777574,-51.261657675361,-51.26165856695438,1.48231933394527e-08,2.891672596938178e-10,-1.48231933394527e-08,2.891672596938178e-10,0.1438327920041047,4.076703419286787e-09,7.95273413321817e-11,1.110405490535194e-08,1.110405490535194e-08,1.9999999895486058,9.022608088313701e-09,221665395.41255856,1.000000000327137,1.0000000008115588,0.9999999866260486,0.9999999774877237,0.0,9.104932772174834e-07,1.768215463321759e-08,4.1279153436550624e-11,1.4147623955315485e-10,4.1279153436550624e-11,1.4147623955315485e-10,coordinate,,,,,100,2,2,2025,,,
instance_10_686.mat,10,Lazy SEP,Optimal,-83.66645074799243,-83.66645074799243,-83.6664480072579,-83.66645069951554,4.847689183407056e-08,5.794065769574163e-10,-4.847689183407056e-08,5.794065769574163e-10,0.12548599997535348,-1.7867648693936644e-08,2.1355810524047332e-10,2.6092770564400453e-08,2.6092770564400453e-08,1.999999973916522,2.054349936579102e-08,97354396.0697814,1.0000000015440489,1.0000000021720485,0.9999999662026126,0.999999961608786,0.0,2.722866881299524e-06,3.275786776528493e-08,1.6123191484311095e-09,2.5171744938173073e-09,1.6123191484311095e-09,2.5171744938173073e-09,coordinate,,,,,100,2,2,2025,,,
instance_10_69.mat,10,Lazy SEP,Optimal,-85.82324462429894,-85.82324462429894,-85.82323980013366,-85.82324459725305,2.7045885531151725e-08,3.151347359278734e-10,-2.7045885531151725e-08,3.151347359278734e-10,0.13911816698964685,1.1249525755374634e-08,1.310778426593019e-10,4.047259404923248e-08,4.047259404923248e-08,1.9999999562544573,3.297320368146389e-08,60655311.97924729,1.0000000010530836,1.0000000008144638,0.999999944507109,0.999999921927877,0.0,4.83541479923133e-06,5.6210474150613745e-08,1.4317981768334183e-09,2.421796498217186e-09,1.4317981768334183e-09,2.421796498217186e-09,coordinate,,,,,100,2,2,2025,,,
instance_10_718.mat,10,Lazy SEP,Optimal,-91.11500430562154,-91.11500430562154,-91.11500307973897,-91.11500428873123,1.689031137175334e-08,1.8537354522970984e-10,-1.689031137175334e-08,1.8537354522970984e-10,0.1420955409994349,-1.5005241493781796e-09,1.646846379269283e-11,1.0261159164451415e-08,1.0261159164451415e-08,1.9999999904618448,6.526531245121171e-09,306441494.77671164,1.0000000003482963,1.000000000367592,0.9999999865000684,0.9999999805687931,0.0,1.2243820464163946e-06,1.3454233799450518e-08,1.937766785783067e-11,1.0254230106132689e-10,1.937766785783067e-11,1.0254230106132689e-10,coordinate,,,,,100,2,2,2025,,,
instance_10_721.mat,10,Lazy SEP,Optimal,-67.49526274054652,-67.49526274054652,-67.49526234225354,-67.4952627400914,4.5511683310905937e-10,6.742944832417941e-12,-4.5511683310905937e-10,6.742944832417941e-12,0.13783062499715015,9.007536050376075e-09,1.334543445663923e-10,4.395892866550175e-09,4.395892866550175e-09,1.9999999964736626,3.1740778539828866e-09,630104266.0198233,1.000000000497237,1.0000000008164749,0.999999995043116,0.999999991801717,0.0,4.0730051864557026e-07,5.901050924510693e-09,2.6034540220878856e-11,6.329291894406821e-11,2.6034540220878856e-11,6.329291894406821e-11,coordinate,,,,,100,2,2,2025,,,
instance_10_730.mat,10,Lazy SEP,Optimal,-73.43404415505006,-73.43404415505006,-73.43403810192665,-73.43404411624243,3.88076273338811e-08,5.284691559672504e-10,-3.88076273338811e-08,5.284691559672504e-10,0.1427075419924222,-3.850814778161293e-09,5.243909446183583e-11,6.465825350425509e-08,6.465825350425509e-08,1.999999946203015,4.490320087095258e-08,44540253.42092693,1.00000000105792,1.0000000015003154,0.9999999240625294,0.9999998748680893,0.0,6.04927259928445e-06,8.242938930725277e-08,5.709186595703741e-11,1.5360960456454927e-10,5.709186595703741e-11,1.5360960456454927e-10,coordinate,,,,,100,2,2,2025,,,
instance_10_737.mat,10,Lazy SEP,Optimal,-41.675036558157,-41.675036558157,-41.67503458063633,-41.67503654116997,1.698702334351765e-08,4.0760668127579126e-10,-1.698702334351765e-08,4.0760668127579126e-10,0.14134191599441692,3.0766571512685914e-08,7.382494186838096e-10,3.758205890709485e-08,3.758205890709485e-08,1.999999961699598,2.9321460200869386e-08,68209425.72431293,1.0000000012215629,1.0000000019913524,0.9999999495971015,0.9999999367000532,0.0,2.0082872396187668e-06,4.7450964208429074e-08,1.1289344323468006e-09,1.9171115576003016e-09,1.1289344323468006e-09,1.9171115576003016e-09,coordinate,,,,,100,2,2,2025,,,
instance_10_739.mat,10,Lazy SEP,Optimal,-45.365451016429795,-45.365451016429795,-45.365448766219,-45.36545089153282,1.2489697809314748e-07,2.7531298663362595e-09,-1.2489697809314748e-07,2.7531298663362595e-09,0.14530166698386893,1.4675237025585375e-08,3.23489278664297e-10,3.7712131852283095e-08,3.7712131852283095e-08,1.9999999587089727,3.44868049309446e-08,57993193.70738217,1.0000000002871194,1.000000003279495,0.9999999523433262,0.9999999211117033,0.0,2.2648860351637268e-06,4.960186105772856e-08,1.765764057323413e-10,7.854772747090113e-10,1.765764057323413e-10,7.854772747090113e-10,coordinate,,,,,100,2,2,2025,,,
instance_10_747.mat,10,Lazy SEP,Optimal,-78.02092004046644,-78.02092004046644,-78.02091791470909,-78.02091992676782,1.1369861852017493e-07,1.4572837446828858e-09,-1.1369861852017493e-07,1.4572837446828858e-09,0.14605179202044383,1.992755471746932e-08,2.554129675365744e-10,2.1441657474292983e-08,2.1441657474292983e-08,1.999999978629599,1.6598706503953026e-08,120491315.28130181,1.0000000006432965,1.0000000002398852,0.9999999721567596,0.9999999594718579,0.0,2.145684902643552e-06,2.7245991803525704e-08,1.5000764734920177e-10,3.8572644102172867e-10,1.5000764734920177e-10,3.8572644102172867e-10,coordinate,,,,,100,2,2,2025,,,
instance_10_754.mat,10,Lazy SEP,Optimal,-77.71073295811676,-77.71073295811676,-77.7107314873195,-77.71073271665668,2.4146008570369304e-07,3.1071652075889076e-09,-2.4146008570369304e-07,3.1071652075889076e-09,0.13517204101663083,-2.7614674991127686e-09,3.55352136570517e-11,1.521866447046296e-08,1.521866447046296e-08,1.9999999859666775,1.2163656897112635e-08,164424235.48147187,1.0000000006091432,1.0000000009711367,0.9999999821001317,0.9999999694085291,0.0,1.4680357907081998e-06,1.8926565253219505e-08,2.6054108672487857e-11,1.403938707182127e-10,2.6054108672487857e-11,1.403938707182127e-10,coordinate,,,,,100,2,2,2025,,,
instance_10_762.mat,10,Lazy SEP,Optimal,-65.74703710274771,-65.74703710274771,-65.74703496682307,-65.7470370281374,7.461031259481388e-08,1.1348087439775405e-09,-7.461031259481388e-08,1.1348087439775405e-09,0.14021045801928267,1.558420592573384e-08,2.3703282478538554e-10,2.3820808833410166e-08,2.3820808833410166e-08,1.9999999759636873,1.7684010416847225e-08,113096516.50387657,1.0000000008844334,1.0000000017885178,0.9999999681708929,0.9999999635077363,0.0,2.151508851966355e-06,3.2487009911985165e-08,2.25231951233413e-10,3.360736513457816e-10,2.25231951233413e-10,3.360736513457816e-10,coordinate,,,,,100,2,2,2025,,,
instance_10_769.mat,10,Lazy SEP,Optimal,-54.10498337794778,-54.10498337794778,-54.104982241187784,-54.10498336825066,9.69712488085861e-09,1.7922794307355768e-10,-9.69712488085861e-09,1.7922794307355768e-10,0.12268299999414012,8.9941920577985e-10,1.6623592682710946e-11,1.7834428547462216e-08,1.7834428547462216e-08,1.9999999819483292,1.450444817778694e-08,137888732.9895983,1.0000000011997263,1.000000001445861,0.9999999770575559,0.9999999729409623,0.0,1.1376594173384547e-06,2.101026425222039e-08,8.917782077025316e-10,1.6791686207143345e-09,8.917782077025316e-10,1.6791686207143345e-09,coordinate,,,,,100,2,2,2025,,,
instance_10_8.mat,10,Lazy SEP,Optimal,-73.31897431427177,-73.31897431427177,-73.31897329732209,-73.31897423142085,8.285091723791993e-08,1.1300064957645313e-09,-8.285091723791993e-08,1.1300064957645313e-09,0.14226020796922967,-4.812420684174867e-09,6.56367704156237e-11,1.0629072101060272e-08,1.0629072101060272e-08,1.9999999898527832,7.951180627394357e-09,251534971.16668993,1.0000000006658385,1.000000000395612,0.9999999864512098,0.999999978446692,0.0,1.0121372611138213e-06,1.3870211514948099e-08,3.984272980983583e-11,1.4198370771941804e-10,3.984272980983583e-11,1.4198370771941804e-10,coordinate,,,,,100,2,2,2025,,,
instance_10_80.mat,10,Lazy SEP,Optimal,-57.120093809236906,-57.120093809236906,-57.120091027017196,-57.12009381547564,0.0,0.0,6.238735750230262e-09,1.0922138486649318e-10,0.14716833300190046,1.8118100797437364e-08,3.1719312047956547e-10,3.3117863079750136e-08,3.3117863079750136e-08,1.9999999677439788,2.1619587567846482e-08,92508701.263037,1.0000000021765754,1.0000000036276941,0.9999999552674244,0.999999937113841,0.0,2.8003378105267984e-06,4.870824825710366e-08,1.1276309533613535e-10,3.8476311702292695e-10,1.1276309533613535e-10,3.8476311702292695e-10,coordinate,,,,,100,2,2,2025,,,
instance_10_804.mat,10,Lazy SEP,Optimal,-64.60055245095194,-64.60055245095194,-64.60055053232215,-64.60055233494674,1.1600519655985408e-07,1.7957307199180873e-09,-1.1600519655985408e-07,1.7957307199180873e-09,0.13955075002741069,2.4880932869564276e-09,3.851504658331701e-11,2.1461398519683466e-08,2.1461398519683466e-08,1.9999999773628163,1.4002322207737827e-08,142833449.17299473,1.0000000008692944,1.0000000010599033,0.9999999698835588,0.9999999605178036,0.0,1.921117885217427e-06,2.9699897588138943e-08,3.3644522447027906e-11,1.0857668434248836e-10,3.3644522447027906e-11,1.0857668434248836e-10,coordinate,,,,,100,2,2,2025,,,
instance_10_805.mat,10,Lazy SEP,Optimal,-88.82328708846232,-88.82328708846232,-88.82328316894178,-88.82328699985702,8.860530442689196e-08,9.975458838699219e-10,-8.860530442689196e-08,9.975458838699219e-10,0.13483283296227455,-7.262271140007215e-08,8.176089151907266e-10,3.452343042660553e-08,3.452343042660553e-08,1.9999999666510677,2.984585748745016e-08,67010973.54941283,1.000000002694486,1.000000001610289,0.9999999590727066,0.9999999282227237,0.0,3.8468978260652875e-06,4.4127172793794125e-08,1.845073946057929e-10,5.584041483841127e-10,1.845073946057929e-10,5.584041483841127e-10,coordinate,,,,,100,2,2,2025,,,
instance_10_811.mat,10,Lazy SEP,Optimal,-70.4451379557867,-70.4451379557867,-70.44513030502523,-70.44513793472599,2.1060714061604813e-08,2.989661837957233e-10,-2.1060714061604813e-08,2.989661837957233e-10,0.13122974999714643,-6.046747103027883e-09,8.583625894554975e-11,7.442911116190471e-08,7.442911116190471e-08,1.999999918751465,6.606115709132837e-08,30274975.59551524,1.00000000229584,1.0000000038569357,0.9999999052892904,0.9999998378223749,0.0,7.644714727916835e-06,1.08605954889629e-07,2.203593058215268e-10,9.920701035062063e-10,2.203593058215268e-10,9.920701035062063e-10,coordinate,,,,,100,2,2,2025,,,
instance_10_820.mat,10,Lazy SEP,Optimal,-93.55480484125762,-93.55480484125762,-93.55479768339113,-93.55480445095327,3.903043506170434e-07,4.1719327113054845e-09,-3.903043506170434e-07,4.1719327113054845e-09,0.15114370896480978,-1.4186269936544704e-09,1.516359310525606e-11,5.9175490881436523e-08,5.9175490881436523e-08,1.99999994075791,4.617888250385449e-08,43309838.44381623,1.0000000024226625,1.0000000029982357,0.9999999231067418,0.9999998956346244,0.0,7.156447864531401e-06,7.650987572119267e-08,8.718257079925253e-10,1.993991159323197e-09,8.718257079925253e-10,1.993991159323197e-09,coordinate,,,,,100,2,2,2025,,,
instance_10_841.mat,10,Lazy SEP,Optimal,-62.63036155734695,-62.63036155734695,-62.63036145169264,-62.630361555356544,1.9904078385479806e-09,3.178023867426473e-11,-1.9904078385479806e-09,3.178023867426473e-11,0.14914554200368002,-1.2999521459278185e-09,2.0755941904271597e-11,9.456045289008156e-10,9.456045289008156e-10,1.9999999988968515,7.34548236805627e-10,2722761962.6375647,1.000000000041651,1.0000000001429192,0.9999999986209331,0.9999999980296669,0.0,1.0435435626732215e-07,1.6869503190798046e-09,4.202406357064559e-12,1.5211085298691595e-11,4.202406357064559e-12,1.5211085298691595e-11,coordinate,,,,,100,2,2,2025,,,
instance_10_856.mat,10,Lazy SEP,Optimal,-78.1999480940658,-78.1999480940658,-78.19993837976283,-78.19994789231106,2.017547444665979e-07,2.5799856570737042e-09,-2.017547444665979e-07,2.5799856570737042e-09,0.14797500002896413,-2.8816771191486623e-09,3.685011549729325e-11,9.417919605586433e-08,9.417919605586433e-08,1.9999999099005454,7.74735001415146e-08,25815277.562615693,1.0000000009232095,1.0000000013557597,0.9999998872816357,0.9999998040146221,0.0,9.711421299130052e-06,1.2422390568039736e-07,5.554394008535496e-10,6.549968888712534e-10,5.554394008535496e-10,6.549968888712534e-10,coordinate,,,,,100,2,2,2025,,,
instance_10_869.mat,10,Lazy SEP,Optimal,-83.26497176484416,-83.26497176484416,-83.2649696918834,-83.26497176749712,0.0,0.0,2.652953412507486e-09,3.1861578238630705e-11,0.12598054204136133,4.112195028938004e-09,4.93868543011293e-11,1.7728980893958794e-08,1.7728980893958794e-08,1.999999981962795,9.870690706439952e-09,202620063.92905527,1.000000000724265,1.00000000027843,0.9999999749552886,0.9999999685733845,0.0,2.0770729634023155e-06,2.4895952336689745e-08,4.7557682564172005e-11,1.816580913571401e-10,4.7557682564172005e-11,1.816580913571401e-10,coordinate,,,,,100,2,2,2025,,,
instance_10_879.mat,10,Lazy SEP,Optimal,-90.6673253056472,-90.6673253056472,-90.66731505811919,-90.66729976384217,2.5541805030115938e-05,2.817090384436991e-07,-2.5541805030115938e-05,2.817090384436991e-07,0.1417927920119837,1.0026838026533369e-08,1.1058932192751968e-10,8.147972138140671e-08,8.147972138140671e-08,1.9999999122456782,6.714023990254292e-08,29788393.89237763,1.0000000012284318,1.0000000019546498,0.9999998896280198,0.9999998330078511,0.0,1.0257554848180916e-05,1.1302338494721337e-07,3.4158580517905292e-09,4.754691235452352e-09,3.4158580517905292e-09,4.754691235452352e-09,coordinate,,,,,100,2,2,2025,,,
instance_10_885.mat,10,Lazy SEP,Optimal,-68.8771962908081,-68.8771962908081,-68.87719251910372,-68.87719587641372,4.143943783674331e-07,6.016423441770313e-09,-4.143943783674331e-07,6.016423441770313e-09,0.1381912920041941,2.9112030119904375e-08,4.2266572519865294e-10,3.7581331758886914e-08,3.7581331758886914e-08,1.9999999609057892,3.084719395172493e-08,64835717.765309155,1.0000000020265531,1.0000000024754991,0.9999999516657992,0.9999999204768694,0.0,3.8008164153779944e-06,5.4759841985052414e-08,8.82153495081672e-11,2.809229479523223e-10,8.82153495081672e-11,2.809229479523223e-10,coordinate,,,,,100,2,2,2025,,,
instance_10_887.mat,10,Lazy SEP,Optimal,-47.09854103056413,-47.09854103056413,-47.098539651179486,-47.09854097672836,5.3835769620036444e-08,1.1430453776710463e-09,-5.3835769620036444e-08,1.1430453776710463e-09,0.15593779197661206,-5.646704437367589e-09,1.1989128142426357e-10,1.921299466064241e-08,1.921299466064241e-08,1.9999999798530117,1.373405945202675e-08,145623366.99058554,1.0000000003691922,1.00000000079575,0.9999999735840768,0.9999999673200209,0.0,1.373737937626629e-06,2.9287205333363907e-08,6.361249897603345e-10,1.222723248226004e-09,6.361249897603345e-10,1.222723248226004e-09,coordinate,,,,,100,2,2,2025,,,
instance_10_900.mat,10,Lazy SEP,Optimal,-82.44235706085406,-82.44235706085406,-82.44235637140963,-82.44235665645245,4.044016179705068e-07,4.9052651135629406e-09,-4.044016179705068e-07,4.9052651135629406e-09,0.14035324996802956,-2.395535148025374e-08,2.905709192978473e-10,6.375715331831196e-09,6.375715331831196e-09,1.9999999934889616,5.774404850464575e-09,346356039.32898,1.000000000213718,1.0000000013960038,0.9999999926959934,0.9999999883492932,0.0,6.654890825075199e-07,8.362745299468654e-09,2.898444648218512e-11,7.738709581973687e-11,2.898444648218512e-11,7.738709581973687e-11,coordinate,,,,,100,2,2,2025,,,
instance_10_913.mat,10,Lazy SEP,Optimal,-57.056846244028556,-57.056846244028556,-57.05683956491053,-57.05684624430815,0.0,0.0,2.795914610942418e-10,4.900226344391287e-12,0.1513126659556292,2.039674029674643e-08,3.574810323288962e-10,7.365438788558336e-08,7.365438788558336e-08,1.9999999341559298,5.435167236380953e-08,36797394.581875734,1.0000000007822112,1.0000000018356507,0.9999999104828967,0.9999998537025212,0.0,6.699514763397474e-06,1.1706076418129664e-07,6.395707487921731e-11,1.6359179420980505e-10,6.395707487921731e-11,1.6359179420980505e-10,coordinate,,,,,100,2,2,2025,,,
instance_10_928.mat,10,Lazy SEP,Optimal,-58.06739129813699,-58.06739129813699,-58.06738958647008,-58.067391292620414,5.516575640740484e-09,9.500298734648814e-11,-5.516575640740484e-09,9.500298734648814e-11,0.14672866702312604,1.3660546471783164e-08,2.352533180222519e-10,2.2338118865435783e-08,2.2338118865435783e-08,1.9999999769548125,1.78419193100908e-08,112095562.26519187,1.000000000810756,1.0000000015326758,0.9999999706121413,0.9999999591731381,0.0,1.7253274577910815e-06,2.9477248298120372e-08,4.754063247128064e-10,1.0744302060294707e-09,4.754063247128064e-10,1.0744302060294707e-09,coordinate,,,,,100,2,2,2025,,,
instance_10_941.mat,10,Lazy SEP,Optimal,-44.218636392628376,-44.218636392628376,-44.218635415651015,-44.21863640123413,0.0,0.0,8.605752555013169e-09,1.946182256034694e-10,0.16101533302571625,1.4496272626729478e-08,3.278317426619273e-10,3.348599453106434e-08,3.348599453106434e-08,1.9999999513745894,2.5645881257952206e-08,77985230.11387783,0.9999999789491926,1.00000000229259,0.9999999435314866,0.9999999750801506,0.0,9.91473633860096e-07,2.2094244439347682e-08,7.543350943883809e-10,1.0803987704415296e-09,7.543350943883809e-10,1.0803987704415296e-09,coordinate,,,,,100,2,2,2025,,,
instance_10_95.mat,10,Lazy SEP,Optimal,-34.95623565751898,-34.95623565751898,-34.956235210125534,-34.95623568278094,0.0,0.0,2.526196141161563e-08,7.226739641207819e-10,0.126726791029796,2.8869628465599817e-08,8.258792150404229e-10,8.750601757218757e-09,8.750601757218757e-09,1.999999988271188,6.653430460009405e-09,300596812.47023374,0.999999998215501,1.0000000012787391,0.9999999856929207,0.999999983202106,0.0,4.7626307519976763e-07,1.2798673493263707e-08,3.0897006643020334e-11,6.229645537691678e-11,3.0897006643020334e-11,6.229645537691678e-11,coordinate,,,,,100,2,2,2025,,,
instance_10_952.mat,10,Lazy SEP,Optimal,-92.96585321966313,-92.96585321966313,-92.96584973330927,-92.96585319647369,2.3189443254523212e-08,2.4944043916566165e-10,-2.3189443254523212e-08,2.4944043916566165e-10,0.15116037498228252,-9.977100035030162e-09,1.0732005020656244e-10,2.9505283657621613e-08,2.9505283657621613e-08,1.999999969284658,2.4439728360466483e-08,81833968.84720874,1.0000000009474552,0.9999999901218144,0.9999999613121403,0.9999999453949069,0.0,3.4763767615686447e-06,3.750144532494087e-08,1.7616118755647272e-09,3.309501730080066e-09,1.7616118755647272e-09,3.309501730080066e-09,coordinate,,,,,100,2,2,2025,,,
instance_10_968.mat,10,Lazy SEP,Optimal,-93.61742514229917,-93.61742514229917,-93.61741039977046,-93.61742507423412,6.806504870837671e-08,7.270553383081978e-10,-6.806504870837671e-08,7.270553383081978e-10,0.1376586250262335,1.788993131413008e-08,1.9109616919005467e-10,1.2279548464668604e-07,1.2279548464668604e-07,1.9999998822215712,8.421174935927088e-08,23749653.669929266,1.000000002832953,1.0000000038190717,0.9999998377739676,0.9999998241055001,0.0,1.4760418636683426e-05,1.5747633181494303e-07,8.353863299126961e-09,1.1490464694920623e-08,8.353863299126961e-09,1.1490464694920623e-08,coordinate,,,,,100,2,2,2025,,,
instance_10_974.mat,10,Lazy SEP,Optimal,-67.37242260402493,-67.37242260402493,-67.37241589838436,-67.37242256211788,4.19070573798308e-08,6.220209361645726e-10,-4.19070573798308e-08,6.220209361645726e-10,0.15970437502255663,-2.871033188966976e-08,4.261436768930224e-10,6.754604037484918e-08,6.754604037484918e-08,1.9999999277679184,5.74265514318962e-08,34827094.39970074,0.9999999972098029,1.000000006665541,0.9999999126849098,0.9999998719151142,0.0,6.67693024070104e-06,9.95309403077648e-08,2.4082687233306643e-10,7.742219097376268e-10,2.4082687233306643e-10,7.742219097376268e-10,coordinate,,,,,100,2,2,2025,,,
instance_10_99.mat,10,Lazy SEP,Optimal,-88.44527159199446,-88.44527159199446,-88.44526967356464,-88.44527157584405,1.6150409010151634e-08,1.8260341926083785e-10,-1.6150409010151634e-08,1.8260341926083785e-10,0.1540906250011176,-2.2257438558881404e-08,2.5165210257431123e-10,1.7661697272827475e-08,1.7661697272827475e-08,1.999999981699218,1.3953262881705195e-08,143335648.34656098,1.0000000009818746,1.0000000013928787,0.9999999767903964,0.9999999772957138,0.0,1.896172378224037e-06,2.16905865316667e-08,9.542647780910046e-10,1.6794969153419152e-09,9.542647780910046e-10,1.6794969153419152e-09,coordinate,,,,,100,2,2,2025,,,
instance_10_990.mat,10,Lazy SEP,Optimal,-99.98998253608094,-99.98998253608094,-99.98997983877037,-99.98998185921069,6.768702576209762e-07,6.769380696478575e-09,-6.768702576209762e-07,6.769380696478575e-09,0.15689062501769513,-3.016177174686163e-08,3.016479349416617e-10,2.0812433235794385e-08,2.0812433235794385e-08,1.9999999783954037,1.5744545573219055e-08,127028117.07676953,1.0000000008559458,0.9999999986884642,0.9999999724560743,0.9999999613874133,0.0,2.667148805812758e-06,2.6975808067436225e-08,1.8219844730160695e-10,3.354904665494057e-10,1.8219844730160695e-10,3.354904665494057e-10,coordinate,,,,,100,2,2,2025,,,
instance_20_10.mat,20,Lazy SEP,Optimal,-339.42216414816676,-339.42216414816676,-339.4221468824128,-339.42216408836447,5.980228934276965e-08,1.7618852172736833e-10,-5.980228934276965e-08,1.7618852172736833e-10,2.3885794579982758,-2.5266842840210302e-08,7.444075699541134e-11,4.6593932360469414e-08,4.6593932360469414e-08,1.9999999576277259,3.886054504743984e-08,51466080.96171022,0.9999999988218892,1.0000000101896778,0.9999999446412495,0.9999999624657336,0.0,1.7240487125036452e-05,5.0868080495591045e-08,1.7750268532031217e-10,1.0872230318269673e-09,1.7750268532031217e-10,1.0872230318269673e-09,coordinate,,,,,100,2,2,36100,,,
instance_20_105.mat,20,Lazy SEP,Optimal,-333.4235476867978,-333.4235476867978,-333.4235274182419,-333.42354765241157,3.438623252804973e-08,1.031307859526182e-10,-3.438623252804973e-08,1.031307859526182e-10,2.276832292031031,-1.1049621662095888e-08,3.313989590343924e-11,4.304066035380572e-08,4.304066035380572e-08,1.9999999480792485,2.7941167308744782e-08,71578968.98077361,1.0000000010950212,1.0000000014202335,0.9999999346423198,0.9999999447586954,0.0,2.025750626444278e-05,6.078921547899848e-08,1.6155410407885096e-10,7.796258187750026e-10,1.6155410407885096e-10,7.796258187750026e-10,coordinate,,,,,100,2,2,36100,,,
instance_20_111.mat,20,Lazy SEP,Optimal,-377.6434813846268,-377.6434813846268,-377.6434401699255,-377.6434811722582,2.1236860447970685e-07,5.623520991307967e-10,-2.1236860447970685e-07,5.623520991307967e-10,2.2232077500084415,-1.1536155852809316e-07,3.054774257061738e-10,7.806290253369078e-08,7.806290253369078e-08,1.9999999144398566,6.183707079330684e-08,32343057.146496236,1.0000000012878667,1.0000000011035861,0.9999998916606513,0.9999998402611714,0.0,4.1099339739503193e-05,1.09136535726548e-07,8.147351352599808e-10,1.24149062483477e-09,8.147351352599808e-10,1.24149062483477e-09,coordinate,,,,,100,2,2,36100,,,
instance_20_114.mat,20,Lazy SEP,Optimal,-316.706043300537,-316.706043300537,-316.7060175360561,-316.7060043883731,3.891216385909502e-05,1.2286523949329717e-07,-3.891216385909502e-05,1.2286523949329717e-07,2.367402958974708,-3.4029085327347275e-08,1.0744690872556387e-10,5.175258699221284e-08,5.175258699221284e-08,1.9999999377825348,4.0694046016206045e-08,49147237.33752236,1.0000000010287495,1.0000000004181135,0.9999999233000558,0.9999998959538459,0.0,2.573045179588007e-05,8.135140274781026e-08,8.249675261494394e-10,2.263145096236021e-09,8.249675261494394e-10,2.263145096236021e-09,coordinate,,,,,100,2,2,36100,,,
instance_20_115.mat,20,Lazy SEP,Optimal,-373.35362208815127,-373.35362208815127,-373.3536109842296,-373.3536220893777,0.0,0.0,1.2264536053407937e-09,3.284965064694594e-12,2.0596040829550475,9.736027095641475e-09,2.6077226842445724e-11,2.1306377708160235e-08,2.1306377708160235e-08,1.9999999779464959,1.675126378809425e-08,119393975.4783141,1.0000000007725538,1.000000003559443,0.9999999699993877,0.9999999571800215,0.0,1.1113657706118829e-05,2.9741031081791617e-08,3.1371341304873776e-10,8.513386834205713e-10,3.1371341304873776e-10,8.513386834205713e-10,coordinate,,,,,100,2,2,36100,,,
instance_20_120.mat,20,Lazy SEP,Optimal,-348.5514193877604,-348.5514193877604,-348.55141175288196,-348.55141933097053,5.6789872360241134e-08,1.6293111776734122e-10,-5.6789872360241134e-08,1.6293111776734122e-10,2.1729554579942487,-2.705860424612183e-08,7.763159964647676e-11,1.6757017300990793e-08,1.6757017300990793e-08,1.9999999827325192,1.2482076902226557e-08,160229743.68758765,1.0000000004432295,1.0000000005852616,0.9999999774133771,0.9999999756843879,0.0,7.607819838995056e-06,2.190459719444563e-08,3.9449635929906385e-10,1.2113893805190943e-09,3.9449635929906385e-10,1.2113893805190943e-09,coordinate,,,,,100,2,2,36100,,,
instance_20_129.mat,20,Lazy SEP,Optimal,-331.64910959642623,-331.64910959642623,-331.64908444333395,-331.6491095625699,3.385633817742928e-08,1.0208481554082275e-10,-3.385633817742928e-08,1.0208481554082275e-10,2.213389125012327,-2.511757202228182e-08,7.573538205136939e-11,6.510579311247857e-08,6.510579311247857e-08,1.9999999443175207,4.397523824265375e-08,45480138.920034826,1.000000002429594,0.9999999968127716,0.9999999211424574,0.9999999245275227,0.0,2.512797470899386e-05,7.584248397839566e-08,7.546683898184813e-10,3.3141234187190075e-09,7.546683898184813e-10,3.3141234187190075e-09,coordinate,,,,,100,2,2,36100,,,
instance_20_13.mat,20,Lazy SEP,Optimal,-348.6251911075378,-348.6251911075378,-348.6251159020722,-348.6251902722113,8.353264888683043e-07,2.3960588912538953e-09,-8.353264888683043e-07,2.3960588912538953e-09,1.8785365000367165,-1.8889733155447175e-07,5.418350032433658e-10,1.730083228129929e-07,1.730083228129929e-07,1.9999998248265562,1.5862128776723102e-07,12608647.004312927,1.0000000010976209,1.0000000009399843,0.999999802953585,0.9999996522350665,0.0,7.501656824615566e-05,2.1572011287764936e-07,2.521124461540153e-09,1.047837798392812e-08,2.521124461540153e-09,1.047837798392812e-08,coordinate,,,,,100,2,2,36100,,,
instance_20_133.mat,20,Lazy SEP,Optimal,-336.9374861068909,-336.9374861068909,-336.93747692628443,-336.9374857761389,3.307520159978594e-07,9.816420838758523e-10,-3.307520159978594e-07,9.816420838758523e-10,2.2477778749889694,-4.345139359429595e-08,1.2895980823134448e-10,2.0808946204366412e-08,2.0808946204366412e-08,1.9999999783457174,1.507655086760099e-08,132656334.72199874,1.0000000003154064,1.0000000012430057,0.9999999720244825,0.9999999707375908,0.0,9.137155075222836e-06,2.724721008307355e-08,2.5616105070458417e-10,5.807556823281699e-10,2.5616105070458417e-10,5.807556823281699e-10,coordinate,,,,,100,2,2,36100,,,
instance_20_14.mat,20,Lazy SEP,Optimal,-331.8617440548395,-331.8617440548395,-331.86173291095037,-331.8617440567152,0.0,0.0,1.875719135568943e-09,5.65211016081559e-12,2.2782302090199664,-2.524984665797092e-10,7.608543952507654e-13,2.260431929672478e-08,2.260431929672478e-08,1.9999999735749818,1.8079873496310518e-08,110620241.56214994,1.0000000008790253,0.9999999992865232,0.9999999672759793,0.9999999567504659,0.0,1.1143636641008925e-05,3.357991494685208e-08,2.704573962789697e-10,5.967596946450673e-10,2.704573962789697e-10,5.967596946450673e-10,coordinate,,,,,100,2,2,36100,,,
instance_20_140.mat,20,Lazy SEP,Optimal,-290.29266956914927,-290.29266956914927,-290.2926497939461,-290.29263644361214,3.3125537129308213e-05,1.1411082883516469e-07,-3.3125537129308213e-05,1.1411082883516469e-07,2.3883831249549985,-1.385109271723195e-08,4.7714235215755404e-11,5.0356254712609486e-08,5.0356254712609486e-08,1.999999948289762,4.0206741602465515e-08,49742900.53305688,1.0000000007832217,0.9999999993040313,0.9999999350346666,0.999999893337605,0.0,1.9761352064051607e-05,6.812160701859638e-08,6.807193289951052e-10,8.401291989149666e-10,6.807193289951052e-10,8.401291989149666e-10,coordinate,,,,,100,2,2,36100,,,
instance_20_150.mat,20,Lazy SEP,Optimal,-384.0044343680572,-384.0044343680572,-384.0044194074051,-384.0044340769567,2.9110049126757076e-07,7.58065441995806e-10,-2.9110049126757076e-07,7.58065441995806e-10,2.216112416004762,-5.596143637376372e-08,1.4573122434343113e-10,2.902970167477683e-08,2.902970167477683e-08,1.9999999713009144,1.6938869988750263e-08,118071628.90022707,1.000000001036505,0.9999999914931367,0.9999999606420371,0.9999999437909557,0.0,1.4904690658568143e-05,3.895958159848371e-08,1.8057893938841496e-10,8.806599014891228e-10,1.8057893938841496e-10,8.806599014891228e-10,coordinate,,,,,100,2,2,36100,,,
instance_20_152.mat,20,Lazy SEP,Optimal,-361.260030872312,-361.260030872312,-361.2600191662172,-361.2600304361526,4.361593823887233e-07,1.2073280881241043e-09,-4.361593823887233e-07,1.2073280881241043e-09,2.2633165000006557,2.041463176283287e-08,5.650952227828508e-11,2.3537164756304946e-08,2.3537164756304946e-08,1.9999999747938229,1.77266567883835e-08,112824431.51403755,1.0000000003825449,1.0000000005469571,0.9999999672369946,0.9999999588136865,0.0,1.1726509399068163e-05,3.2403514828472325e-08,6.255064169532684e-10,6.888779465532519e-10,6.255064169532684e-10,6.888779465532519e-10,coordinate,,,,,100,2,2,36100,,,
instance_20_164.mat,20,Lazy SEP,Optimal,-334.32021163586217,-334.32021163586217,-334.32020296100256,-334.3202116337517,2.11048245546408e-09,6.312757595890714e-12,-2.11048245546408e-09,6.312757595890714e-12,2.1796792909735814,-3.4001459425780922e-09,1.0170327201998464e-11,2.0816479492941385e-08,2.0816479492941385e-08,1.9999999798363228,1.5047608761259967e-08,132911481.92165376,1.0000000004602814,1.0000000006104006,0.9999999728070743,0.9999999742354162,0.0,8.671459454490105e-06,2.5947756966250198e-08,1.7456972224922426e-09,2.216239696527127e-09,1.7456972224922426e-09,2.216239696527127e-09,coordinate,,,,,100,2,2,36100,,,
instance_20_172.mat,20,Lazy SEP,Optimal,-337.95309637929404,-337.95309637929404,-337.9530763803425,-337.9530963775337,1.7603269952815026e-09,5.208790847431205e-12,-1.7603269952815026e-09,5.208790847431205e-12,1.9818723749485798,-3.5342509363545105e-08,1.0457814928222831e-10,4.8043483939894626e-08,4.8043483939894626e-08,1.9999999478151502,4.541543405599282e-08,44037891.28932126,1.0000000005612266,1.0000000006441119,0.9999999440619614,0.9999998985760385,0.0,1.996360902012384e-05,5.917670748914226e-08,6.321307441251381e-10,3.639826001868211e-09,6.321307441251381e-10,3.639826001868211e-09,coordinate,,,,,100,2,2,36100,,,
instance_20_183.mat,20,Lazy SEP,Optimal,-312.7094021655135,-312.7094021655135,-312.70938946763454,-312.70940191752214,2.4799135189823573e-07,7.930409197193782e-10,-2.4799135189823573e-07,7.930409197193782e-10,2.183488916954957,-3.9784310956747504e-08,1.272245435578241e-10,3.435631413507446e-08,3.435631413507446e-08,1.9999999689283676,2.402156613404218e-08,83258516.8580689,1.0000000007982257,1.0000000010363814,0.9999999570272823,0.9999999629617038,0.0,1.2658094647122198e-05,4.060600311390095e-08,1.130746209894993e-09,2.304532142706749e-09,1.130746209894993e-09,2.304532142706749e-09,coordinate,,,,,100,2,2,36100,,,
instance_20_189.mat,20,Lazy SEP,Optimal,-254.15610468612516,-254.15610468612516,-254.15608816739808,-254.15610419290607,4.932190904582967e-07,1.9406147692868007e-09,-4.932190904582967e-07,1.9406147692868007e-09,2.3978974579949863,2.2002893729222706e-08,8.657235975659759e-11,4.5647950654078356e-08,4.5647950654078356e-08,1.9999999487919795,4.002858024815503e-08,49964298.9182501,1.0000000001416156,1.0000000006318988,0.999999936700543,0.9999999084132205,0.0,1.654072997325784e-05,6.499441396431822e-08,1.616042802181361e-09,2.9111046791921475e-09,1.616042802181361e-09,2.9111046791921475e-09,coordinate,,,,,100,2,2,36100,,,
instance_20_190.mat,20,Lazy SEP,Optimal,-306.6450246183323,-306.6450246183323,-306.6450098654474,-306.64502462205047,0.0,0.0,3.718184871104313e-09,1.2125371594360911e-11,2.5684760420117527,-1.8094965525961015e-09,5.900948677867196e-12,3.159950549118459e-08,3.159950549118459e-08,1.9999999625441944,2.4831712510759492e-08,80542168.07147722,1.000000000494513,1.0000000007450776,0.9999999538432531,0.9999999384940087,0.0,1.4751075411822967e-05,4.811062865519451e-08,1.0013044594858744e-09,1.440423004389102e-09,1.0013044594858744e-09,1.440423004389102e-09,coordinate,,,,,100,2,2,36100,,,
instance_20_212.mat,20,Lazy SEP,Optimal,-340.82765216448036,-340.82765216448036,-340.8276475850461,-340.82765192954184,2.349385113120661e-07,6.893176355264945e-10,-2.349385113120661e-07,6.893176355264945e-10,1.9899619579664432,-1.2804775906261057e-08,3.756965089229787e-11,9.694799004608406e-09,9.694799004608406e-09,1.9999999910257706,6.542427724421124e-09,305696917.9132554,1.000000000484457,1.0000000006296546,0.999999987412592,0.9999999811004754,0.0,4.566629456803639e-06,1.3436216819930756e-08,6.253569350181919e-11,1.9877048176879985e-10,6.253569350181919e-11,1.9877048176879985e-10,coordinate,,,,,100,2,2,36100,,,
instance_20_215.mat,20,Lazy SEP,Optimal,-265.03537130754165,-265.03537130754165,-265.03534553365165,-265.0353712260694,8.147225116772461e-08,3.0740142632956667e-10,-8.147225116772461e-08,3.0740142632956667e-10,2.3751935840118676,2.1709979591832962e-08,8.191351774945218e-11,6.39576255588753e-08,6.39576255588753e-08,1.9999999376869861,5.442264017377903e-08,36749410.379590355,1.0000000001736384,1.000000000419166,0.9999999243886875,0.9999998680722453,0.0,2.5795599981393025e-05,9.724698207128622e-08,2.3499770358814676e-10,3.260804022712726e-10,2.3499770358814676e-10,3.260804022712726e-10,coordinate,,,,,100,2,2,36100,,,
instance_20_218.mat,20,Lazy SEP,Optimal,-288.21267332667884,-288.21267332667884,-288.2126544680715,-288.2126733663944,0.0,0.0,3.971558726334479e-08,1.3779958667138757e-10,2.3871405409881845,6.014181508362526e-08,2.086716534337012e-10,4.5972672350416934e-08,4.5972672350416934e-08,1.9999999496137566,3.478543517065755e-08,57495326.414683186,1.000000001141178,1.0000000013940946,0.9999999356449715,0.9999999185091173,0.0,1.891874916282177e-05,6.543295660827024e-08,1.432360908267677e-09,2.1178826055104234e-09,1.432360908267677e-09,2.1178826055104234e-09,coordinate,,,,,100,2,2,36100,,,
instance_20_225.mat,20,Lazy SEP,Optimal,-330.0498105093117,-330.0498105093117,-330.0497965319983,-330.0497773420885,3.316722325052979e-05,1.0049156883122658e-07,-3.316722325052979e-05,1.0049156883122658e-07,2.307500707975123,6.2118488131091e-10,1.882094343130624e-12,3.3813217955254945e-08,3.3813217955254945e-08,1.9999999689078198,2.558132764695281e-08,78182023.87732817,1.0000000001380358,1.0000000002506302,0.9999999589949385,0.9999999319207171,0.0,1.3977934600006847e-05,4.2349102984051535e-08,3.336160341038674e-11,8.100931533424343e-11,3.336160341038674e-11,8.100931533424343e-11,coordinate,,,,,100,2,2,36100,,,
instance_20_23.mat,20,Lazy SEP,Optimal,-276.15195452288623,-276.15195452288623,-276.1519473589317,-276.15195446241876,6.046747103027883e-08,2.1896448690631143e-10,-6.046747103027883e-08,2.1896448690631143e-10,2.1013050000183284,1.2647603853110923e-08,4.579943631020995e-11,1.6133169906402645e-08,1.6133169906402645e-08,1.9999999836660194,1.3670082095929943e-08,146304899.24135047,1.0000000002460647,1.0000000003434553,0.999999979829127,0.9999999659653825,0.0,7.176602139224997e-06,2.594207434725279e-08,4.955564101433163e-10,2.6638048152284858e-09,4.955564101433163e-10,2.6638048152284858e-09,coordinate,,,,,100,2,2,36100,,,
instance_20_235.mat,20,Lazy SEP,Optimal,-341.51134282006507,-341.51134282006507,-341.51132400265305,-341.5113289897936,1.3830271484494006e-05,4.049725367915781e-08,-1.3830271484494006e-05,4.049725367915781e-08,2.2180111670168117,-2.9610646379296668e-08,8.670472299626626e-11,4.212585692772199e-08,4.212585692772199e-08,1.9999999632061611,2.5691042230199003e-08,77848144.31760284,1.0000000004931897,1.0000000032665473,0.9999999462239713,0.9999999256136824,0.0,1.8787801366215717e-05,5.510040122593966e-08,5.489262083074875e-10,1.3412869779302328e-09,5.489262083074875e-10,1.3412869779302328e-09,coordinate,,,,,100,2,2,36100,,,
instance_20_245.mat,20,Lazy SEP,Optimal,-335.4113723745859,-335.4113723745859,-335.4113198989995,-335.4113724035127,0.0,0.0,2.8926820050401147e-08,8.624281235044433e-11,2.3936414159834385,3.872617071465356e-08,1.154587289050067e-10,1.4259418570557833e-07,1.4259418570557833e-07,1.9999999022454495,9.036351326819793e-08,22132825.84874131,1.0000000008173657,1.0000000048284032,0.9999998359825715,0.9999998751664814,0.0,5.2514312528728624e-05,1.564514225814904e-07,2.8987927191422664e-09,6.069504925321115e-09,2.8987927191422664e-09,6.069504925321115e-09,coordinate,,,,,100,2,2,36100,,,
instance_20_259.mat,20,Lazy SEP,Optimal,-360.96682753166067,-360.96682753166067,-360.96682249921156,-360.96682747778635,5.387431656345143e-08,1.4925004863148005e-10,-5.387431656345143e-08,1.4925004863148005e-10,2.531086624949239,-2.5269230263802456e-08,7.000430049652159e-11,9.216513677776019e-09,9.216513677776019e-09,1.9999999885988673,6.009125595600886e-09,332827123.810328,1.000000000152001,1.0000000009887824,0.9999999857914961,0.9999999842950378,0.0,5.007179879612522e-06,1.3941583342405404e-08,8.118469432957451e-11,2.4957899408014435e-10,8.118469432957451e-11,2.4957899408014435e-10,coordinate,,,,,100,2,2,36100,,,
instance_20_269.mat,20,Lazy SEP,Optimal,-351.31937680329594,-351.31937680329594,-351.3193684278727,-351.319375380941,1.4223549555936188e-06,4.048609469070067e-09,-1.4223549555936188e-06,4.048609469070067e-09,2.2551858329679817,-4.759783678309759e-09,1.3548309579789465e-11,1.8961116953402326e-08,1.8961116953402326e-08,1.9999999820037424,1.501230483293642e-08,133224045.49205658,1.0000000001222913,1.0000000001484746,0.9999999768812728,0.9999999608102828,0.0,8.37066346548454e-06,2.383991263269335e-08,4.839610331409949e-11,1.0685997720928597e-10,4.839610331409949e-11,1.0685997720928597e-10,coordinate,,,,,100,2,2,36100,,,
instance_20_283.mat,20,Lazy SEP,Optimal,-353.8106059095916,-353.8106059095916,-353.8105751098921,-353.8106017503557,4.159235857059684e-06,1.1755543184939132e-08,-4.159235857059684e-06,1.1755543184939132e-08,2.1587182919611223,2.674204324648599e-08,7.558293278896033e-11,6.296002067908216e-08,6.296002067908216e-08,1.9999999306907106,4.64233936314339e-08,43081726.13508556,1.000000001019155,0.9999999991324744,0.9999999106693915,0.9999998876417814,0.0,3.082644150254055e-05,8.705137422354218e-08,8.383376839948831e-10,1.2132275941795221e-09,8.383376839948831e-10,1.2132275941795221e-09,coordinate,,,,,100,2,2,36100,,,
instance_20_29.mat,20,Lazy SEP,Optimal,-311.8656306174051,-311.8656306174051,-311.86561057131803,-311.8656306391894,0.0,0.0,2.17843307837029e-08,6.985165610924955e-11,1.9700398329878226,1.887474354589358e-08,6.05220379960657e-11,3.748779097600474e-08,3.748779097600474e-08,1.9999999563752335,2.579089089375335e-08,77546757.28784697,1.000000001032785,1.000000001633407,0.9999999437267713,0.9999999120557471,0.0,2.006496180229078e-05,6.427796169478294e-08,1.0264892872334508e-09,1.6456252045918222e-09,1.0264892872334508e-09,1.6456252045918222e-09,coordinate,,,,,100,2,2,36100,,,
instance_20_291.mat,20,Lazy SEP,Optimal,-368.5035872948887,-368.5035872948887,-368.5035842746771,-368.5035872163311,7.855760486563668e-08,2.1318002747900605e-10,-7.855760486563668e-08,2.1318002747900605e-10,1.8966866669943556,-3.4588367725518765e-08,9.386168525366353e-11,5.7513049861669975e-09,5.7513049861669975e-09,1.9999999937170259,4.644351020602236e-09,430630670.43060935,1.0000000005005658,0.9999999996832138,0.999999992122458,0.9999999871106318,0.0,2.9856232117708714e-06,8.19588108128651e-09,1.1497743035437935e-10,2.622487570664912e-10,1.1497743035437935e-10,2.622487570664912e-10,coordinate,,,,,100,2,2,36100,,,
instance_20_292.mat,20,Lazy SEP,Optimal,-296.38936710584534,-296.38936710584534,-296.38934568811027,-296.3893617213837,5.384461644553085e-06,1.8166851588269724e-08,-5.384461644553085e-06,1.8166851588269724e-08,3.091397291980684,3.744264631677652e-08,1.2632924953547727e-10,4.8403184859770436e-08,4.8403184859770436e-08,1.9999999489450788,4.123747761720763e-08,48499570.40317413,0.9999999997551438,1.0000000020449018,0.9999999392227572,0.9999998996867352,0.0,2.1455177716234175e-05,7.226215730697515e-08,4.540275794218118e-10,3.5555109538593755e-09,4.540275794218118e-10,3.5555109538593755e-09,coordinate,,,,,200,3,3,36100,,,
instance_20_298.mat,20,Lazy SEP,Optimal,-346.79208809635736,-346.79208809635736,-346.79207630401663,-346.79208783431744,2.6203991865259013e-07,7.556110062689246e-10,-2.6203991865259013e-07,7.556110062689246e-10,1.923048958007712,-4.990118895875639e-08,1.438936777153093e-10,2.1553662791829438e-08,2.1553662791829438e-08,1.9999999731919684,1.6764580475869367e-08,119299136.41863762,1.0000000009579921,1.000000001361674,0.9999999674750151,0.9999999521174254,0.0,1.174243953983023e-05,3.4004065068267774e-08,2.1404206369552564e-10,1.1105881629518253e-09,2.1404206369552564e-10,1.1105881629518253e-09,coordinate,,,,,100,2,2,36100,,,
instance_20_31.mat,20,Lazy SEP,Optimal,-381.7735177368601,-381.7735177368601,-381.7735130315528,-381.7735177166535,2.020658484980231e-08,5.292819934076683e-11,-2.020658484980231e-08,5.292819934076683e-11,1.921591125021223,8.513438842783216e-10,2.2299710292244944e-12,9.620334481270801e-09,9.620334481270801e-09,1.9999999913858202,6.250634232953782e-09,319967529.1895469,1.0000000005818193,0.9999999999101681,0.9999999876717598,0.9999999808393836,0.0,4.706158620138012e-06,1.232486554894281e-08,5.683244315695529e-11,1.9736868749594757e-10,5.683244315695529e-11,1.9736868749594757e-10,coordinate,,,,,100,2,2,36100,,,
instance_20_314.mat,20,Lazy SEP,Optimal,-324.47407232547647,-324.47407232547647,-324.4740681622269,-324.47406176898454,1.055649192949204e-05,3.25341616784189e-08,-1.055649192949204e-05,3.25341616784189e-08,1.8660451670293696,9.400196177011821e-10,2.8970561837626845e-12,9.529414664288226e-09,9.529414664288226e-09,1.9999999914405613,6.609146698822468e-09,302610924.31143874,1.0000000003530534,1.0000000002351805,0.9999999882083479,0.9999999811064719,0.0,4.164189590483147e-06,1.2830761918904063e-08,3.345788998569796e-11,2.8861976589316607e-10,3.345788998569796e-11,2.8861976589316607e-10,coordinate,,,,,100,2,2,36100,,,
instance_20_326.mat,20,Lazy SEP,Optimal,-365.6328044620044,-365.6328044620044,-365.63279701403684,-365.6328038497616,6.122427862464974e-07,1.674474442049469e-09,-6.122427862464974e-07,1.674474442049469e-09,1.9681812089984305,4.53053417004412e-09,1.2390940076370859e-11,1.3561716594665792e-08,1.3561716594665792e-08,1.9999999824971462,1.0713663453175393e-08,186677506.83398327,1.0000000005073582,1.0000000034616927,0.9999999797861805,0.9999999714025937,0.0,7.45249809597226e-06,2.0370074760554447e-08,8.185455091513916e-11,3.8288747506564793e-10,8.185455091513916e-11,3.8288747506564793e-10,coordinate,,,,,100,2,2,36100,,,
instance_20_332.mat,20,Lazy SEP,Optimal,-326.92929681333567,-326.92929681333567,-326.92929513404505,-326.92929668910404,1.2423163298080908e-07,3.7999541243849025e-10,-1.2423163298080908e-07,3.7999541243849025e-10,2.0614859579945914,-9.701693670649547e-09,2.967520428794379e-11,3.7186635459584153e-09,3.7186635459584153e-09,1.9999999963381616,2.5572733895375392e-09,782082981.2411431,1.0000000002403537,1.0000000002776814,0.9999999950597454,0.9999999927740189,0.0,1.6695889257789531e-06,5.1365559337082426e-09,6.079822756355213e-11,1.2594761780068323e-10,6.079822756355213e-11,1.2594761780068323e-10,coordinate,,,,,100,2,2,36100,,,
instance_20_335.mat,20,Lazy SEP,Optimal,-329.53035356363745,-329.53035356363745,-329.5303504170237,-329.5303534993066,6.433083399315365e-08,1.9521975228521812e-10,-6.433083399315365e-08,1.9521975228521812e-10,1.937591958034318,-6.461471002694452e-08,1.9608120869043528e-10,7.3118978358060324e-09,7.3118978358060324e-09,1.9999999933073067,4.804755632936887e-09,416254258.5094625,1.0000000008137515,0.9999999998301794,0.9999999908143393,0.9999999849536969,0.0,3.081999011556036e-06,9.548782646437819e-09,9.410343337901139e-11,2.766679429497519e-10,9.410343337901139e-11,2.766679429497519e-10,coordinate,,,,,100,2,2,36100,,,
instance_20_336.mat,20,Lazy SEP,Optimal,-350.2221461523421,-350.2221461523421,-350.2221017355768,-350.2221437152589,2.4370831965825346e-06,6.9586781514451545e-09,-2.4370831965825346e-06,6.9586781514451545e-09,2.1337658329866827,-1.003178340397426e-08,2.864405781926356e-11,1.0449051429394607e-07,1.0449051429394607e-07,1.9999998801592744,9.363986643779229e-08,21358423.033291414,1.000000000598161,1.0000000008095047,0.9999998650220987,0.9999998966816755,0.0,4.440673347971824e-05,1.2682454765096864e-07,3.1935343085265355e-10,6.376167614572919e-10,3.1935343085265355e-10,6.376167614572919e-10,coordinate,,,,,100,2,2,36100,,,
instance_20_346.mat,20,Lazy SEP,Optimal,-369.0241847982615,-369.0241847982615,-369.02417362938115,-369.02418297471223,1.8235492689200328e-06,4.9415440614466295e-09,-1.8235492689200328e-06,4.9415440614466295e-09,2.909695499984082,8.912479643186089e-10,2.4151478440521104e-12,2.4434336420798077e-08,2.4434336420798077e-08,1.999999973066645,2.3311317719423964e-08,85795234.62117122,1.0000000002249871,1.0000000003633351,0.9999999701940171,0.999999946707629,0.0,1.1169771596541977e-05,3.0265984747540255e-08,1.7543021310802154e-10,9.82924662997125e-10,1.7543021310802154e-10,9.82924662997125e-10,coordinate,,,,,200,3,3,36100,,,
instance_20_384.mat,20,Lazy SEP,Optimal,-350.7125975237531,-350.7125975237531,-350.7123658542525,-350.712431717466,0.00016580628710016754,4.7276969310729643e-07,-0.00016580628710016754,4.7276969310729643e-07,2.008614083053544,-9.388259059051052e-08,2.676909562227859e-10,5.893303139375656e-07,5.893303139375656e-07,1.9999994478639052,5.293446060868668e-07,3778256.0261617177,1.0000000009526833,1.0000000026250337,0.9999993746079282,0.9999988185724347,0.0,0.00023157561804509896,6.605679472919388e-07,7.612033896817801e-09,2.5537267765292205e-08,7.612033896817801e-09,2.5537267765292205e-08,coordinate,,,,,100,2,2,36100,,,
instance_20_408.mat,20,Lazy SEP,Optimal,-352.89181422838357,-352.89181422838357,-352.89179979922216,-352.8918044377896,9.790593992420327e-06,2.7743896564526363e-08,-9.790593992420327e-06,2.7743896564526363e-08,2.3009487920207903,-6.658410711679608e-09,1.8868135907993704e-11,3.121841626258822e-08,3.121841626258822e-08,1.9999999720800916,1.7824647529795642e-08,112204180.68502595,1.0000000003707645,1.0000000002305194,0.9999999590491541,0.9999999529869137,0.0,1.4422502999877906e-05,4.088834262744151e-08,1.053284347761474e-10,6.309270455903227e-10,1.053284347761474e-10,6.309270455903227e-10,coordinate,,,,,100,2,2,36100,,,
instance_20_412.mat,20,Lazy SEP,Optimal,-273.883631810428,-273.883631810428,-273.88362634382423,-273.8836317607954,4.9632603804639075e-08,1.8121785327789468e-10,-4.9632603804639075e-08,1.8121785327789468e-10,2.030067917017732,3.323174269098672e-08,1.213352637078673e-10,1.5186744870810317e-08,1.5186744870810317e-08,1.9999999855220127,1.113916054695555e-08,179546742.0629496,1.0000000004754817,1.000000000003582,0.9999999802825017,0.9999999684690986,0.0,5.4998355381030706e-06,1.9959585606765512e-08,1.2277381311576706e-10,6.30866211003955e-10,1.2277381311576706e-10,6.30866211003955e-10,coordinate,,,,,100,2,2,36100,,,
instance_20_430.mat,20,Lazy SEP,Optimal,-303.77024692178475,-303.77024692178475,-303.7702449925197,-303.77024684091396,8.08707909527584e-08,2.6622354154908775e-10,-8.08707909527584e-08,2.6622354154908775e-10,1.8949682909878902,-1.23758354675374e-08,4.074077561231317e-11,4.597430859313533e-09,4.597430859313533e-09,1.999999995602955,3.6606080799138747e-09,546357313.3046273,1.0000000000727642,1.0000000004309515,0.9999999944712548,0.9999999908063042,0.0,1.916889232234098e-06,6.351066594742525e-09,2.4327117672195107e-11,1.2192093884327614e-10,2.4327117672195107e-11,1.2192093884327614e-10,coordinate,,,,,100,2,2,36100,,,
instance_20_435.mat,20,Lazy SEP,Optimal,-334.6572464792231,-334.6572464792231,-334.65716961514596,-334.65724479016126,1.689061832621519e-06,5.04713957456882e-09,-1.689061832621519e-06,5.04713957456882e-09,2.1126616669935174,3.3999469906120794e-08,1.015949012424317e-10,1.8944192366082794e-07,1.8944192366082794e-07,1.9999998319571213,1.3713100452480584e-07,14584592.586393096,1.0000000013377868,1.000000001617053,0.9999997739584241,0.9999996268568031,0.0,7.689807659971848e-05,2.2968000226639169e-07,5.444844176493314e-10,9.778419192442633e-10,5.444844176493314e-10,9.778419192442633e-10,coordinate,,,,,100,2,2,36100,,,
instance_20_442.mat,20,Lazy SEP,Optimal,-221.91795307724632,-221.91795307724632,-221.91794800584412,-221.91795310564027,0.0,0.0,2.8393941420290503e-08,1.2794792409956147e-10,2.223005749983713,4.723901270153874e-08,2.128670170506464e-10,1.4472298337250154e-08,1.4472298337250154e-08,1.999999987648885,9.603136172434291e-09,208265294.9762251,1.000000000458226,1.000000000800755,0.9999999820091521,0.9999999726589324,0.0,5.118641212220609e-06,2.2852599932524572e-08,2.633803457380529e-11,1.9760837972154288e-10,2.633803457380529e-11,1.9760837972154288e-10,coordinate,,,,,100,2,2,36100,,,
instance_20_450.mat,20,Lazy SEP,Optimal,-345.0450114281692,-345.0450114281692,-345.0449797929015,-345.0450112758087,1.523604851172422e-07,4.4156698422217396e-10,-1.523604851172422e-07,4.4156698422217396e-10,2.315112665994093,1.3445628610497806e-08,3.896775251102824e-11,7.075021284106892e-08,7.075021284106892e-08,1.9999999308276661,6.211171070224437e-08,32200045.8241347,1.0000000002176985,1.000000007180683,0.9999999062730768,0.9999998862273443,0.0,3.164871333183328e-05,9.16844662448005e-08,1.057310825293401e-08,1.701385355570873e-08,1.057310825293401e-08,1.701385355570873e-08,coordinate,,,,,100,2,2,36100,,,
instance_20_456.mat,20,Lazy SEP,Optimal,-331.68934436766773,-331.68934436766773,-331.6893045831135,-331.68934414509056,2.2257717091633822e-07,6.710410650684578e-10,-2.2257717091633822e-07,6.710410650684578e-10,1.9858137909905054,3.468807108220062e-08,1.0457999833648539e-10,8.212252752769655e-08,8.212252752769655e-08,1.9999999095678278,7.182301002089285e-08,27846227.95655655,1.0000000008847978,1.0000000016458888,0.9999998895853648,0.9999998206490139,0.0,3.981924231766243e-05,1.1994522863683025e-07,1.7011547503780963e-09,1.0510327355938312e-08,1.7011547503780963e-09,1.0510327355938312e-08,coordinate,,,,,100,2,2,36100,,,
instance_20_46.mat,20,Lazy SEP,Optimal,-181.55872760634404,-181.55872760634404,-181.55871905650943,-181.55872764218165,0.0,0.0,3.583761554182274e-08,1.973885585519854e-10,2.274338749994058,3.504482037897105e-08,1.9302195405860794e-10,3.783905895386036e-08,3.783905895386036e-08,1.9999999591643927,2.9354831684308597e-08,68131883.0464791,1.000000000975911,1.000000001410492,0.9999999484633124,0.9999999498282203,0.0,8.584879424233804e-06,4.709128950491766e-08,5.04133578871184e-09,6.755700491583486e-09,5.04133578871184e-09,6.755700491583486e-09,coordinate,,,,,100,2,2,36100,,,
instance_20_465.mat,20,Lazy SEP,Optimal,-334.73752677279475,-334.73752677279475,-334.73751525868516,-334.73752672932585,4.346890136730508e-08,1.2985965985465942e-10,-4.346890136730508e-08,1.2985965985465942e-10,2.2948080839705653,-3.96698851545807e-09,1.1851042079756682e-11,2.565912622482921e-08,2.565912622482921e-08,1.9999999739203378,1.845765872202387e-08,108356103.23285028,1.00000000118512,0.9999999983750338,0.9999999656738474,0.9999999571381866,0.0,1.1510142599036044e-05,3.4397426839348006e-08,1.5109216655595503e-10,3.66779139247957e-10,1.5109216655595503e-10,3.66779139247957e-10,coordinate,,,,,100,2,2,36100,,,
instance_20_479.mat,20,Lazy SEP,Optimal,-318.96011754406015,-318.96011754406015,-318.9601049786062,-318.9601172376839,3.0637625059171114e-07,9.605472086941694e-10,-3.0637625059171114e-07,9.605472086941694e-10,2.1056187089998275,-2.0757511265401263e-08,6.50787045892466e-11,2.8671866736159296e-08,2.8671866736159296e-08,1.9999999726214597,2.085861885019019e-08,95883624.26993692,1.0000000008749788,0.9999999999350982,0.9999999654770801,0.999999942530488,0.0,1.2544696460281557e-05,3.939506314550817e-08,2.2268257732021256e-10,1.1886669258532823e-09,2.2268257732021256e-10,1.1886669258532823e-09,coordinate,,,,,100,2,2,36100,,,
instance_20_48.mat,20,Lazy SEP,Optimal,-330.0902015146144,-330.0902015146144,-330.0901747303687,-330.09019555934117,5.955273252311599e-06,1.8041351197296703e-08,-5.955273252311599e-06,1.8041351197296703e-08,2.4164847080246545,8.034987786231795e-09,2.434179430156776e-11,6.015886148074902e-08,6.015886148074902e-08,1.9999999399747652,5.2860193498253715e-08,37835653.02387395,1.0000000001726876,1.0000000004579588,0.9999999289582407,0.9999998739774683,0.0,2.679228072111073e-05,8.1142201769169e-08,3.05750429314966e-10,3.9510965042754307e-10,3.05750429314966e-10,3.9510965042754307e-10,coordinate,,,,,100,2,2,36100,,,
instance_20_509.mat,20,Lazy SEP,Optimal,-302.8933306142405,-302.8933306142405,-302.8933236915275,-302.8933305580516,5.618886689262581e-08,1.8550711162467603e-10,-5.618886689262581e-08,1.8550711162467603e-10,2.175055166007951,2.649568386914325e-08,8.747529638705606e-11,1.482517074729389e-08,1.482517074729389e-08,1.9999999815452638,1.2095123566914377e-08,165355894.91753244,1.0000000003827965,1.0000000005769631,0.9999999774417152,0.9999999660631504,0.0,6.949208682272001e-06,2.285528368803703e-08,2.8124702133175417e-10,1.8348236893563238e-09,2.8124702133175417e-10,1.8348236893563238e-09,coordinate,,,,,100,2,2,36100,,,
instance_20_511.mat,20,Lazy SEP,Optimal,-311.66349266287176,-311.66349266287176,-311.6634854561818,-311.66349268135156,0.0,0.0,1.8479795471648686e-08,5.929406525178952e-11,2.1655680420226417,2.6024508770206012e-08,8.350194803969831e-11,1.6690391428510446e-08,1.6690391428510446e-08,1.999999984466755,1.0900355780703326e-08,183480248.23256811,1.000000000697568,1.00000000082215,0.9999999781430184,0.9999999678626363,0.0,7.232714494875836e-06,2.3123304961165755e-08,4.9059962499821766e-11,2.3812863394797133e-10,4.9059962499821766e-11,2.3812863394797133e-10,coordinate,,,,,100,2,2,36100,,,
instance_20_514.mat,20,Lazy SEP,Optimal,-128.53619574607995,-128.53619574607995,-128.53618762670428,-128.53619589857053,0.0,0.0,1.5249057128130517e-07,1.1863628779059038e-09,2.510533499997109,1.6095776800284511e-07,1.2522369054769068e-09,4.382218256504448e-08,4.382218256504448e-08,1.9999999477994577,3.414546278798284e-08,58572934.27879202,1.0000000014747812,1.0000000006845027,0.9999999347738708,0.9999999128927268,0.0,8.280333446464283e-06,6.316800984604416e-08,5.456623191485432e-10,2.386558066058048e-09,5.456623191485432e-10,2.386558066058048e-09,coordinate,,,,,100,2,2,36100,,,
instance_20_527.mat,20,Lazy SEP,Optimal,-192.59325990461656,-192.59325990461656,-192.5932371819265,-192.59325994961853,0.0,0.0,4.500196837398107e-08,2.336632568852792e-10,2.367097166017629,1.5109444007066486e-07,7.845261051476862e-10,1.0356516653191106e-07,1.0356516653191106e-07,1.9999998986894543,7.311140382546011e-08,27355512.19156019,0.9999999987540392,1.0000000108590195,0.9999998699269124,0.9999998880381021,0.0,2.287378450205324e-05,1.1798278960144389e-07,4.442490171303187e-10,1.7160445895602513e-09,4.442490171303187e-10,1.7160445895602513e-09,coordinate,,,,,100,2,2,36100,,,
instance_20_529.mat,20,Lazy SEP,Optimal,-361.32067239723693,-361.32067239723693,-361.3206663126762,-361.3206723670734,3.0163505471136887e-08,8.34812613156411e-11,-3.0163505471136887e-08,8.34812613156411e-11,2.4380845419946127,-3.398366743567749e-08,9.40540357411816e-11,1.2442474379531042e-08,1.2442474379531042e-08,1.9999999861908604,9.8300410741725e-09,203457948.0492376,1.0000000003045921,1.0000000002168723,0.9999999826913315,0.9999999811289464,0.0,6.050577042060468e-06,1.6839780212760045e-08,1.7254769167293627e-09,3.618426344849789e-09,1.7254769167293627e-09,3.618426344849789e-09,coordinate,,,,,100,2,2,36100,,,
instance_20_539.mat,20,Lazy SEP,Optimal,-341.006278070284,-341.006278070284,-341.0062650606876,-341.0062780523842,1.789982206901186e-08,5.249118042724882e-11,-1.789982206901186e-08,5.249118042724882e-11,2.1267866250127554,8.141114449244924e-10,2.387379638672511e-12,2.4574896511790955e-08,2.4574896511790955e-08,1.9999999685774048,2.1240887820323816e-08,94158021.33580096,1.0000000008026106,1.000000001168644,0.9999999627216535,0.9999999428838795,0.0,1.3010410498281999e-05,3.815060667051912e-08,3.335195349063458e-10,1.6599565674590787e-09,3.335195349063458e-10,1.6599565674590787e-09,coordinate,,,,,100,2,2,36100,,,
instance_20_540.mat,20,Lazy SEP,Optimal,-341.1514105193965,-341.1514105193965,-341.15140066687013,-341.1514101042659,4.151306143285183e-07,1.2168515255337501e-09,-4.151306143285183e-07,1.2168515255337501e-09,2.2313022920279764,5.405922820500564e-09,1.584611012532573e-11,2.1507650744688908e-08,2.1507650744688908e-08,1.9999999792863248,1.7687126850576813e-08,113076589.32864502,1.0000000002280924,1.0000000002611162,0.9999999739965246,0.9999999555200589,0.0,9.857932298018568e-06,2.8880215855469525e-08,3.0811796100649325e-09,1.1388710624399569e-08,3.0811796100649325e-09,1.1388710624399569e-08,coordinate,,,,,100,2,2,36100,,,
instance_20_556.mat,20,Lazy SEP,Optimal,-264.82599103858234,-264.82599103858234,-264.8259161046369,-264.8259910096561,2.892625161621254e-08,1.0922738928596434e-10,-2.892625161621254e-08,1.0922738928596434e-10,2.385558082954958,-1.4798615666222759e-09,5.588052595663375e-12,1.7740085468235393e-07,1.7740085468235393e-07,1.999999793221847,1.4052637030937994e-07,14232202.744713956,1.0000000025499471,1.0000000019663964,0.9999997395145623,0.9999996540016987,0.0,7.493246556578015e-05,2.829554045412019e-07,3.860726656273344e-08,5.144106303187239e-08,3.860726656273344e-08,5.144106303187239e-08,coordinate,,,,,100,2,2,36100,,,
instance_20_562.mat,20,Lazy SEP,Optimal,-362.0006890534117,-362.0006890534117,-362.0006848745976,-362.00068906209344,0.0,0.0,8.681752206030069e-09,2.3982695249900203e-11,2.1372615000000224,5.843673989147646e-09,1.6142715099322467e-11,9.07211594902684e-09,9.07211594902684e-09,1.9999999922592968,5.36785643128286e-09,372588204.9683133,1.0000000006333245,0.9999999976951148,0.9999999888066591,0.9999999808119993,0.0,4.184657768746547e-06,1.1543663371703783e-08,1.2212308074521783e-10,2.6903431534387877e-10,1.2212308074521783e-10,2.6903431534387877e-10,coordinate,,,,,100,2,2,36100,,,
instance_20_566.mat,20,Lazy SEP,Optimal,-317.1539434752388,-317.1539434752388,-317.1539345372546,-317.1539427022707,7.729681215096207e-07,2.4372016726002613e-09,-7.729681215096207e-07,2.4372016726002613e-09,2.071799124998506,7.513961008953629e-09,2.3691841654619903e-11,1.976757664813503e-08,1.976757664813503e-08,1.9999999801071269,1.3267908696480827e-08,150739655.04734033,1.0000000011598305,1.0000000013408776,0.999999972751633,0.9999999608114069,0.0,8.945498166212928e-06,2.818184792932203e-08,7.601146011985797e-11,4.723863847794153e-10,7.601146011985797e-11,4.723863847794153e-10,coordinate,,,,,100,2,2,36100,,,
instance_20_586.mat,20,Lazy SEP,Optimal,-319.26154799224724,-319.26154799224724,-319.2615318726033,-319.2615477910173,2.0122996602367493e-07,6.302981592652099e-10,-2.0122996602367493e-07,6.302981592652099e-10,2.132963708951138,5.684682946593966e-09,1.7805723809658437e-11,3.4717256903507904e-08,3.4717256903507904e-08,1.999999960468358,2.8846697529700557e-08,69332025.21394895,1.0000000008027434,0.9999999992322779,0.9999999516734996,0.9999999352243327,0.0,1.6125328613725287e-05,5.049040209242528e-08,1.5474541401825628e-09,2.90879687429953e-09,1.5474541401825628e-09,2.90879687429953e-09,coordinate,,,,,100,2,2,36100,,,
instance_20_591.mat,20,Lazy SEP,Optimal,-333.151486837269,-333.151486837269,-333.15144693079867,-333.15147547768015,1.1359588825143874e-05,3.4097367936084206e-08,-1.1359588825143874e-05,3.4097367936084206e-08,2.146915125020314,1.7109869077103212e-10,5.135762484368167e-13,9.51064577010988e-08,9.51064577010988e-08,1.999999917978056,7.661218630346889e-08,26105506.37539369,1.0000000002143392,1.0000000003230407,0.9999998965512407,0.9999998104616384,0.0,3.9906641404741094e-05,1.197847582338512e-07,1.7282558883134624e-08,7.040518614658243e-08,1.7282558883134624e-08,7.040518614658243e-08,coordinate,,,,,100,2,2,36100,,,
instance_20_60.mat,20,Lazy SEP,Optimal,-339.60158435610947,-339.60158435610947,-339.6015786242511,-339.6015843499224,6.1870650824857876e-09,1.8218598992158918e-11,-6.1870650824857876e-09,1.8218598992158918e-11,2.2522106670076028,1.3529870557249524e-09,3.984042236699925e-12,1.1891690532051631e-08,1.1891690532051631e-08,1.9999999874739884,9.236946236927822e-09,216521774.20696798,1.0000000003214855,1.0000000003302016,0.9999999838941188,0.9999999776305629,0.0,5.733211366987234e-06,1.687818503791498e-08,2.5500268606773457e-10,5.531959228180516e-10,2.5500268606773457e-10,5.531959228180516e-10,coordinate,,,,,100,2,2,36100,,,
instance_20_603.mat,20,Lazy SEP,Optimal,-350.82327611470555,-350.82327611470555,-350.8232591545671,-350.82327212956875,3.985136800110922e-06,1.1359385398384849e-08,-3.985136800110922e-06,1.1359385398384849e-08,2.317661999957636,-2.225499429187039e-08,6.343648157653563e-11,3.3611689031988464e-08,3.3611689031988464e-08,1.9999999641107622,2.3590176303316795e-08,84781052.01060158,1.0000000003101943,1.0000000011594978,0.9999999533376567,0.9999999339859766,0.0,1.6937883458467695e-05,4.834382325081036e-08,5.94240379125921e-10,7.239108372931667e-10,5.94240379125921e-10,7.239108372931667e-10,coordinate,,,,,100,2,2,36100,,,
instance_20_61.mat,20,Lazy SEP,Optimal,-321.01448428129123,-321.01448428129123,-321.01446238930936,-321.0144838701665,4.111247449145594e-07,1.2807046567852322e-09,-4.111247449145594e-07,1.2807046567852322e-09,2.2436335829552263,1.7009654129651608e-08,5.298718582039674e-11,4.9255247328707966e-08,4.9255247328707966e-08,1.9999999440074772,4.2377174338593366e-08,47195217.12390472,1.00000000022983,1.0000000020131088,0.999999931886083,0.9999999013187564,0.0,2.1908991527652688e-05,6.81962433020313e-08,5.120460444540953e-10,1.0433010980422205e-09,5.120460444540953e-10,1.0433010980422205e-09,coordinate,,,,,100,2,2,36100,,,
instance_20_628.mat,20,Lazy SEP,Optimal,-310.1017521635019,-310.1017521635019,-310.1017117753619,-310.10175083797384,1.325528046436375e-06,4.274493894950607e-09,-1.325528046436375e-06,4.274493894950607e-09,1.8889828330138698,-7.355481557169696e-09,2.3719574319888078e-11,1.0883085417132369e-07,1.0883085417132369e-07,1.9999998970180202,9.616616215134189e-08,20797335.073749874,1.0000000003543028,1.0000000007344627,0.9999998808596253,0.9999997763820015,0.0,4.038078452595073e-05,1.302415730505552e-07,4.977293986915842e-10,3.7250634332151333e-09,4.977293986915842e-10,3.7250634332151333e-09,coordinate,,,,,100,2,2,36100,,,
instance_20_66.mat,20,Lazy SEP,Optimal,-336.49016149757955,-336.49016149757955,-336.4901502959402,-336.49016097940506,5.181744882065686e-07,1.5399394915452705e-09,-5.181744882065686e-07,1.5399394915452705e-09,1.9322568750358187,4.008109044661978e-08,1.191151927540327e-10,2.3394476029573385e-08,2.3394476029573385e-08,1.9999999771969805,1.5528242474951083e-08,128797575.15528369,1.0000000009851027,1.0000000008492556,0.9999999685982729,0.9999999528100233,0.0,1.12417204150006e-05,3.328964887026736e-08,6.152244420290151e-11,4.1523658251161965e-10,6.152244420290151e-11,4.1523658251161965e-10,coordinate,,,,,100,2,2,36100,,,
instance_20_661.mat,20,Lazy SEP,Optimal,-340.72948826325364,-340.72948826325364,-340.72939160987715,-340.7294859761602,2.2870934230923012e-06,6.712343668139613e-09,-2.2870934230923012e-06,6.712343668139613e-09,2.3608078749966808,-7.970072601892753e-08,2.33912029232261e-10,1.8978508880632304e-07,1.8978508880632304e-07,1.9999997893537809,1.3687920113393585e-07,14611422.135615679,1.0000000012484664,1.0000000017003727,0.9999997269161913,0.9999996339747113,0.0,9.657367576210163e-05,2.8366601605507196e-07,1.994787465851161e-09,5.718884466248832e-09,1.994787465851161e-09,5.718884466248832e-09,coordinate,,,,,100,2,2,36100,,,
instance_20_690.mat,20,Lazy SEP,Optimal,-369.87025639468067,-369.87025639468067,-369.8702322618851,-369.87025617371603,2.2096463681009482e-07,5.974112083625025e-10,-2.2096463681009482e-07,5.974112083625025e-10,2.0747389580355957,-9.03797854334698e-08,2.4435537562400654e-10,5.138935386853544e-08,5.138935386853544e-08,1.9999999492597094,3.610657903361682e-08,55391565.82509855,1.0000000009953434,0.9999999990484167,0.9999999330303986,0.9999999317743984,0.0,2.4042415759595315e-05,6.524665102910354e-08,3.206423585845608e-10,1.3492275169981326e-09,3.206423585845608e-10,1.3492275169981326e-09,coordinate,,,,,100,2,2,36100,,,
instance_20_695.mat,20,Lazy SEP,Optimal,-325.58015260628844,-325.58015260628844,-325.5801389860644,-325.58015216198237,4.443060674930166e-07,1.3646595590557967e-09,-4.443060674930166e-07,1.3646595590557967e-09,1.904212458000984,-1.692257001195685e-08,5.197666343138755e-11,3.0545078323693414e-08,3.0545078323693414e-08,1.9999999707163494,2.263816715161691e-08,88346373.50813541,1.0000000006645742,1.0000000008216114,0.999999961068254,0.999999938035617,0.0,1.3603301454168104e-05,4.183370489616569e-08,1.8845134221840646e-10,9.965760503708638e-10,1.8845134221840646e-10,9.965760503708638e-10,coordinate,,,,,100,2,2,36100,,,
instance_20_700.mat,20,Lazy SEP,Optimal,-355.9390480062267,-355.9390480062267,-355.9389673583139,-355.93896646827017,8.153795653242923e-05,2.290784250538391e-07,-8.153795653242923e-05,2.290784250538391e-07,2.1881993749993853,5.350483434085618e-08,1.5032021533057586e-10,1.681262357196281e-07,1.681262357196281e-07,1.999999831775627,1.1278571739665131e-07,17732740.2612683,1.0000000010162344,0.9999999975111966,0.999999771218671,0.9999997422976992,0.0,8.070141763028005e-05,2.2657787407053008e-07,1.2602134867600607e-09,4.784644841507726e-09,1.2602134867600607e-09,4.784644841507726e-09,coordinate,,,,,100,2,2,36100,,,
instance_20_701.mat,20,Lazy SEP,Optimal,-318.48714322443664,-318.48714322443664,-318.48713976381964,-318.4871432280461,0.0,0.0,3.6094434108235873e-09,1.1333089851727925e-11,2.0920400409959257,2.747560756688472e-08,8.62691262470296e-11,8.279125591664115e-09,8.279125591664115e-09,1.999999992564145,5.171761259896404e-09,386715451.8660452,1.0000000004328466,1.000000000362902,0.9999999893620434,0.9999999842774108,0.0,3.488092602310644e-06,1.086579809692687e-08,2.4758158197191182e-11,1.3944556390030824e-10,2.4758158197191182e-11,1.3944556390030824e-10,coordinate,,,,,100,2,2,36100,,,
instance_20_702.mat,20,Lazy SEP,Optimal,-385.1395222372643,-385.1395222372643,-385.1394842234581,-385.13952216888754,6.837677801740938e-08,1.7753768198135225e-10,-6.837677801740938e-08,1.7753768198135225e-10,2.364510875020642,-2.1614653178403387e-08,5.612161809010016e-11,6.619072360083202e-08,6.619072360083202e-08,1.9999999182624393,3.839263821679409e-08,52093318.176493004,1.0000000007276237,1.0000000010260948,0.9999998986551023,0.9999999151138316,0.0,3.799219155098399e-05,9.870139004000757e-08,5.546156256475143e-09,5.674443935357232e-09,5.546156256475143e-09,5.674443935357232e-09,coordinate,,,,,100,2,2,36100,,,
instance_20_705.mat,20,Lazy SEP,Optimal,-288.6374468094495,-288.6374468094495,-288.63743701115646,-288.63744685090796,0.0,0.0,4.145846332903602e-08,1.4363508193879939e-10,1.998782874958124,4.846020829063491e-08,1.6789300496628564e-10,2.3738936031195447e-08,2.3738936031195447e-08,1.9999999713509427,1.953962874248616e-08,102356088.62937224,1.0000000007969854,1.0000000003646365,0.9999999653379752,0.9999999474124254,0.0,9.846753243891726e-06,3.394671462039939e-08,6.335529084862401e-11,3.937446110434181e-10,6.335529084862401e-11,3.937446110434181e-10,coordinate,,,,,100,2,2,36100,,,
instance_20_716.mat,20,Lazy SEP,Optimal,-353.9805060061224,-353.9805060061224,-353.9804776490878,-353.98050538078206,6.253403626033105e-07,1.7665954819345182e-09,-6.253403626033105e-07,1.7665954819345182e-09,2.192832249973435,-3.091781763941981e-08,8.734327770830707e-11,6.383209062316235e-08,6.383209062316235e-08,1.999999941790417,4.2101219417410506e-08,47504560.90027974,1.0000000010873091,1.000000001345547,0.9999999179420787,0.9999999151063897,0.0,2.8326116819243907e-05,8.010902904464707e-08,1.646750819039866e-09,2.6150833065250768e-09,1.646750819039866e-09,2.6150833065250768e-09,coordinate,,,,,100,2,2,36100,,,
instance_20_719.mat,20,Lazy SEP,Optimal,-299.07069549170456,-299.07069549170456,-299.0706733674237,-299.07069209455676,3.3971477932936978e-06,1.1359012582989515e-08,-3.3971477932936978e-06,1.1359012582989515e-08,2.2899815409909934,4.0375880416831933e-10,1.3500446892815633e-12,4.698167945811585e-08,4.698167945811585e-08,1.9999999457406026,4.083259023614435e-08,48980481.86936314,1.0000000003458793,1.0000000005282819,0.9999999344608014,0.9999999026610716,0.0,2.212468461948447e-05,7.397675932209136e-08,7.835276542161873e-10,2.22887549198254e-09,7.835276542161873e-10,2.22887549198254e-09,coordinate,,,,,100,2,2,36100,,,
instance_20_720.mat,20,Lazy SEP,Optimal,-282.3243210738535,-282.3243210738535,-282.32410930294924,-282.32416126352723,0.0001598103262949735,5.6605228230822e-07,-0.0001598103262949735,5.6605228230822e-07,2.550212999980431,-1.577859620738309e-08,5.5888193221778965e-11,4.975948301829344e-07,4.975948301829344e-07,1.9999994702528807,4.515602185499943e-07,4429086.948082101,1.0000000013100767,1.000000001646141,0.9999993887751506,0.9999990118488511,0.0,0.00021175512569016064,7.500979847604792e-07,3.2197158346576604e-09,8.237389375796065e-09,3.2197158346576604e-09,8.237389375796065e-09,coordinate,,,,,100,2,2,36100,,,
instance_20_725.mat,20,Lazy SEP,Optimal,-281.713582649447,-281.713582649447,-281.713577393517,-281.71358263600905,1.3437954748951597e-08,4.770076977677447e-11,-1.3437954748951597e-08,4.770076977677447e-11,2.045676750014536,3.798089664996951e-08,1.3482096352177452e-10,1.3831714719276032e-08,1.3831714719276032e-08,1.999999986044878,7.741118668388399e-09,258360589.95091626,1.0000000010009171,0.9999999976489832,0.9999999816500151,0.9999999721081394,0.0,5.2939108741156815e-06,1.8656998814309847e-08,7.878898575230942e-11,3.108927467126134e-10,7.878898575230942e-11,3.108927467126134e-10,coordinate,,,,,100,2,2,36100,,,
instance_20_727.mat,20,Lazy SEP,Optimal,-382.3869217632092,-382.3869217632092,-382.3869116230002,-382.3869216414251,1.2178412589491927e-07,3.184840248546297e-10,-1.2178412589491927e-07,3.184840248546297e-10,2.0521162080112845,-4.7123876356636174e-08,1.2323610896352085e-10,2.1227040401962994e-08,2.1227040401962994e-08,1.9999999824243466,1.2829946632077177e-08,155885292.416103,1.000000000627761,1.0000000010156744,0.9999999735505524,0.9999999619581759,0.0,1.0093085165863158e-05,2.65181899931689e-08,6.469666153448208e-11,3.1181111182262146e-10,6.469666153448208e-11,3.1181111182262146e-10,coordinate,,,,,100,2,2,36100,,,
instance_20_731.mat,20,Lazy SEP,Optimal,-347.42821999719274,-347.42821999719274,-347.4282183745245,-347.4282199237409,7.345181529672118e-08,2.1141580064312185e-10,-7.345181529672118e-08,2.1141580064312185e-10,2.0095775420195423,-7.437563454004703e-09,2.1407482253643067e-11,3.158504288658757e-09,3.158504288658757e-09,1.999999996672762,2.1235287860706863e-09,941828530.7888393,1.000000000129189,1.0000000003006704,0.9999999955452422,0.9999999937340281,0.0,1.6152307011907396e-06,4.670513709732202e-09,1.5552322775967686e-11,8.772661261020094e-11,1.5552322775967686e-11,8.772661261020094e-11,coordinate,,,,,100,2,2,36100,,,
instance_20_757.mat,20,Lazy SEP,Optimal,-331.9824778555024,-331.9824778555024,-331.98247513788834,-331.98247744593255,4.0956985003504087e-07,1.2337092387547902e-09,-4.0956985003504087e-07,1.2337092387547902e-09,1.9776069169747643,1.0846918030438246e-08,3.26731642600711e-11,6.614323230507551e-09,6.614323230507551e-09,1.999999995080799,4.2703382219848334e-09,468346976.54257655,1.000000000229248,1.0000000003115395,0.9999999919591793,0.9999999881107416,0.0,2.7284609700473084e-06,8.18601653187169e-09,2.2390996066816438e-11,8.817147515241697e-11,2.2390996066816438e-11,8.817147515241697e-11,coordinate,,,,,100,2,2,36100,,,
instance_20_765.mat,20,Lazy SEP,Optimal,-225.1059312443796,-225.1059312443796,-225.10592789205327,-225.105931244951,0.0,0.0,5.713900463888422e-10,2.538316263941882e-12,1.9215415829676203,7.962654535731417e-09,3.5372921947076535e-11,9.812080614461755e-09,9.812080614461755e-09,1.9999999908175434,6.258229511570997e-09,319579201.61280334,1.0000000007390735,1.0000000010034193,0.9999999870099497,0.9999999816314529,0.0,3.3602889857320406e-06,1.4892216800617995e-08,1.1104779278742725e-10,2.25606420188379e-10,1.1104779278742725e-10,2.25606420188379e-10,coordinate,,,,,100,2,2,36100,,,
instance_20_772.mat,20,Lazy SEP,Optimal,-316.4124247537926,-316.4124247537926,-316.4123847105806,-316.4124245125248,2.4126779862854164e-07,7.625105076587222e-10,-2.4126779862854164e-07,7.625105076587222e-10,2.2594275000155903,5.837813432663097e-08,1.8450013261033054e-10,1.0052772290217746e-07,1.0052772290217746e-07,1.9999999071205306,6.446394443816665e-08,31025093.5550324,1.0000000010497152,1.0000000006963958,0.9999998689250129,0.9999998709193973,0.0,4.010159011613723e-05,1.2655385455539268e-07,3.0249554353349237e-10,9.842644448013697e-10,3.0249554353349237e-10,9.842644448013697e-10,coordinate,,,,,100,2,2,36100,,,
instance_20_815.mat,20,Lazy SEP,Optimal,-339.6959583782452,-339.6959583782452,-339.6959252358261,-339.69595836789773,1.0347491752327187e-08,3.0461038752793884e-11,-1.0347491752327187e-08,3.0461038752793884e-11,2.1877103750011884,2.704382495721802e-09,7.961185374806613e-12,6.668342841431451e-08,6.668342841431451e-08,1.999999926346198,5.339510470885026e-08,37456615.86865841,1.0000000011136378,1.0000000017228519,0.9999999069837278,0.9999998622746051,0.0,3.3145123495614826e-05,9.756494976079647e-08,6.627853846264894e-10,1.938479488318166e-09,6.627853846264894e-10,1.938479488318166e-09,coordinate,,,,,100,2,2,36100,,,
instance_20_844.mat,20,Lazy SEP,Optimal,-338.3475321023639,-338.3475321023639,-338.3475242175324,-338.3475320801536,2.2210315364645794e-08,6.564349746143935e-11,-2.2210315364645794e-08,6.564349746143935e-11,2.3141356660053134,2.2505162178276805e-08,6.651492930490202e-11,1.7824341944845676e-08,1.7824341944845676e-08,1.999999981621242,1.332602029641912e-08,150082315.4350642,1.0000000003468206,0.9999999991995042,0.9999999760766881,0.9999999690865902,0.0,7.907336680545995e-06,2.330394275192241e-08,5.7656895967664323e-11,2.734188082972393e-10,5.7656895967664323e-11,2.734188082972393e-10,coordinate,,,,,100,2,2,36100,,,
instance_20_846.mat,20,Lazy SEP,Optimal,-209.55851808025363,-209.55851808025363,-209.55851194845982,-209.55851787311525,2.0713838466690504e-07,9.88451276352213e-10,-2.0713838466690504e-07,9.88451276352213e-10,2.283242749981582,4.007958409601997e-08,1.912572414769171e-10,2.5081591480194262e-08,2.5081591480194262e-08,1.9999999748906738,1.8466475790053025e-08,108304367.2018878,1.000000000354164,1.0000000007327499,0.9999999669131311,0.9999999689557779,0.0,6.171873394578142e-06,2.9260532411924473e-08,3.341260388213616e-09,4.369107543956589e-09,3.341260388213616e-09,4.369107543956589e-09,coordinate,,,,,100,2,2,36100,,,
instance_20_85.mat,20,Lazy SEP,Optimal,-391.0017429362871,-391.0017429362871,-391.00170831760556,-391.0017423099934,6.262936835810251e-07,1.6017669867090038e-09,-6.262936835810251e-07,1.6017669867090038e-09,2.119726417004131,-1.4683223525935318e-09,3.755283394817992e-12,7.168146762554413e-08,7.168146762554413e-08,1.9999999357077929,4.8068622183188845e-08,41607182.5001728,1.000000000630607,1.0000000009951002,0.9999999090485138,0.9999999187570958,0.0,3.4617213202636776e-05,8.853843275739672e-08,1.9170278159629005e-09,3.911764156747797e-09,1.9170278159629005e-09,3.911764156747797e-09,coordinate,,,,,100,2,2,36100,,,
instance_20_858.mat,20,Lazy SEP,Optimal,-344.0333981059962,-344.0333981059962,-344.033394180716,-344.0333962832559,1.8227402733828058e-06,5.298149201262205e-09,-1.8227402733828058e-06,5.298149201262205e-09,1.996594125055708,1.373501845591818e-08,3.992350315851149e-11,8.739054374303117e-09,8.739054374303117e-09,1.9999999924951197,4.935012467836865e-09,405267464.98206276,1.0000000008031584,0.9999999982923683,0.9999999892059374,0.9999999822234351,0.0,3.93901518691564e-06,1.1409590435316831e-08,7.701947413174537e-11,1.5523309030642875e-10,7.701947413174537e-11,1.5523309030642875e-10,coordinate,,,,,100,2,2,36100,,,
instance_20_864.mat,20,Lazy SEP,Optimal,-339.88956530215773,-339.88956530215773,-339.8895462597319,-339.88956513565915,1.6649858025630238e-07,4.898608173166103e-10,-1.6649858025630238e-07,4.898608173166103e-10,1.8675931670004502,5.5170517043734435e-09,1.62318949081854e-11,4.115890956744801e-08,4.115890956744801e-08,1.9999999590388629,3.3433360635366734e-08,59820488.30960797,1.0000000013574315,1.00000000122935,0.9999999486699971,0.9999999134461913,0.0,1.9047942885208613e-05,5.6025332276899266e-08,2.1935015915718233e-10,1.6099384843405953e-09,2.1935015915718233e-10,1.6099384843405953e-09,coordinate,,,,,100,2,2,36100,,,
instance_20_872.mat,20,Lazy SEP,Optimal,-266.72299919874564,-266.72299919874564,-266.7229370702739,-266.7229992272767,0.0,0.0,2.8531076168292202e-08,1.0696893875274945e-10,1.9553339999984019,6.9562872795359e-08,2.6080567856664286e-10,1.5944827846395104e-07,1.5944827846395104e-07,1.9999998364426155,1.3427459592379453e-07,14894849.041867044,1.0000000013738648,1.0000000021713695,0.9999998014187749,0.9999996600746732,0.0,6.219803464091456e-05,2.3293256282644328e-07,9.723205192380124e-09,2.0188786277953373e-08,9.723205192380124e-09,2.0188786277953373e-08,coordinate,,,,,100,2,2,36100,,,
instance_20_879.mat,20,Lazy SEP,Optimal,-331.28556159783363,-331.28556159783363,-331.2855493685126,-331.28556161188806,0.0,0.0,1.405442162649706e-08,4.242388819517066e-11,2.3184689579647966,2.369938556512352e-08,7.153763493590931e-11,2.97056405475176e-08,2.97056405475176e-08,1.9999999724234594,1.781744557869085e-08,112249534.51326387,1.0000000001735976,1.0000000016352952,0.9999999616942458,0.9999999624250215,0.0,1.225302042939802e-05,3.691474202754047e-08,1.9174043872634234e-10,5.676135973113547e-10,1.9174043872634234e-10,5.676135973113547e-10,coordinate,,,,,100,2,2,36100,,,
instance_20_884.mat,20,Lazy SEP,Optimal,-387.6156490932802,-387.6156490932802,-387.615558585825,-387.6156009229469,4.817033328663456e-05,1.242734481936314e-07,-4.817033328663456e-05,1.242734481936314e-07,1.9655753340339288,-6.146382247607107e-08,1.5856899126711915e-10,2.1207143106535023e-07,2.1207143106535023e-07,1.9999997997254089,1.849078896269955e-07,10816195.045867965,1.000000000864161,0.9999999968097364,0.9999997637519922,0.9999995646640784,0.0,9.044599136132092e-05,2.334979389906321e-07,1.6475004924209648e-09,8.723942490708044e-09,1.6475004924209648e-09,8.723942490708044e-09,coordinate,,,,,100,2,2,36100,,,
instance_20_891.mat,20,Lazy SEP,Optimal,-252.28987106949916,-252.28987106949916,-252.28986331459518,-252.28987077185394,2.9764521514152875e-07,1.1797747324526374e-09,-2.9764521514152875e-07,1.1797747324526374e-09,2.0885041669826023,2.769172624539351e-08,1.0976154582823175e-10,1.785235367101891e-08,1.785235367101891e-08,1.9999999805723823,1.5561482442609256e-08,128522458.44497025,1.000000001550691,0.9999999997688749,0.9999999789036109,0.9999999608896148,0.0,7.782595702110484e-06,3.073807102516938e-08,1.1318182789642542e-10,7.444230677783765e-10,1.1318182789642542e-10,7.444230677783765e-10,coordinate,,,,,100,2,2,36100,,,
instance_20_893.mat,20,Lazy SEP,Optimal,-271.32873257570225,-271.32873257570225,-271.32872619024215,-271.32873118442035,1.3912818985772901e-06,5.1276615099696995e-09,-1.3912818985772901e-06,5.1276615099696995e-09,2.0102992500178516,1.0391545401944313e-09,3.82987282743637e-12,1.5189585909284882e-08,1.5189585909284882e-08,1.9999999854099455,9.289646710719284e-09,215293438.78084773,1.0000000012087067,1.0000000010780727,0.9999999798763012,0.999999971137035,0.0,6.386499251220812e-06,2.3534035765633622e-08,5.5810707509477975e-11,2.942814532475325e-10,5.5810707509477975e-11,2.942814532475325e-10,coordinate,,,,,100,2,2,36100,,,
instance_20_927.mat,20,Lazy SEP,Optimal,-331.8137069380623,-331.8137069380623,-331.8137014413838,-331.8137069090452,2.901708739955211e-08,8.744993589119138e-11,-2.901708739955211e-08,8.744993589119138e-11,1.903719457972329,-1.250816694664536e-08,3.7696353963400875e-11,1.2584392532563592e-08,1.2584392532563592e-08,1.9999999885884703,8.898117144257595e-09,224766650.76039952,1.000000000864079,1.0000000009153855,0.9999999842116085,0.9999999750619342,0.0,5.484170344516315e-06,1.6565555902393728e-08,5.7916194192916826e-11,3.286565181403506e-10,5.7916194192916826e-11,3.286565181403506e-10,coordinate,,,,,100,2,2,36100,,,
instance_20_931.mat,20,Lazy SEP,Optimal,-226.4932042925643,-226.4932042925643,-226.49318924500622,-226.49320428567708,6.88720547259436e-09,3.040800051421439e-11,-6.88720547259436e-09,3.040800051421439e-11,2.026389584003482,5.527411417460826e-08,2.4404314622707153e-10,4.424495963219968e-08,4.424495963219968e-08,1.9999999631111984,2.4653515750160818e-08,81124330.63824384,1.00000000361925,1.0000000015658432,0.9999999487217921,0.9999999209950768,0.0,1.5102832179536563e-05,6.643712826776394e-08,6.567166255244672e-11,4.6186796693996933e-10,6.567166255244672e-11,4.6186796693996933e-10,coordinate,,,,,100,2,2,36100,,,
instance_20_948.mat,20,Lazy SEP,Optimal,-280.76527124618343,-280.76527124618343,-280.7652526756599,-280.76526314223423,8.103949198812188e-06,2.8863787757091943e-08,-8.103949198812188e-06,2.8863787757091943e-08,2.0228875830071047,5.0129358442063676e-08,1.7854543839971128e-10,5.042614839530522e-08,5.042614839530522e-08,1.9999999784710747,3.790077659753722e-08,52769366.69949486,1.0000000112731662,0.9999999864520144,0.9999999562090071,0.9999998923715312,0.0,1.862065289515158e-05,6.614252344773197e-08,1.5699976874117283e-09,1.9232243541048057e-09,1.5699976874117283e-09,1.9232243541048057e-09,coordinate,,,,,100,2,2,36100,,,
instance_20_952.mat,20,Lazy SEP,Optimal,-353.50746872666036,-353.50746872666036,-353.5074538874378,-353.5074686670349,5.962544946669368e-08,1.6866814633780022e-10,-5.962544946669368e-08,1.6866814633780022e-10,2.389332666993141,-4.428011379786767e-08,1.252593444697657e-10,2.9823571635742956e-08,2.9823571635742956e-08,1.9999999689655725,2.0643209630035542e-08,96884157.29962866,1.000000000501783,1.0000000005275183,0.9999999585233249,0.9999999473900005,0.0,1.4794942444495973e-05,4.1977111860592256e-08,4.97005201286659e-10,1.8075812793367105e-09,4.97005201286659e-10,1.8075812793367105e-09,coordinate,,,,,100,2,2,36100,,,
instance_20_958.mat,20,Lazy SEP,Optimal,-299.03027258508416,-299.03027258508416,-299.0302533625733,-299.0302655240438,7.061040378175676e-06,2.3613128922144738e-08,-7.061040378175676e-06,2.3613128922144738e-08,2.25506245798897,-1.97400140677928e-09,6.601343033647572e-12,4.757785058513573e-08,4.757785058513573e-08,1.9999999502500947,3.528659087648861e-08,56678752.48279343,1.0000000001745455,1.0000000013111146,0.9999999344742276,0.9999999290154769,0.0,1.922053684211278e-05,6.428282553917716e-08,9.853544857290242e-10,3.0959118661892676e-09,9.853544857290242e-10,3.0959118661892676e-09,coordinate,,,,,100,2,2,36100,,,
instance_20_962.mat,20,Lazy SEP,Optimal,-308.4573225345129,-308.4573225345129,-308.4573175121941,-308.4573224149945,1.1951840406254632e-07,3.874714436360108e-10,-1.1951840406254632e-07,3.874714436360108e-10,2.0173148750327528,-4.064361291966634e-09,1.3176413704725319e-11,1.2019769736718033e-08,1.2019769736718033e-08,1.9999999879246924,7.675344672786525e-09,260574615.62812066,1.0000000005734841,0.9999999998784981,0.9999999836011215,0.9999999756554229,0.0,5.018254455535498e-06,1.628205411225251e-08,1.4828444592010492e-10,3.2302320037672336e-10,1.4828444592010492e-10,3.2302320037672336e-10,coordinate,,,,,100,2,2,36100,,,
instance_20_974.mat,20,Lazy SEP,Optimal,-382.64759672182515,-382.64759672182515,-382.647587798383,-382.64759240325145,4.318573701311834e-06,1.1286033777056033e-08,-4.318573701311834e-06,1.1286033777056033e-08,1.937211791984737,-3.575809159883647e-08,9.344914721843052e-11,1.9101356653982827e-08,1.9101356653982827e-08,1.9999999806482858,1.6116510346511465e-08,124096342.05218627,1.0000000003513652,0.9999999994053769,0.9999999763832557,0.9999999588590271,0.0,8.887684089131653e-06,2.3320261925537718e-08,1.5829154892225972e-10,7.090063335144016e-10,1.5829154892225972e-10,7.090063335144016e-10,coordinate,,,,,100,2,2,36100,,,
instance_20_98.mat,20,Lazy SEP,Optimal,-393.50511005834977,-393.50511005834977,-393.50510616130964,-393.5049495723798,0.00016048596995688058,4.0783706705380113e-07,-0.00016048596995688058,4.0783706705380113e-07,2.180961250036489,-4.937419362249784e-10,1.2547281435602331e-12,7.612805324282554e-09,7.612805324282554e-09,1.9999999916185298,6.979562777179544e-09,286550899.45716256,1.0000000001077123,0.9999999996741695,0.9999999901210009,0.9999999829314592,0.0,3.896546388659772e-06,9.903404126106863e-09,9.887941192828625e-11,4.889221419080205e-10,9.887941192828625e-11,4.889221419080205e-10,coordinate,,,,,100,2,2,36100,,,
instance_20_998.mat,20,Lazy SEP,Optimal,-300.560543194071,-300.560543194071,-300.5605251332121,-300.5605354190991,7.774971891194582e-06,2.5868238753395874e-08,-7.774971891194582e-06,2.5868238753395874e-08,2.2328252919833176,-8.614506441517733e-09,2.8661468168678992e-11,3.8375127654467956e-08,3.8375127654467956e-08,1.9999999570575027,2.5128351978929974e-08,79591369.88905977,1.000000001577451,1.0000000021930782,0.999999943466731,0.9999999235866452,0.0,1.8052244399768824e-05,6.009058512563474e-08,1.9459297541379872e-10,1.0222743277695864e-09,1.9459297541379872e-10,1.0222743277695864e-09,coordinate,,,,,100,2,2,36100,,,
instance_5_107.mat,5,Lazy SEP,Optimal,-17.264714958738054,-17.264714958738054,-17.264714375495036,-17.264714878034184,8.070387025327364e-08,4.674497693483646e-09,-8.070387025327364e-08,4.674497693483646e-09,0.025475625006947666,-2.216824412926144e-08,1.2840202796421843e-09,2.8628965288260893e-08,2.8628965288260893e-08,1.9999999738566236,2.519854308114725e-08,79369667.02463683,1.0000000020431326,1.0000000024569542,0.9999999693378331,0.999999945335063,0.0,5.61074774196868e-07,3.378237171711528e-08,1.068976355374354e-11,1.710661985568893e-11,1.068976355374354e-11,1.710661985568893e-11,coordinate,,,,,89,2,2,100,,,
instance_5_124.mat,5,Lazy SEP,Optimal,-20.63336865382663,-20.63336865382663,-20.63336844614061,-20.633368636868262,1.6958367154984444e-08,8.218903776451149e-10,-1.6958367154984444e-08,8.218903776451149e-10,0.02168408303987235,-7.764484166727925e-09,3.7630715066431665e-10,8.546948736288267e-09,8.546948736288267e-09,1.9999999916705864,8.12201138672584e-09,246244421.04812536,1.0000000014374113,1.0000000025806592,0.999999990568215,0.9999999842006699,0.0,1.9992153355019582e-07,1.0065540978855465e-08,2.0573580753618496e-11,2.605909877955236e-11,2.0573580753618496e-11,2.605909877955236e-11,coordinate,,,,,62,2,2,100,,,
instance_5_157.mat,5,Lazy SEP,Optimal,-13.602930369687563,-13.602930369687563,-13.602929958585484,-13.602930364293574,5.393989255253473e-09,3.9653141703006187e-10,-5.393989255253473e-09,3.9653141703006187e-10,0.028820292034652084,4.4561829781741835e-09,3.2758992783674263e-10,3.9627980958627225e-08,3.9627980958627225e-08,1.9999999488351428,2.974084200342629e-08,67247589.98432973,0.9999999797783348,1.0000000031900906,0.9999999385247365,0.9999999667588575,0.0,4.1555826157946285e-07,3.022158222006182e-08,4.832577951834906e-11,8.44824588968015e-11,4.832577951834906e-11,8.44824588968015e-11,coordinate,,,,,61,2,2,100,,,
instance_5_17.mat,5,Lazy SEP,Optimal,-14.207040268517865,-14.207040268517865,-14.207037599934173,-14.207038387440964,1.8810769013555273e-06,1.3240455899346645e-07,-1.8810769013555273e-06,1.3240455899346645e-07,0.025196833012159914,1.1442882197343351e-09,8.05437443765134e-11,1.251363237131043e-07,1.251363237131043e-07,1.9999998785159712,1.0795740487110721e-07,18525823.96644136,1.0000000007536465,1.0000000015401262,0.9999998534871077,0.9999997402949317,0.0,2.6697279800202978e-06,1.8783530146768288e-07,7.460840139113904e-12,1.3547342250652767e-11,7.460840139113904e-12,1.3547342250652767e-11,coordinate,,,,,75,2,2,100,,,
instance_5_198.mat,5,Lazy SEP,Optimal,-7.552100338787744,-7.552100338787744,-7.552091305660587,-7.552100265246828,7.354091557942866e-08,9.737809652994279e-09,-7.354091557942866e-08,9.737809652994279e-09,0.021259040979202837,1.1603510152724539e-08,1.5364613328994943e-09,7.617371052120679e-07,7.617371052120679e-07,1.9999993394050215,3.6875009793394885e-07,5423725.581662801,0.9999999900525638,1.0000000057087586,0.9999989931620091,0.9999987621891161,0.0,9.044730666651901e-06,1.1961079370337345e-06,7.764882524595072e-09,1.6508463842388087e-08,7.764882524595072e-09,1.6508463842388087e-08,coordinate,,,,,31,2,2,100,,,
instance_5_315.mat,5,Lazy SEP,Optimal,-9.290187956474405,-9.290187956474405,-9.290187932148928,-9.290187956991277,0.0,0.0,5.168718786308091e-10,5.5636320925223064e-11,0.022648999991361052,2.3476562915902832e-09,2.527027765842114e-10,2.569245972132422e-09,2.569245972132422e-09,1.9999999974343337,2.4175557569791556e-09,827281849.3061038,1.0000000004545564,1.0000000006034038,0.9999999970196715,0.9999999952089922,0.0,2.6673133035615137e-08,2.6184052311958057e-09,7.434778555065642e-12,1.115250593704563e-11,7.434778555065642e-12,1.115250593704563e-11,coordinate,,,,,54,2,2,100,,,
instance_5_344.mat,5,Lazy SEP,Optimal,-20.06408111939922,-20.06408111939922,-20.064080852136897,-20.064080997118772,1.2228044710127506e-07,6.094495251170342e-09,-1.2228044710127506e-07,6.094495251170342e-09,0.02137037500506267,1.827189066716528e-09,9.106766743231946e-11,1.1698047412815339e-08,1.1698047412815339e-08,1.9999999895715714,9.452637545298002e-09,211581157.10957578,1.0000000003391136,0.9999999987754384,0.9999999867053089,0.9999999746574884,0.0,2.690895115620151e-07,1.3320436700033699e-08,2.257357874842908e-12,6.72394704199148e-12,2.257357874842908e-12,6.72394704199148e-12,coordinate,,,,,51,2,2,100,,,
instance_5_345.mat,5,Lazy SEP,Optimal,-20.119221006743004,-20.119221006743004,-20.119220836830564,-20.119221001224176,5.518828061212844e-09,2.7430624969839516e-10,-5.518828061212844e-09,2.7430624969839516e-10,0.02479900000616908,-4.310805934437667e-09,2.1426306381310144e-10,6.2169482212191865e-09,6.2169482212191865e-09,1.9999999934790726,5.285845890432385e-09,378368956.4425556,1.000000000427332,1.0000000006427903,0.9999999922225027,0.9999999863254494,0.0,1.6560163373924297e-07,8.445279248969633e-09,5.412569456750495e-11,8.178951425066852e-11,5.412569456750495e-11,8.178951425066852e-11,coordinate,,,,,70,2,2,100,,,
instance_5_382.mat,5,Lazy SEP,Optimal,-24.89599481726661,-24.89599481726661,-24.89599326675442,-24.89599479121109,2.605552040790826e-08,1.0465747843840914e-09,-2.605552040790826e-08,1.0465747843840914e-09,0.027152709022630006,-2.567495727134883e-08,1.0312886654981937e-09,5.2727271776443766e-08,5.2727271776443766e-08,1.9999999437641036,4.807539058855098e-08,41601324.90406428,1.0000000016807327,0.9999999307362732,0.999999934629652,0.999999834510277,0.0,1.5248372342568928e-06,6.227958364021205e-08,4.627934279831554e-12,6.391716049666305e-12,4.627934279831554e-12,6.391716049666305e-12,coordinate,,,,,98,2,2,100,,,
instance_5_394.mat,5,Lazy SEP,Optimal,-22.381026641954058,-22.381026641954058,-22.38102620979179,-22.381026620090008,2.1864050125941503e-08,9.769011259276433e-10,-2.1864050125941503e-08,9.769011259276433e-10,0.022392166021745652,-2.877214910768089e-09,1.2855598435214958e-10,1.8286765402803e-08,1.8286765402803e-08,1.9999999809874636,1.7940126057697424e-08,111481935.77655157,1.0000000003327145,0.9999999982755166,0.9999999796919115,0.9999999603344565,0.0,4.2928505195050093e-07,1.9309313811867992e-08,3.907077616896026e-12,7.447746564736811e-12,3.907077616896026e-12,7.447746564736811e-12,coordinate,,,,,84,2,2,100,,,
instance_5_468.mat,5,Lazy SEP,Optimal,-10.512114280444873,-10.512114280444873,-10.512114007861847,-10.512114269518852,1.0926020976853579e-08,1.0393742576770378e-09,-1.0926020976853579e-08,1.0393742576770378e-09,0.021248375007417053,1.0091694591096712e-08,9.600061721046692e-10,2.3359082251405646e-08,2.3359082251405646e-08,1.9999999776658017,1.7276092922226204e-08,115766914.81513986,1.000000000308201,1.0000000024239348,0.9999999700776795,0.9999999707783804,0.0,2.8267472096388246e-07,2.5930371293609076e-08,2.075618708153229e-11,3.2670772985422036e-11,2.075618708153229e-11,3.2670772985422036e-11,coordinate,,,,,69,2,2,100,,,
instance_5_475.mat,5,Lazy SEP,Optimal,-14.62452385680226,-14.62452385680226,-14.624523253104549,-14.624523741024406,1.1577785308247712e-07,7.916692140963326e-09,-1.1577785308247712e-07,7.916692140963326e-09,0.02006474998779595,-1.666533222532962e-08,1.1395469957524891e-09,2.820290394908221e-08,2.820290394908221e-08,1.9999999735447362,2.535648682207404e-08,78875279.03919403,1.0000000022696398,1.0000000057131984,0.9999999689959446,0.9999999451772799,0.0,5.870323782630749e-07,4.127981986966423e-08,3.8691991206274976e-11,7.974298075661638e-11,3.8691991206274976e-11,7.974298075661638e-11,coordinate,,,,,57,2,2,100,,,
instance_5_489.mat,5,Lazy SEP,Optimal,-23.948445609240544,-23.948445609240544,-23.94844474432648,-23.94844552635344,8.288710517945219e-08,3.4610640929225936e-09,-8.288710517945219e-08,3.4610640929225936e-09,0.023022833047434688,-1.7391084128348666e-08,7.26188430435681e-10,3.566254262990035e-08,3.566254262990035e-08,1.9999999710284018,2.7694861076885395e-08,72215562.5000638,1.000000004424756,1.0000000070301946,0.999999961438559,0.9999999636147592,0.0,8.475229797966222e-07,3.611566604520013e-08,1.9232534648879993e-11,2.1914029819153857e-11,1.9232534648879993e-11,2.1914029819153857e-11,coordinate,,,,,87,2,2,100,,,
instance_5_504.mat,5,Lazy SEP,Optimal,-16.107629761942,-16.107629761942,-16.107629618784124,-16.10762974769476,1.4247241608700278e-08,8.845026747735834e-10,-1.4247241608700278e-08,8.845026747735834e-10,0.022303540958091617,-1.648785996621882e-09,1.0236055962234247e-10,7.33000582793613e-09,7.33000582793613e-09,1.9999999919659461,6.034482216734509e-09,331428599.85893255,0.9999999994785566,1.000000001930796,0.9999999901531251,0.9999999909412711,0.0,1.4150909066756867e-07,8.88758177211362e-09,7.756735845962747e-12,1.0106780817688192e-11,7.756735845962747e-12,1.0106780817688192e-11,coordinate,,,,,60,2,2,100,,,
instance_5_51.mat,5,Lazy SEP,Optimal,-15.663759230449715,-15.663759230449715,-15.663759039172529,-15.663759208643935,2.1805780292538657e-08,1.3921166669970961e-09,-2.1805780292538657e-08,1.3921166669970961e-09,0.0267249169992283,-1.8568973914057096e-08,1.1854736555168546e-09,1.0830821098773866e-08,1.0830821098773866e-08,1.9999999874175747,9.060283997277386e-09,220743630.99639863,0.9999999990117566,1.00000000342121,0.9999999851047319,0.9999999874736664,0.0,1.727082121760759e-07,1.2211448304076194e-08,9.942525488532919e-12,1.0202136829729447e-11,9.942525488532919e-12,1.0202136829729447e-11,coordinate,,,,,97,2,2,100,,,
instance_5_510.mat,5,Lazy SEP,Optimal,-15.4511801651499,-15.4511801651499,-15.451179448847958,-15.451180136316827,2.88330728182018e-08,1.8660757631468647e-09,-2.88330728182018e-08,1.8660757631468647e-09,0.027783875004388392,-2.7614674991127686e-09,1.7872210857661551e-10,3.564277929742044e-08,3.564277929742044e-08,1.9999999652630918,3.121459769535415e-08,64072585.03801776,1.0000000007621805,1.0000000014716806,0.9999999584446265,0.9999999276382654,0.0,7.135404747060647e-07,4.635904406970769e-08,1.2311302247061293e-11,1.5627891641081747e-11,1.2311302247061293e-11,1.5627891641081747e-11,coordinate,,,,,96,2,2,100,,,
instance_5_525.mat,5,Lazy SEP,Optimal,-19.702383875524916,-19.702383875524916,-19.702383317596425,-19.702383852614496,2.291042022761758e-08,1.1628247816284714e-09,-2.291042022761758e-08,1.1628247816284714e-09,0.02570879098493606,-1.6387474488510634e-08,8.317508476153389e-10,2.5758172337027068e-08,2.5758172337027068e-08,1.999999974411143,2.390894665179005e-08,83650693.7565735,1.0000000020607487,1.000000000643649,0.9999999710516211,0.9999999483643955,0.0,5.415410164744117e-07,2.8317816487983632e-08,1.4564886832587365e-11,1.9740687768282668e-11,1.4564886832587365e-11,1.9740687768282668e-11,coordinate,,,,,96,2,2,100,,,
instance_5_539.mat,5,Lazy SEP,Optimal,-21.79324234184069,-21.79324234184069,-21.79324199975148,-21.793242329137733,1.2702955132226634e-08,5.828850490887408e-10,-1.2702955132226634e-08,5.828850490887408e-10,0.025291499972809106,-1.0561763019723003e-08,4.846347713688087e-10,1.451536295156506e-08,1.451536295156506e-08,1.9999999881107788,1.0655871934129863e-08,187689942.2660052,1.0000000016161794,1.0000000009373518,0.999999983412774,0.9999999834262666,0.0,3.3152744549624913e-07,1.5697031361836304e-08,1.2674398406205224e-11,2.2710754008984025e-11,1.2674398406205224e-11,2.2710754008984025e-11,coordinate,,,,,87,2,2,100,,,
instance_5_615.mat,5,Lazy SEP,Optimal,-20.90623889433599,-20.90623889433599,-20.906238858701617,-20.906238815136927,7.919906153119882e-08,3.788297930176995e-09,-7.919906153119882e-08,3.788297930176995e-09,0.024486083013471216,-4.332072478518967e-10,2.0721433924170028e-11,1.4081171159063662e-09,1.4081171159063662e-09,1.9999999987493475,1.1930686361308968e-09,1676349489.1922703,1.0000000000770743,1.0000000000959346,0.9999999984674861,0.9999999972097153,0.0,3.520116464983403e-08,1.7044850619850206e-09,4.5039908962286095e-13,6.974556994386804e-13,4.5039908962286095e-13,6.974556994386804e-13,coordinate,,,,,77,2,2,100,,,
instance_5_616.mat,5,Lazy SEP,Optimal,-14.08900192470334,-14.08900192470334,-14.089001017260873,-14.089001851339507,7.336383234246568e-08,5.207170297409868e-09,-7.336383234246568e-08,5.207170297409868e-09,0.025651458010543138,-9.687978419492538e-09,6.876270207973962e-10,4.582679252232095e-08,4.582679252232095e-08,1.9999999548685958,3.846153797148294e-08,51999999.48913855,1.0000000013189758,1.0000000025526703,0.9999999442577112,0.9999999070476424,0.0,8.977544876387356e-07,6.440786018114874e-08,2.520276261991361e-11,5.294550189610605e-11,2.520276261991361e-11,5.294550189610605e-11,coordinate,,,,,87,2,2,100,,,
instance_5_678.mat,5,Lazy SEP,Optimal,-7.597390492447549,-7.597390492447549,-7.597390440265023,-7.597390490167188,2.280361677264864e-09,3.001506477167044e-10,-2.280361677264864e-09,3.001506477167044e-10,0.0266385410213843,5.005809100566694e-10,6.588853245786027e-11,5.877600227780784e-09,5.877600227780784e-09,1.9999999930505603,5.61248224539101e-09,356348564.7893082,1.0000000000944784,1.0000000016462447,0.9999999922261747,0.9999999898856989,0.0,5.268310676598276e-08,6.8684801587860915e-09,1.6043831859479041e-12,2.4088455611660824e-12,1.6043831859479041e-12,2.4088455611660824e-12,coordinate,,,,,96,2,2,100,,,
instance_5_694.mat,5,Lazy SEP,Optimal,-19.631506979446918,-19.631506979446918,-19.631506311674364,-19.63150694453478,3.491213718120889e-08,1.77837275649597e-09,-3.491213718120889e-08,1.77837275649597e-09,0.023552625032607466,-1.8093214038117367e-08,9.216416272607061e-10,2.9581707954407773e-08,2.9581707954407773e-08,1.999999973907799,2.2976286763931404e-08,87046266.19856763,1.0000000023951294,1.0000000054071347,0.9999999654521253,0.9999999611373707,0.0,6.496793396593148e-07,3.401534861264356e-08,1.5272330446190578e-10,1.5398999595213067e-10,1.5272330446190578e-10,1.5398999595213067e-10,coordinate,,,,,65,2,2,100,,,
instance_5_71.mat,5,Lazy SEP,Optimal,-9.941984415098213,-9.941984415098213,-9.941983570133758,-9.94198441019675,4.901464123463484e-09,4.930066190830037e-10,-4.901464123463484e-09,4.930066190830037e-10,0.023255000007338822,4.116603946613395e-09,4.1406260307165535e-10,5.67893532491045e-08,5.67893532491045e-08,1.9999999428768949,5.0215848032499035e-08,39828062.67819118,1.0000000005299727,1.0000000026050224,0.9999999321697297,0.9999998832483494,0.0,8.490810596839538e-07,8.498951722899007e-08,4.6384186039791186e-11,9.397350233166709e-11,4.6384186039791186e-11,9.397350233166709e-11,coordinate,,,,,58,2,2,100,,,
instance_5_711.mat,5,Lazy SEP,Optimal,-19.311029889009596,-19.311029889009596,-19.311029876744364,-19.31102988188004,7.129557388907415e-09,3.6919612417797715e-10,-7.129557388907415e-09,3.6919612417797715e-10,0.021504667005501688,-5.260076818558446e-10,2.7238717193183418e-11,5.03375807589507e-10,5.03375807589507e-10,1.999999999542358,4.416518748817233e-10,4528453547.441565,1.0000000001343303,1.0000000001843987,0.9999999994286026,0.9999999991260483,0.0,1.1739224703433138e-08,6.351412874291827e-10,1.4481982029154554e-12,1.9715683452037496e-12,1.4481982029154554e-12,1.9715683452037496e-12,coordinate,,,,,48,2,2,100,,,
instance_5_752.mat,5,Lazy SEP,Optimal,-21.789631623998382,-21.789631623998382,-21.78963121730248,-21.78963158849674,3.550164251464594e-08,1.6292906244245818e-09,-3.550164251464594e-08,1.6292906244245818e-09,0.029134417010936886,-1.819675432557233e-08,8.351106911569365e-10,1.978739538715623e-08,1.978739538715623e-08,1.9999999832839683,1.577790094674883e-08,126759572.77422793,1.000000002274811,1.0000000038135681,0.9999999783047088,0.9999999842971858,0.0,3.8849914574257127e-07,1.866465239459221e-08,3.766586274513628e-11,7.608316808099984e-11,3.766586274513628e-11,7.608316808099984e-11,coordinate,,,,,69,2,2,100,,,
instance_5_755.mat,5,Lazy SEP,Optimal,-20.840188825027198,-20.840188825027198,-20.840186194997184,-20.840188599718587,2.2530861087943777e-07,1.0811255731467382e-08,-2.2530861087943777e-07,1.0811255731467382e-08,0.025380374980159104,-4.16878407349941e-08,2.0003581102360616e-09,9.572869707358553e-08,9.572869707358553e-08,1.9999999158679103,7.557065327056094e-08,26465298.754364796,1.0000000026899913,1.0000000049495656,0.9999998911753822,0.9999998087265418,0.0,2.5883421734818057e-06,1.2619991288458814e-07,8.106202232897874e-12,1.4994295448133474e-11,8.106202232897874e-12,1.4994295448133474e-11,coordinate,,,,,91,2,2,100,,,
instance_5_800.mat,5,Lazy SEP,Optimal,-18.965916813704368,-18.965916813704368,-18.96591655779279,-18.965913035853696,3.7778506722929706e-06,1.9919156608148657e-07,-3.7778506722929706e-06,1.9919156608148657e-07,0.022334084031172097,4.2928149923682213e-10,2.2634365818088608e-11,9.709587984105758e-09,9.709587984105758e-09,1.999999991052173,7.900556460147383e-09,253146724.6820819,1.00000000019594,1.000000000308897,0.9999999886970068,0.9999999802514543,0.0,2.5634085787373806e-07,1.3493235201241892e-08,3.1771032814109e-12,8.546006451071823e-12,3.1771032814109e-12,8.546006451071823e-12,coordinate,,,,,51,2,2,100,,,
instance_5_804.mat,5,Lazy SEP,Optimal,-12.341304979284718,-12.341304979284718,-12.341304776339523,-12.341304935319208,4.396551034346885e-08,3.5624685085788245e-09,-4.396551034346885e-08,3.5624685085788245e-09,0.02488866599742323,-2.6154722831961408e-09,2.1192834044586825e-10,2.2614545096984652e-08,2.2614545096984652e-08,1.9999999689963839,1.7175043664670285e-08,116448028.19980362,0.9999999871688359,1.0000000017323238,0.9999999630683264,0.9999999826547414,0.0,2.003297225883216e-07,1.6444386976269352e-08,2.648711209808337e-11,4.257522741661384e-11,2.648711209808337e-11,4.257522741661384e-11,coordinate,,,,,73,2,2,100,,,
instance_5_868.mat,5,Lazy SEP,Optimal,-23.806851907117547,-23.806851907117547,-23.80685145956256,-23.806851889741544,1.7376002858782158e-08,7.298740264598884e-10,-1.7376002858782158e-08,7.298740264598884e-10,0.027396916004363447,-1.2523859282964622e-08,5.260611244118487e-10,1.6887649692513752e-08,1.6887649692513752e-08,1.9999999819125245,1.6060171979062968e-08,124531666.56744698,1.000000001044081,0.9999999914928828,0.9999999794320462,0.9999999600608902,0.0,4.3503112934217825e-07,1.879941919121768e-08,7.714896338553755e-12,7.714904471437372e-12,7.714896338553755e-12,7.714904471437372e-12,coordinate,,,,,99,2,2,100,,,
instance_5_89.mat,5,Lazy SEP,Optimal,-3.783704265366991,-3.783704265366991,-3.7837041998732643,-3.783704270718877,0.0,0.0,5.351886045446008e-09,1.41445674992702e-09,0.025077083031646907,8.653822547444179e-09,2.2871297386147126e-09,1.8671905506830793e-08,1.8671905506830793e-08,1.9999999798925128,1.7139949879828217e-08,116686454.3895946,1.0000000002352263,0.9999999947770895,0.9999999764608667,0.9999999562893663,0.0,7.414754898960041e-08,1.7309420041527436e-08,7.553361210522284e-12,1.4335893222045405e-11,7.553361210522284e-12,1.4335893222045405e-11,coordinate,,,,,44,2,2,100,,,
instance_5_907.mat,5,Lazy SEP,Optimal,-18.404985337543554,-18.404985337543554,-18.404985302119943,-18.40498532991768,7.625875042549524e-09,4.14337469043989e-10,-7.625875042549524e-09,4.14337469043989e-10,0.025404624990187585,-3.583096486181603e-09,1.9468075743981145e-10,1.306326479089936e-09,1.306326479089936e-09,1.999999998533906,1.2623484173783332e-09,1584348640.2015224,1.00000000021724,1.0000000005064011,0.999999998406782,0.9999999977631235,0.0,3.184051422522316e-08,1.9246747585908493e-09,1.4875984067486267e-12,2.041326587497847e-12,1.4875984067486267e-12,2.041326587497847e-12,coordinate,,,,,84,2,2,100,,,
instance_5_922.mat,5,Lazy SEP,Optimal,-23.245003753944218,-23.245003753944218,-23.2450034066055,-23.24500373931697,1.4627246969212138e-08,6.2926412591911e-10,-1.4627246969212138e-08,6.2926412591911e-10,0.024200832995120436,-4.200828129796719e-09,1.807196150305599e-10,1.2351352139139927e-08,1.2351352139139927e-08,1.9999999875564307,1.0419296976838611e-08,191951529.1676871,1.0000000011595545,1.0000000018992528,0.9999999843677778,0.9999999805188146,0.0,3.431378914342531e-07,1.49425107967605e-08,2.966453422413614e-12,6.970095539153457e-12,2.966453422413614e-12,6.970095539153457e-12,coordinate,,,,,83,2,2,100,,,
instance_5_93.mat,5,Lazy SEP,Optimal,-10.81915482859215,-10.81915482859215,-10.819154814184298,-10.819154827494184,1.0979661624332948e-09,1.0148354283013513e-10,-1.0979661624332948e-09,1.0148354283013513e-10,0.022835167008452117,6.14310380342431e-10,5.6779886236489744e-11,1.0928575275322204e-09,1.0928575275322204e-09,1.9999999986927188,1.0086055702787965e-09,1982935706.1154077,0.999999999985984,1.0000000002944671,0.9999999985031401,0.9999999980629861,0.0,1.5022163069033923e-08,1.3316985399465184e-09,6.141309683016516e-12,8.99548207634504e-12,6.141309683016516e-12,8.99548207634504e-12,coordinate,,,,,58,2,2,100,,,
instance_5_940.mat,5,Lazy SEP,Optimal,-15.463445231718666,-15.463445231718666,-15.4634439406034,-15.463445175476032,5.624263366144078e-08,3.637134727652782e-09,-5.624263366144078e-08,3.637134727652782e-09,0.026766749972011894,-9.569003367460027e-10,6.188144507300391e-11,6.720986408535519e-08,6.720986408535519e-08,1.9999999285447656,5.235932904195284e-08,38197585.13219809,1.0000000044861357,1.0000000077289388,0.9999999089405178,0.9999998918276098,0.0,1.2901583659186144e-06,8.349467061887482e-08,2.0967953294008095e-11,3.75128274595614e-11,2.0967953294008095e-11,3.75128274595614e-11,coordinate,,,,,91,2,2,100,,,
instance_5_949.mat,5,Lazy SEP,Optimal,-12.19626964054767,-12.19626964054767,-12.1962695526816,-12.196269633627725,6.9199437291445065e-09,5.673819891730247e-10,-6.9199437291445065e-09,5.673819891730247e-10,0.029546833015047014,1.0962963870042586e-09,8.988784434213524e-11,6.131933704501369e-09,6.131933704501369e-09,1.9999999937642496,5.0526432463621195e-09,395832418.0525195,1.0000000005391652,1.000000000735133,0.999999992075166,0.9999999908253618,0.0,8.896236636246613e-08,7.204339733793904e-09,2.4865616225669233e-12,4.363644489675352e-12,2.4865616225669233e-12,4.363644489675352e-12,coordinate,,,,,85,2,2,100,,,
instance_5_970.mat,5,Lazy SEP,Optimal,-13.719220356529926,-13.719220356529926,-13.71922024745676,-13.719220351071927,5.4579984976044216e-09,3.9783590872979766e-10,-5.4579984976044216e-09,3.9783590872979766e-10,0.025209042010828853,3.465656206458334e-09,2.5261320369482865e-10,8.227765054186606e-09,8.227765054186606e-09,1.9999999925645977,6.9232234581826405e-09,288882773.26954883,1.0000000010098045,1.0000000021976847,0.9999999906614632,0.9999999902977484,0.0,1.125388209288758e-07,7.950390903263099e-09,2.5917732063358476e-11,3.915438249035116e-11,2.5917732063358476e-11,3.915438249035116e-11,coordinate,,,,,88,2,2,100,,,
instance_5_988.mat,5,Lazy SEP,Optimal,-18.598373466454397,-18.598373466454397,-18.598372431415115,-18.598373389237715,7.721668282556493e-08,4.151797627079566e-09,-7.721668282556493e-08,4.151797627079566e-09,0.027645541995298117,-4.666317821033772e-08,2.508992428531634e-09,4.6066606960996775e-08,4.6066606960996775e-08,1.9999999501894643,3.753316416381658e-08,53286206.8718827,1.0000000045005781,1.0000000077332447,0.9999999394075338,0.9999999368290776,0.0,9.883761045159645e-07,5.565213993541891e-08,3.2727986987168833e-13,5.582027436164128e-13,3.2727986987168833e-13,5.582027436164128e-13,coordinate,,,,,100,2,2,100,,,
instance_5_999.mat,5,Lazy SEP,Optimal,-10.715016103783617,-10.715016103783617,-10.71501582358621,-10.715016098363064,5.420552895429864e-09,5.058837843011541e-10,-5.420552895429864e-09,5.058837843011541e-10,0.02579608396627009,1.1786465137220148e-09,1.0999950931532607e-10,2.068257669543792e-08,2.068257669543792e-08,1.9999999821708085,1.4393325345214815e-08,138953294.96152365,0.9999999992164095,1.000000001677521,0.9999999752857743,0.9999999637272146,0.0,2.8137605312394953e-07,2.614997531466948e-08,1.5294111449840574e-11,3.167987940075249e-11,1.5294111449840574e-11,3.167987940075249e-11,coordinate,,,,,84,2,2,100,,,
